booking_id,check_in,nights,lead_time_days,adults,children,country,room_type,market_segment,adr_eur,is_cancelled,revenue_eur
1,2025-02-10,12,23,2,1,UAE,Deluxe,Corporate,146.76,0,1761.12
2,2025-06-29,7,63,2,2,Egypt,Family,Corporate,189.5,0,1326.5
3,2025-07-07,12,145,1,1,Spain,Superior,OTA,151.24,0,1814.88
4,2025-10-08,11,137,2,0,Greece,Family,Corporate,201.77,0,2219.47
5,2025-05-05,6,19,1,2,UAE,Family,Corporate,142.67,0,856.02
6,2025-06-18,5,53,3,0,Portugal,Standard,Direct,94.31,0,471.55
7,2026-04-18,7,87,4,1,Greece,Family,Direct,145.96,0,1021.72
8,2025-01-11,5,29,4,0,UAE,Family,Corporate,167.92,0,839.6
9,2026-04-18,2,21,3,0,Portugal,Superior,Corporate,119.72,1,0.0
10,2025-10-13,14,41,2,0,Italy,Superior,Travel Agency,116.29,0,1628.06
11,2025-05-08,9,100,2,0,Spain,Deluxe,OTA,176.22,1,0.0
12,2026-03-28,6,45,2,0,Greece,Family,Direct,216.39,0,1298.34
13,2026-06-20,11,169,4,0,Egypt,Deluxe,Corporate,162.28,0,1785.08
14,2025-02-23,10,1,1,1,Greece,Superior,Travel Agency,101.05,0,1010.5
15,2025-09-02,4,23,1,1,Spain,Standard,Travel Agency,45.0,1,0.0
16,2025-07-16,11,171,1,0,Italy,Superior,OTA,142.96,0,1572.56
17,2025-02-15,7,131,1,0,UAE,Suite,OTA,237.77,0,1664.39
18,2025-08-01,9,101,2,0,Greece,Superior,Direct,109.06,0,981.54
19,2026-01-01,6,44,1,1,UAE,Standard,Corporate,81.03,0,486.18
20,2025-08-06,8,56,1,0,UAE,Standard,Direct,91.08,0,728.64
21,2025-08-12,7,77,3,1,Italy,Suite,OTA,251.84,0,1762.88
22,2025-09-15,2,153,2,1,France,Deluxe,OTA,143.31,0,286.62
23,2025-11-22,14,170,2,0,UAE,Standard,Corporate,77.52,0,1085.28
24,2026-01-27,9,163,4,0,Spain,Superior,Direct,94.93,0,854.37
25,2025-05-08,5,60,4,1,Greece,Suite,Direct,222.31,0,1111.55
26,2025-03-03,3,95,2,0,Greece,Superior,Corporate,92.2,0,276.6
27,2025-07-29,11,9,2,2,Portugal,Deluxe,OTA,147.23,0,1619.53
28,2025-10-12,6,164,1,2,Egypt,Deluxe,Direct,127.58,0,765.48
29,2025-08-23,14,84,2,0,Greece,Suite,Direct,167.33,0,2342.62
30,2025-09-12,13,175,4,0,Egypt,Suite,Travel Agency,230.63,0,2998.19
31,2025-07-07,8,161,1,0,Portugal,Standard,OTA,49.06,0,392.48
32,2025-02-23,11,36,2,0,Italy,Superior,OTA,112.74,0,1240.14
33,2025-08-30,9,20,2,1,Turkey,Superior,OTA,94.84,1,0.0
34,2025-09-08,7,45,3,0,Turkey,Deluxe,Corporate,161.4,0,1129.8
35,2025-07-26,5,123,1,0,Egypt,Family,OTA,146.14,0,730.7
36,2026-04-28,8,108,3,2,Egypt,Superior,Corporate,66.2,1,0.0
37,2025-01-21,13,97,2,0,Turkey,Suite,OTA,237.58,0,3088.54
38,2025-06-29,5,97,2,0,Portugal,Deluxe,Corporate,139.6,0,698.0
39,2026-05-08,2,85,2,1,Greece,Superior,OTA,77.07,0,154.14
40,2025-01-05,1,128,4,0,Portugal,Family,Corporate,194.4,0,194.4
41,2026-02-09,12,95,2,1,Turkey,Suite,Direct,214.94,0,2579.28
42,2026-02-23,1,31,2,2,France,Superior,Corporate,91.19,0,91.19
43,2025-09-19,13,89,3,1,UAE,Standard,Corporate,104.38,0,1356.94
44,2026-03-11,12,63,2,1,Spain,Deluxe,Direct,162.89,0,1954.68
45,2025-06-01,5,154,2,0,Turkey,Superior,OTA,82.41,0,412.05
46,2025-01-13,2,23,4,1,Egypt,Suite,Direct,231.73,0,463.46
47,2026-06-15,4,108,2,1,Turkey,Deluxe,Corporate,120.08,1,0.0
48,2025-11-12,12,105,4,0,Italy,Suite,Travel Agency,262.34,0,3148.08
49,2025-05-27,5,53,4,1,Turkey,Standard,OTA,102.32,0,511.6
50,2026-05-19,1,24,1,1,Egypt,Deluxe,Corporate,195.74,0,195.74
51,2025-06-24,3,95,2,0,Greece,Family,OTA,232.04,0,696.12
52,2026-05-30,2,115,3,0,France,Superior,Direct,94.56,0,189.12
53,2025-07-07,13,49,2,1,Portugal,Suite,Direct,257.82,0,3351.66
54,2025-06-20,2,75,1,1,Italy,Deluxe,Direct,102.92,0,205.84
55,2025-12-17,1,149,2,1,Portugal,Standard,Direct,84.63,0,84.63
56,2025-03-04,5,1,4,2,Spain,Standard,OTA,90.64,0,453.2
57,2026-06-19,13,1,2,2,Turkey,Family,Corporate,151.19,0,1965.47
58,2025-12-12,10,109,2,0,UAE,Deluxe,OTA,133.08,0,1330.8
59,2026-01-05,11,102,2,2,Spain,Deluxe,Travel Agency,172.51,0,1897.61
60,2025-04-13,1,116,4,1,France,Standard,Direct,91.28,0,91.28
61,2026-06-28,5,179,2,0,Portugal,Suite,Corporate,281.68,0,1408.4
62,2026-06-12,7,169,2,0,UAE,Standard,Travel Agency,118.08,0,826.56
63,2025-02-16,13,83,4,1,Greece,Suite,Corporate,198.58,0,2581.54
64,2026-02-14,12,156,1,0,Egypt,Family,Direct,161.89,0,1942.68
65,2026-01-30,5,155,2,0,Spain,Superior,Corporate,83.75,0,418.75
66,2025-03-31,5,172,3,1,France,Family,Direct,193.94,0,969.7
67,2026-05-09,11,138,2,0,Greece,Superior,Direct,117.09,0,1287.99
68,2025-04-19,7,7,2,0,Egypt,Deluxe,OTA,125.3,1,0.0
69,2025-09-21,11,121,4,0,France,Suite,Corporate,218.83,0,2407.13
70,2025-04-03,13,177,2,0,Italy,Deluxe,Corporate,181.24,0,2356.12
71,2026-01-26,11,164,3,1,Greece,Superior,Travel Agency,99.55,1,0.0
72,2025-04-29,5,22,1,0,UAE,Suite,OTA,189.35,1,0.0
73,2025-04-29,10,94,2,0,Egypt,Suite,Direct,213.23,0,2132.3
74,2025-11-15,1,151,3,0,Egypt,Family,Travel Agency,222.79,0,222.79
75,2026-01-09,13,173,2,2,Greece,Standard,Corporate,105.19,0,1367.47
76,2025-01-10,9,117,2,0,Turkey,Superior,Corporate,78.63,1,0.0
77,2026-04-12,3,153,2,0,Spain,Suite,Travel Agency,244.62,0,733.86
78,2025-11-13,9,176,1,0,Portugal,Superior,Corporate,133.45,0,1201.05
79,2025-10-26,12,96,1,0,France,Superior,OTA,68.29,0,819.48
80,2025-02-23,14,45,2,1,Turkey,Superior,Direct,136.47,0,1910.58
81,2026-02-06,6,108,4,1,UAE,Family,Corporate,186.03,0,1116.18
82,2025-03-15,9,72,2,0,Egypt,Standard,OTA,61.67,0,555.03
83,2025-11-28,13,148,1,0,Portugal,Superior,OTA,125.08,0,1626.04
84,2026-03-29,12,123,2,0,Greece,Superior,OTA,117.45,0,1409.4
85,2025-01-10,6,147,1,0,Egypt,Family,OTA,184.19,0,1105.14
86,2025-02-27,2,91,2,0,Spain,Standard,Travel Agency,83.7,1,0.0
87,2026-03-21,3,160,4,1,Greece,Standard,Direct,57.97,0,173.91
88,2025-09-04,7,125,2,2,France,Family,Direct,157.19,0,1100.33
89,2026-04-20,14,166,2,0,Portugal,Deluxe,Direct,144.05,0,2016.7
90,2025-05-03,2,21,1,1,Greece,Standard,Corporate,81.15,0,162.3
91,2025-10-08,12,24,3,0,Egypt,Family,Corporate,191.64,0,2299.68
92,2025-11-02,10,32,1,0,Italy,Suite,OTA,288.53,1,0.0
93,2026-02-20,14,179,1,1,Portugal,Standard,Direct,85.79,1,0.0
94,2025-08-01,11,30,2,2,France,Standard,Corporate,96.16,0,1057.76
95,2025-11-18,2,10,2,2,Greece,Superior,Direct,132.04,1,0.0
96,2025-09-20,14,8,1,0,Turkey,Deluxe,OTA,168.03,1,0.0
97,2026-03-10,11,0,2,0,Spain,Suite,Travel Agency,217.09,0,2387.99
98,2026-04-01,3,147,2,0,UAE,Suite,OTA,273.89,1,0.0
99,2025-04-12,11,11,2,0,Greece,Superior,Travel Agency,139.25,0,1531.75
100,2025-08-09,3,154,3,0,UAE,Deluxe,OTA,153.36,0,460.08
101,2026-03-09,2,140,2,0,Egypt,Superior,Corporate,88.46,0,176.92
102,2026-04-13,2,65,4,1,France,Suite,OTA,240.75,0,481.5
103,2025-03-14,11,68,4,0,UAE,Suite,OTA,200.96,0,2210.56
104,2026-03-06,14,39,2,1,Egypt,Standard,OTA,117.59,1,0.0
105,2025-03-21,5,31,3,0,Egypt,Standard,Travel Agency,64.31,0,321.55
106,2025-04-02,6,85,2,0,Greece,Deluxe,Direct,142.8,0,856.8
107,2025-04-11,7,56,2,0,Italy,Superior,Travel Agency,145.46,0,1018.22
108,2026-05-17,2,135,2,2,Turkey,Suite,Travel Agency,177.8,0,355.6
109,2025-04-12,1,43,2,1,France,Deluxe,Corporate,181.92,0,181.92
110,2026-05-04,10,32,2,0,France,Superior,OTA,118.45,0,1184.5
111,2026-01-23,10,68,1,0,Greece,Suite,Corporate,281.91,0,2819.1
112,2026-04-14,3,112,2,1,Turkey,Deluxe,Corporate,126.36,0,379.08
113,2026-06-18,12,58,2,0,Turkey,Family,Travel Agency,183.46,0,2201.52
114,2025-04-03,11,20,1,0,Italy,Superior,Direct,86.55,0,952.05
115,2025-03-28,12,73,3,1,Spain,Family,OTA,202.52,0,2430.24
116,2026-05-07,8,131,4,2,Italy,Family,Direct,201.53,0,1612.24
117,2025-07-14,14,1,4,1,UAE,Superior,Direct,154.03,0,2156.42
118,2026-04-05,3,172,3,0,France,Standard,Travel Agency,79.99,0,239.97
119,2025-05-17,9,90,1,1,Portugal,Family,OTA,227.15,0,2044.35
120,2026-01-18,2,86,4,0,Italy,Deluxe,Travel Agency,124.63,0,249.26
121,2026-05-10,5,67,2,0,Egypt,Superior,Travel Agency,108.65,0,543.25
122,2026-06-12,14,9,2,2,Portugal,Standard,Travel Agency,55.44,0,776.16
123,2025-01-07,10,117,2,0,UAE,Standard,Direct,84.9,0,849.0
124,2025-12-25,12,47,2,0,Spain,Standard,Corporate,57.4,0,688.8
125,2026-05-19,4,21,3,2,France,Family,Direct,202.6,1,0.0
126,2026-05-15,1,39,4,0,Greece,Family,Corporate,186.88,0,186.88
127,2026-01-19,5,93,2,0,Turkey,Standard,Corporate,52.7,0,263.5
128,2026-03-26,3,35,2,1,Spain,Deluxe,OTA,170.87,0,512.61
129,2025-04-24,4,72,1,0,Egypt,Family,Travel Agency,214.75,0,859.0
130,2025-02-02,3,170,2,1,Turkey,Standard,Corporate,94.35,0,283.05
131,2026-05-16,9,126,4,0,UAE,Family,Corporate,140.85,0,1267.65
132,2025-05-15,2,27,1,0,France,Deluxe,Direct,146.28,0,292.56
133,2025-08-31,1,173,2,1,Spain,Family,Corporate,192.65,1,0.0
134,2025-10-24,5,124,1,1,Greece,Suite,OTA,233.93,0,1169.65
135,2026-06-08,3,63,2,0,Turkey,Superior,Corporate,84.34,0,253.02
136,2025-07-23,8,180,1,2,France,Superior,OTA,140.75,0,1126.0
137,2025-08-23,2,33,2,0,Turkey,Superior,OTA,102.89,0,205.78
138,2026-03-13,1,157,2,0,Spain,Family,Corporate,214.76,0,214.76
139,2026-06-22,5,179,4,0,Greece,Deluxe,Corporate,137.02,0,685.1
140,2026-05-06,1,130,2,0,Turkey,Standard,Travel Agency,71.48,0,71.48
141,2026-01-08,5,89,4,1,Greece,Deluxe,Direct,135.15,0,675.75
142,2025-07-06,1,0,1,0,Greece,Deluxe,Corporate,145.86,0,145.86
143,2025-10-14,10,25,2,0,Turkey,Family,Travel Agency,186.45,0,1864.5
144,2025-12-09,5,28,1,0,France,Deluxe,Travel Agency,125.51,0,627.55
145,2026-01-06,12,150,3,2,UAE,Superior,Travel Agency,81.17,1,0.0
146,2025-08-04,10,98,1,0,France,Suite,Direct,197.82,0,1978.2
147,2025-02-12,10,167,2,0,Portugal,Standard,Direct,45.0,0,450.0
148,2025-12-18,5,121,2,2,France,Standard,OTA,46.11,0,230.55
149,2025-07-16,7,140,4,0,UAE,Deluxe,Corporate,136.85,0,957.95
150,2025-05-01,7,17,2,1,Spain,Superior,Travel Agency,114.44,0,801.08
151,2025-05-13,5,11,3,0,Greece,Family,Corporate,185.01,0,925.05
152,2026-06-30,14,131,1,0,Portugal,Suite,Corporate,243.28,0,3405.92
153,2026-02-04,7,155,2,0,France,Standard,OTA,116.27,0,813.89
154,2025-08-12,10,178,1,2,Portugal,Suite,Travel Agency,285.18,0,2851.8
155,2025-11-07,14,56,2,0,Italy,Superior,OTA,103.0,1,0.0
156,2025-02-16,9,60,2,0,France,Deluxe,OTA,125.89,0,1133.01
157,2025-10-04,14,13,4,0,Greece,Suite,Direct,294.13,0,4117.82
158,2025-01-02,11,88,4,2,UAE,Deluxe,Direct,179.76,0,1977.36
159,2025-09-28,12,34,2,2,Turkey,Deluxe,Direct,177.65,0,2131.8
160,2025-01-11,14,91,2,0,France,Deluxe,Direct,135.9,1,0.0
161,2025-04-19,12,176,2,0,Greece,Family,OTA,196.54,0,2358.48
162,2025-11-29,5,52,3,1,France,Family,OTA,178.48,0,892.4
163,2026-03-21,6,37,2,0,Portugal,Superior,Corporate,108.15,0,648.9
164,2025-07-09,14,45,2,2,Portugal,Superior,Travel Agency,108.11,0,1513.54
165,2025-01-22,5,41,2,1,Greece,Standard,OTA,92.64,0,463.2
166,2025-03-15,7,62,2,1,Italy,Suite,OTA,277.23,1,0.0
167,2025-01-13,10,25,2,1,Spain,Standard,Direct,136.79,0,1367.9
168,2025-02-14,3,63,1,0,France,Suite,Direct,229.89,0,689.67
169,2025-01-10,13,27,3,0,Italy,Superior,OTA,114.89,1,0.0
170,2026-05-07,13,144,2,0,Turkey,Deluxe,Corporate,147.53,0,1917.89
171,2025-06-08,4,14,3,0,Italy,Standard,Direct,90.9,0,363.6
172,2025-04-16,9,75,1,2,Egypt,Superior,Direct,46.69,0,420.21
173,2025-08-18,1,58,2,1,France,Deluxe,Travel Agency,144.44,0,144.44
174,2025-08-20,11,98,4,0,Portugal,Superior,Direct,161.17,0,1772.87
175,2025-08-18,2,72,2,0,UAE,Standard,Travel Agency,63.13,0,126.26
176,2025-03-28,1,154,2,0,Egypt,Suite,Travel Agency,229.92,0,229.92
177,2025-07-05,11,108,2,0,Turkey,Deluxe,Direct,136.25,0,1498.75
178,2025-10-05,8,169,2,0,Italy,Standard,OTA,76.32,0,610.56
179,2025-05-31,6,37,2,1,Portugal,Standard,Direct,47.68,0,286.08
180,2026-03-14,12,71,2,0,UAE,Superior,OTA,96.7,1,0.0
181,2026-01-30,6,81,2,1,Portugal,Family,Travel Agency,185.65,0,1113.9
182,2025-05-22,13,167,2,1,Egypt,Suite,Corporate,250.46,0,3255.98
183,2026-05-20,9,137,2,1,Italy,Suite,Corporate,246.31,0,2216.79
184,2026-06-24,10,177,4,0,Italy,Superior,Travel Agency,144.61,0,1446.1
185,2025-01-03,4,4,2,2,Portugal,Superior,Direct,121.66,0,486.64
186,2025-03-03,6,92,2,0,Portugal,Superior,Corporate,143.66,0,861.96
187,2025-09-06,4,57,1,0,Italy,Superior,Corporate,166.81,0,667.24
188,2025-01-27,12,108,2,0,Italy,Suite,Direct,262.23,0,3146.76
189,2026-05-04,14,152,2,0,France,Deluxe,OTA,117.79,1,0.0
190,2025-03-22,4,19,1,2,Egypt,Superior,OTA,117.32,0,469.28
191,2026-04-27,12,35,4,2,Turkey,Family,Corporate,178.52,0,2142.24
192,2025-12-12,8,165,4,0,Turkey,Standard,OTA,119.72,0,957.76
193,2025-03-03,11,8,3,0,France,Standard,Corporate,77.21,0,849.31
194,2026-03-10,11,116,3,0,Turkey,Superior,Corporate,89.88,0,988.68
195,2025-06-10,5,23,3,1,France,Superior,Corporate,98.06,1,0.0
196,2025-02-27,4,100,2,2,Italy,Family,Corporate,143.62,0,574.48
197,2025-11-17,11,164,2,1,France,Standard,Travel Agency,45.0,0,495.0
198,2026-03-11,4,69,1,0,Italy,Deluxe,Travel Agency,201.32,0,805.28
199,2025-01-29,4,72,2,2,Italy,Standard,OTA,80.47,1,0.0
200,2025-01-12,13,79,2,2,Greece,Standard,OTA,50.71,1,0.0
201,2025-10-03,2,145,3,0,Portugal,Standard,Direct,122.39,0,244.78
202,2025-11-19,2,79,1,0,Turkey,Family,OTA,222.43,0,444.86
203,2025-11-19,13,100,4,0,France,Standard,Travel Agency,84.38,0,1096.94
204,2026-02-22,12,128,1,2,France,Standard,Corporate,46.58,1,0.0
205,2026-05-04,10,9,2,0,France,Family,Direct,163.64,0,1636.4
206,2025-04-06,12,59,2,0,France,Suite,Travel Agency,234.53,0,2814.36
207,2026-04-04,13,33,2,0,UAE,Suite,Corporate,241.31,0,3137.03
208,2025-02-10,12,174,2,0,Greece,Suite,Direct,213.48,0,2561.76
209,2025-06-06,10,160,2,0,Spain,Superior,Travel Agency,134.45,1,0.0
210,2025-03-31,8,24,2,0,France,Deluxe,OTA,97.36,1,0.0
211,2025-03-11,5,147,2,0,Italy,Standard,OTA,108.84,0,544.2
212,2026-04-17,5,121,2,1,France,Standard,Corporate,114.66,0,573.3
213,2025-02-10,6,73,2,1,France,Family,Travel Agency,165.97,0,995.82
214,2026-06-09,14,159,2,0,Italy,Family,Corporate,173.4,0,2427.6
215,2025-09-27,11,10,3,0,Greece,Suite,Direct,278.25,0,3060.75
216,2025-06-08,14,26,2,1,France,Suite,Corporate,256.62,0,3592.68
217,2025-03-16,4,99,2,0,UAE,Family,Corporate,166.82,0,667.28
218,2026-04-22,2,21,2,0,Egypt,Family,OTA,169.66,0,339.32
219,2026-02-16,6,16,2,0,Portugal,Superior,Corporate,122.79,0,736.74
220,2025-04-28,5,116,1,2,France,Family,OTA,223.38,0,1116.9
221,2025-08-07,6,145,1,2,Egypt,Standard,Travel Agency,75.42,0,452.52
222,2026-03-17,8,54,1,0,Spain,Family,Travel Agency,166.08,0,1328.64
223,2025-09-16,11,45,1,0,Italy,Deluxe,Corporate,151.13,0,1662.43
224,2025-03-25,5,115,2,2,Greece,Deluxe,OTA,151.28,0,756.4
225,2025-02-25,2,109,2,0,France,Superior,Travel Agency,118.07,0,236.14
226,2026-03-06,8,121,3,0,Egypt,Deluxe,Corporate,148.47,0,1187.76
227,2025-01-11,9,152,2,0,France,Deluxe,Travel Agency,180.52,0,1624.68
228,2025-01-15,3,117,2,1,UAE,Standard,Corporate,58.08,0,174.24
229,2025-09-27,9,0,2,0,Portugal,Suite,Direct,250.87,0,2257.83
230,2025-02-07,4,48,2,2,France,Suite,Corporate,251.89,1,0.0
231,2025-08-10,6,53,2,2,Spain,Deluxe,Travel Agency,130.11,0,780.66
232,2025-01-17,5,78,3,0,Portugal,Family,Corporate,185.61,0,928.05
233,2026-02-25,6,90,3,1,UAE,Standard,OTA,92.57,0,555.42
234,2026-04-15,7,95,2,2,France,Suite,Corporate,177.67,0,1243.69
235,2026-01-26,5,168,4,1,Turkey,Suite,Direct,215.86,0,1079.3
236,2025-03-31,13,26,1,0,Egypt,Standard,Corporate,120.73,0,1569.49
237,2025-04-13,11,113,3,2,Spain,Deluxe,Corporate,135.46,0,1490.06
238,2025-08-05,4,116,3,1,Italy,Superior,Corporate,80.65,0,322.6
239,2025-05-08,6,118,2,1,Spain,Deluxe,OTA,104.21,0,625.26
240,2026-06-04,5,68,4,0,Turkey,Family,OTA,148.72,0,743.6
241,2025-01-05,7,8,1,0,France,Deluxe,Travel Agency,147.41,0,1031.87
242,2025-12-10,3,146,2,0,Egypt,Superior,Corporate,79.02,0,237.06
243,2025-02-22,13,147,2,0,Egypt,Superior,Corporate,126.97,1,0.0
244,2025-11-22,9,40,2,0,Italy,Superior,Direct,89.69,0,807.21
245,2026-02-06,14,160,2,2,France,Deluxe,OTA,158.27,0,2215.78
246,2025-04-06,2,6,2,0,France,Standard,Direct,116.28,0,232.56
247,2026-01-27,1,33,2,0,France,Superior,OTA,144.41,0,144.41
248,2025-11-01,4,137,2,1,Turkey,Standard,Travel Agency,87.83,0,351.32
249,2025-03-26,3,160,1,2,Italy,Standard,Corporate,52.21,0,156.63
250,2025-05-06,2,36,2,0,France,Standard,Direct,79.1,0,158.2
251,2026-05-22,14,92,2,1,Italy,Family,Direct,183.67,0,2571.38
252,2026-02-28,2,124,4,0,Greece,Family,Corporate,237.79,1,0.0
253,2025-11-18,11,115,2,0,Turkey,Standard,OTA,45.0,0,495.0
254,2025-02-02,2,87,2,1,Spain,Superior,Travel Agency,109.19,1,0.0
255,2025-05-05,4,155,1,2,Spain,Suite,OTA,256.01,1,0.0
256,2025-08-10,14,93,1,0,Spain,Deluxe,OTA,153.08,0,2143.12
257,2025-08-14,2,177,2,0,Turkey,Family,OTA,180.82,0,361.64
258,2025-04-05,6,141,4,0,Portugal,Family,Corporate,156.08,0,936.48
259,2026-06-09,7,49,2,0,Greece,Deluxe,Corporate,173.96,0,1217.72
260,2025-04-16,10,150,2,0,Greece,Family,Corporate,176.29,1,0.0
261,2026-04-02,7,152,4,0,UAE,Suite,Direct,245.73,0,1720.11
262,2026-01-28,7,51,3,0,UAE,Standard,Corporate,106.86,0,748.02
263,2025-06-21,1,130,2,2,Egypt,Deluxe,Travel Agency,142.56,0,142.56
264,2026-02-12,1,29,2,0,Egypt,Superior,Travel Agency,142.8,0,142.8
265,2025-09-09,2,55,4,0,UAE,Superior,Travel Agency,78.25,0,156.5
266,2025-05-06,1,81,4,0,UAE,Superior,Corporate,117.17,0,117.17
267,2025-11-26,4,143,1,1,Turkey,Suite,OTA,219.62,0,878.48
268,2026-06-24,4,26,3,0,Italy,Suite,Corporate,213.34,0,853.36
269,2026-03-22,6,81,2,0,Spain,Family,Corporate,223.01,1,0.0
270,2025-02-17,5,107,1,0,Portugal,Superior,Travel Agency,79.43,1,0.0
271,2026-01-28,4,147,1,0,Spain,Suite,Direct,241.78,0,967.12
272,2026-04-18,5,33,2,0,Spain,Deluxe,Direct,117.66,0,588.3
273,2025-03-13,8,24,2,0,Turkey,Deluxe,Travel Agency,180.99,1,0.0
274,2026-02-14,2,142,2,1,Spain,Family,Travel Agency,165.09,0,330.18
275,2026-04-11,8,164,1,0,Italy,Standard,OTA,106.71,0,853.68
276,2025-02-18,14,2,2,0,UAE,Family,OTA,190.1,1,0.0
277,2025-06-24,2,48,4,0,Spain,Standard,Travel Agency,137.59,0,275.18
278,2025-02-14,2,12,2,0,Turkey,Deluxe,Corporate,113.01,0,226.02
279,2025-10-04,12,43,2,2,Portugal,Standard,OTA,55.67,0,668.04
280,2025-11-23,14,37,3,1,Portugal,Standard,OTA,105.18,1,0.0
281,2026-05-05,11,125,2,0,Portugal,Superior,Direct,118.4,0,1302.4
282,2025-09-28,13,75,4,0,UAE,Suite,OTA,234.31,0,3046.03
283,2025-07-30,12,19,1,1,Spain,Superior,Direct,161.25,0,1935.0
284,2025-08-10,8,98,2,1,Italy,Deluxe,OTA,150.02,0,1200.16
285,2026-06-25,9,80,2,1,France,Suite,Direct,220.5,0,1984.5
286,2025-05-14,4,93,2,1,Greece,Family,OTA,202.05,0,808.2
287,2025-03-12,5,108,2,0,Italy,Superior,Corporate,110.85,0,554.25
288,2025-04-20,12,28,2,0,Portugal,Superior,Travel Agency,112.78,0,1353.36
289,2025-01-30,8,169,3,1,UAE,Deluxe,Direct,167.32,0,1338.56
290,2025-03-28,6,110,2,0,Egypt,Suite,Corporate,258.37,0,1550.22
291,2026-06-05,6,13,2,0,UAE,Standard,Direct,55.35,0,332.1
292,2026-01-27,12,108,2,0,Greece,Family,OTA,167.9,0,2014.8
293,2025-10-10,9,155,2,2,Egypt,Standard,Direct,45.68,0,411.12
294,2025-09-12,2,56,1,0,Spain,Suite,Travel Agency,248.79,0,497.58
295,2025-09-02,2,136,1,0,Greece,Suite,Corporate,287.44,0,574.88
296,2026-02-06,7,25,2,0,Portugal,Superior,OTA,86.3,0,604.1
297,2025-07-28,6,163,2,2,Turkey,Standard,Direct,45.0,0,270.0
298,2025-07-09,9,179,3,1,Turkey,Superior,OTA,94.18,0,847.62
299,2025-11-19,11,17,2,0,UAE,Family,OTA,169.1,0,1860.1
300,2025-01-14,11,121,2,0,Spain,Superior,Travel Agency,128.6,0,1414.6
301,2025-03-20,3,173,1,2,UAE,Family,Direct,166.52,0,499.56
302,2026-05-16,14,63,2,0,Spain,Standard,Travel Agency,89.25,0,1249.5
303,2025-08-22,9,128,2,0,Italy,Standard,Travel Agency,67.58,0,608.22
304,2025-12-10,8,125,4,0,Turkey,Family,Travel Agency,170.44,1,0.0
305,2026-01-09,8,3,2,0,UAE,Suite,Corporate,219.72,0,1757.76
306,2025-04-26,5,175,3,0,France,Family,OTA,147.15,0,735.75
307,2025-05-26,6,127,1,0,Egypt,Deluxe,OTA,169.57,0,1017.42
308,2025-04-02,4,96,4,0,Turkey,Suite,Corporate,229.22,0,916.88
309,2026-06-24,3,67,4,0,UAE,Family,Corporate,186.12,0,558.36
310,2025-10-10,5,48,1,2,UAE,Suite,Direct,219.36,0,1096.8
311,2026-03-20,13,116,3,0,Turkey,Standard,Direct,80.18,0,1042.34
312,2026-05-26,11,37,2,0,Turkey,Suite,OTA,187.84,0,2066.24
313,2025-11-07,8,73,1,0,Spain,Family,Direct,166.0,0,1328.0
314,2025-08-11,5,151,1,0,Portugal,Deluxe,Direct,131.8,0,659.0
315,2026-03-17,6,169,1,0,Turkey,Superior,Travel Agency,139.82,0,838.92
316,2025-10-18,13,128,4,2,France,Standard,Travel Agency,48.55,0,631.15
317,2025-05-27,12,50,2,2,Italy,Deluxe,OTA,146.45,0,1757.4
318,2025-02-02,8,90,2,1,Egypt,Family,Direct,183.47,0,1467.76
319,2025-09-25,5,152,2,0,Egypt,Deluxe,OTA,175.74,0,878.7
320,2025-07-24,5,34,2,2,Greece,Deluxe,Travel Agency,171.81,0,859.05
321,2025-03-29,5,145,4,1,France,Family,Corporate,173.38,1,0.0
322,2025-04-09,3,134,2,0,UAE,Family,Travel Agency,176.82,0,530.46
323,2026-03-14,8,107,2,1,Spain,Suite,Direct,269.79,0,2158.32
324,2026-03-08,2,35,3,0,Greece,Suite,Travel Agency,237.91,0,475.82
325,2025-05-11,10,139,3,0,Spain,Family,OTA,179.47,1,0.0
326,2026-02-17,11,1,2,2,Portugal,Standard,Direct,110.73,0,1218.03
327,2025-02-26,5,166,1,0,Italy,Deluxe,Corporate,212.13,0,1060.65
328,2025-12-06,14,15,1,2,Spain,Superior,OTA,116.62,0,1632.68
329,2026-05-23,3,57,4,0,Turkey,Deluxe,Direct,163.33,1,0.0
330,2026-05-12,10,176,2,0,Italy,Standard,OTA,100.99,0,1009.9
331,2025-05-04,9,24,2,0,Italy,Family,Direct,205.45,0,1849.05
332,2026-06-02,8,100,1,0,Turkey,Family,Corporate,201.43,0,1611.44
333,2025-07-08,14,60,3,0,Portugal,Suite,Direct,225.71,0,3159.94
334,2026-03-19,3,162,1,0,France,Superior,OTA,118.32,0,354.96
335,2026-06-08,12,179,3,0,Portugal,Family,Travel Agency,201.63,0,2419.56
336,2025-10-24,11,25,3,1,UAE,Deluxe,Corporate,186.32,0,2049.52
337,2026-01-31,12,27,2,1,Egypt,Superior,Direct,106.49,0,1277.88
338,2025-10-18,8,30,3,1,Spain,Suite,Travel Agency,247.69,0,1981.52
339,2025-02-04,11,166,4,2,Portugal,Standard,Travel Agency,90.6,0,996.6
340,2025-05-23,8,117,2,0,France,Deluxe,OTA,150.99,0,1207.92
341,2025-12-24,12,134,2,2,Italy,Superior,OTA,117.03,0,1404.36
342,2025-12-27,11,144,2,1,France,Deluxe,Travel Agency,96.69,0,1063.59
343,2026-02-08,2,165,2,1,Portugal,Suite,OTA,321.08,1,0.0
344,2026-06-04,13,168,3,0,France,Deluxe,Travel Agency,207.7,0,2700.1
345,2026-02-18,2,11,1,0,Greece,Standard,Direct,75.46,0,150.92
346,2026-05-27,11,121,2,0,Greece,Standard,OTA,77.34,0,850.74
347,2026-01-29,13,107,1,0,Turkey,Standard,Direct,45.0,0,585.0
348,2025-03-16,8,95,3,0,France,Deluxe,Direct,105.34,0,842.72
349,2026-04-06,7,34,4,2,Greece,Superior,Travel Agency,122.42,0,856.94
350,2026-05-18,8,173,2,0,Greece,Superior,Corporate,136.74,0,1093.92
351,2026-06-26,13,49,1,2,Spain,Standard,OTA,101.45,0,1318.85
352,2025-02-04,13,35,1,0,Egypt,Suite,Direct,219.3,0,2850.9
353,2025-12-15,3,174,4,2,Portugal,Superior,OTA,129.83,0,389.49
354,2026-05-01,9,90,2,2,France,Standard,Corporate,76.95,1,0.0
355,2026-03-14,11,96,1,2,Italy,Superior,Travel Agency,100.74,0,1108.14
356,2025-04-14,2,127,2,0,UAE,Standard,OTA,46.3,1,0.0
357,2025-10-24,14,64,2,0,Italy,Superior,Travel Agency,92.13,0,1289.82
358,2025-03-18,9,147,2,2,Turkey,Family,Direct,188.03,1,0.0
359,2025-04-24,10,120,2,0,Spain,Deluxe,Corporate,158.04,0,1580.4
360,2025-09-25,4,85,1,0,Greece,Suite,Travel Agency,244.2,1,0.0
361,2025-03-05,4,126,1,2,Spain,Deluxe,Direct,95.57,0,382.28
362,2026-03-03,10,156,1,2,Portugal,Superior,Travel Agency,114.46,0,1144.6
363,2025-02-12,2,9,2,2,Greece,Deluxe,Corporate,135.35,1,0.0
364,2026-05-05,5,58,1,0,Spain,Superior,Corporate,118.23,0,591.15
365,2025-01-19,9,123,1,1,Egypt,Superior,Corporate,141.32,0,1271.88
366,2026-03-14,9,35,1,1,Italy,Suite,Travel Agency,228.79,0,2059.11
367,2025-12-27,4,87,2,0,Greece,Superior,Direct,112.59,0,450.36
368,2025-01-11,4,105,4,2,Spain,Standard,OTA,131.05,0,524.2
369,2025-02-28,2,14,2,1,France,Deluxe,Direct,156.93,0,313.86
370,2025-11-18,6,154,4,0,Turkey,Superior,Corporate,109.44,0,656.64
371,2026-05-06,11,31,4,0,Italy,Deluxe,OTA,129.67,0,1426.37
372,2026-05-22,12,91,2,1,Turkey,Deluxe,Travel Agency,170.58,0,2046.96
373,2025-09-08,9,68,2,2,Italy,Standard,Travel Agency,55.62,1,0.0
374,2026-02-25,12,159,2,0,Italy,Superior,OTA,142.59,0,1711.08
375,2026-06-18,4,78,4,2,Greece,Standard,Travel Agency,96.62,0,386.48
376,2025-05-26,1,60,4,1,Portugal,Standard,Direct,66.18,0,66.18
377,2026-05-26,14,8,2,0,Egypt,Deluxe,Direct,130.45,1,0.0
378,2025-03-03,5,156,2,1,Spain,Family,Corporate,156.01,0,780.05
379,2026-03-31,1,57,2,1,France,Family,Direct,130.72,0,130.72
380,2025-11-09,1,138,2,0,UAE,Deluxe,OTA,161.79,0,161.79
381,2025-01-29,6,159,2,1,Spain,Standard,Corporate,45.0,1,0.0
382,2025-10-22,14,136,2,1,Turkey,Superior,Corporate,107.85,0,1509.9
383,2026-04-24,12,60,2,0,Turkey,Deluxe,Direct,146.24,0,1754.88
384,2025-09-13,13,138,2,0,Egypt,Standard,Travel Agency,71.83,0,933.79
385,2026-01-06,5,168,2,2,Spain,Standard,Travel Agency,91.61,0,458.05
386,2025-11-25,14,67,2,1,Portugal,Standard,Corporate,66.24,0,927.36
387,2025-01-10,8,9,2,1,Greece,Family,Direct,179.53,1,0.0
388,2025-03-23,5,156,3,0,Italy,Family,OTA,207.58,0,1037.9
389,2025-09-22,13,70,2,1,France,Superior,OTA,124.65,1,0.0
390,2025-05-31,14,158,4,0,Greece,Standard,Direct,69.69,0,975.66
391,2025-07-08,11,129,2,2,UAE,Standard,OTA,80.2,0,882.2
392,2025-03-04,12,66,2,0,UAE,Suite,Direct,231.86,0,2782.32
393,2025-08-29,6,27,1,2,Portugal,Standard,Direct,75.89,0,455.34
394,2025-08-31,4,83,3,0,Egypt,Standard,Corporate,85.3,0,341.2
395,2025-10-17,3,6,2,2,UAE,Deluxe,Corporate,115.29,0,345.87
396,2026-01-19,8,75,3,0,France,Deluxe,Direct,109.99,0,879.92
397,2025-10-25,3,151,1,0,Greece,Deluxe,Travel Agency,127.68,0,383.04
398,2025-08-09,7,149,1,0,Egypt,Standard,Direct,92.84,0,649.88
399,2025-08-18,10,128,3,2,Egypt,Suite,Direct,256.37,0,2563.7
400,2026-06-25,13,13,3,1,Portugal,Deluxe,Travel Agency,170.27,0,2213.51
401,2025-07-19,14,147,2,0,UAE,Superior,Travel Agency,88.59,0,1240.26
402,2025-08-25,8,80,4,0,Greece,Family,Corporate,177.44,0,1419.52
403,2026-01-06,2,90,3,2,Italy,Deluxe,Corporate,140.43,0,280.86
404,2025-08-24,8,107,2,2,France,Suite,OTA,236.91,0,1895.28
405,2026-02-22,11,149,4,0,Turkey,Deluxe,Travel Agency,140.0,0,1540.0
406,2025-11-18,2,20,2,1,France,Suite,Corporate,246.73,0,493.46
407,2025-07-22,3,116,1,0,Italy,Family,Travel Agency,158.25,0,474.75
408,2026-04-27,12,25,2,0,Egypt,Standard,OTA,109.29,1,0.0
409,2025-03-16,3,131,3,1,Egypt,Deluxe,OTA,179.55,1,0.0
410,2026-02-16,12,142,2,0,Italy,Deluxe,Travel Agency,162.02,0,1944.24
411,2025-04-21,12,11,1,0,Portugal,Family,Corporate,200.9,0,2410.8
412,2026-03-23,5,122,4,0,France,Suite,Direct,204.43,0,1022.15
413,2025-06-05,1,151,3,0,Portugal,Family,Travel Agency,205.94,0,205.94
414,2026-03-26,3,130,4,2,Turkey,Standard,OTA,89.49,1,0.0
415,2025-11-01,8,87,1,2,Egypt,Deluxe,Travel Agency,134.64,0,1077.12
416,2026-01-29,6,45,2,0,Greece,Family,Travel Agency,157.26,0,943.56
417,2025-11-18,2,88,2,0,Italy,Deluxe,Travel Agency,190.22,0,380.44
418,2026-05-14,8,57,2,0,Turkey,Suite,Direct,260.71,0,2085.68
419,2025-08-26,11,71,2,0,Greece,Suite,OTA,236.25,0,2598.75
420,2025-01-29,10,10,3,2,Greece,Standard,Corporate,45.0,0,450.0
421,2025-01-27,6,52,2,2,Egypt,Family,OTA,207.4,1,0.0
422,2026-04-10,5,28,4,0,Portugal,Family,Corporate,147.32,0,736.6
423,2025-09-27,2,35,2,0,UAE,Standard,OTA,70.86,0,141.72
424,2025-03-18,6,40,3,0,Turkey,Family,Direct,171.22,0,1027.32
425,2025-11-19,1,110,1,2,UAE,Superior,Direct,91.9,0,91.9
426,2025-01-09,4,35,3,1,Greece,Superior,Travel Agency,105.12,0,420.48
427,2026-04-27,3,124,2,1,Turkey,Superior,OTA,109.82,1,0.0
428,2025-04-01,9,54,1,1,Italy,Family,OTA,169.61,0,1526.49
429,2025-07-02,1,107,4,0,Egypt,Suite,OTA,247.99,0,247.99
430,2025-12-24,8,135,4,0,Turkey,Superior,Travel Agency,151.34,0,1210.72
431,2026-05-12,8,161,2,2,UAE,Suite,Corporate,205.24,0,1641.92
432,2025-10-30,2,56,1,0,Egypt,Family,Travel Agency,178.94,0,357.88
433,2025-09-11,11,108,1,0,Portugal,Deluxe,Direct,122.57,0,1348.27
434,2025-12-22,12,101,4,0,Portugal,Family,Corporate,138.08,0,1656.96
435,2025-08-29,1,74,2,2,Greece,Family,Direct,198.75,1,0.0
436,2025-11-27,5,172,2,1,Egypt,Family,Corporate,181.08,0,905.4
437,2026-02-13,5,13,2,1,Greece,Deluxe,Direct,111.68,0,558.4
438,2025-11-12,8,104,2,2,France,Suite,OTA,235.09,0,1880.72
439,2025-04-23,10,156,2,0,Spain,Standard,Corporate,45.0,0,450.0
440,2025-04-03,13,180,2,0,Italy,Standard,OTA,57.74,0,750.62
441,2026-01-06,9,50,2,2,Egypt,Superior,Travel Agency,55.1,0,495.9
442,2025-06-15,6,84,2,0,Greece,Standard,Direct,75.95,0,455.7
443,2025-01-21,13,134,1,2,Egypt,Family,Direct,192.32,0,2500.16
444,2025-06-10,5,77,1,0,Greece,Standard,Travel Agency,94.56,0,472.8
445,2025-05-07,14,96,4,1,France,Deluxe,Direct,140.17,0,1962.38
446,2025-03-20,2,129,4,1,Spain,Standard,OTA,105.04,0,210.08
447,2025-04-08,12,150,2,0,Turkey,Deluxe,Corporate,184.84,0,2218.08
448,2026-06-09,12,5,2,0,Portugal,Superior,Direct,127.76,0,1533.12
449,2025-09-28,11,147,2,1,Turkey,Family,Direct,161.1,0,1772.1
450,2025-08-16,7,143,2,1,Turkey,Suite,OTA,236.75,0,1657.25
451,2026-01-27,1,127,4,1,UAE,Suite,Direct,280.37,0,280.37
452,2026-04-09,4,147,1,1,Greece,Family,Travel Agency,166.95,0,667.8
453,2026-05-04,10,27,4,0,UAE,Superior,Direct,124.65,0,1246.5
454,2025-04-08,9,43,2,1,Greece,Standard,OTA,61.58,0,554.22
455,2026-02-17,10,121,3,2,Greece,Standard,Corporate,105.24,0,1052.4
456,2025-09-16,7,79,4,0,France,Standard,Travel Agency,58.88,0,412.16
457,2026-02-21,14,1,2,0,Portugal,Suite,Corporate,237.81,0,3329.34
458,2025-11-17,11,60,2,1,Portugal,Suite,Direct,253.71,0,2790.81
459,2025-04-18,7,179,1,1,France,Standard,OTA,126.39,0,884.73
460,2026-06-17,12,31,2,0,Portugal,Standard,Direct,85.61,0,1027.32
461,2026-03-11,8,43,4,2,Portugal,Superior,Corporate,103.43,1,0.0
462,2026-02-13,1,75,1,1,Turkey,Deluxe,Travel Agency,141.59,1,0.0
463,2026-01-16,10,166,2,0,Turkey,Suite,OTA,264.01,0,2640.1
464,2026-01-16,9,154,2,1,Portugal,Superior,Travel Agency,121.56,0,1094.04
465,2025-05-19,3,134,4,1,Spain,Deluxe,Corporate,166.79,0,500.37
466,2025-07-03,3,120,1,0,Turkey,Superior,OTA,148.2,0,444.6
467,2025-04-07,9,117,2,0,Spain,Suite,Corporate,241.5,0,2173.5
468,2025-06-10,2,89,4,2,Greece,Deluxe,Direct,159.71,0,319.42
469,2025-07-17,5,72,2,2,Turkey,Deluxe,Corporate,141.26,0,706.3
470,2025-09-18,9,138,4,0,Italy,Suite,OTA,220.69,0,1986.21
471,2025-04-16,12,55,2,0,Turkey,Suite,Direct,225.08,0,2700.96
472,2025-05-10,13,133,3,1,UAE,Suite,Travel Agency,180.24,0,2343.12
473,2026-04-30,4,43,1,0,Greece,Standard,OTA,93.44,1,0.0
474,2025-05-27,3,121,1,0,Italy,Standard,OTA,90.7,0,272.1
475,2026-06-08,13,112,2,1,UAE,Deluxe,Direct,162.88,0,2117.44
476,2025-09-04,9,100,2,1,Portugal,Deluxe,Travel Agency,129.14,0,1162.26
477,2026-06-19,6,135,1,2,Greece,Superior,Travel Agency,95.48,1,0.0
478,2025-05-27,14,111,3,1,Portugal,Deluxe,Direct,134.72,0,1886.08
479,2026-03-22,11,89,2,0,UAE,Family,Travel Agency,202.92,0,2232.12
480,2026-03-11,4,157,3,0,Egypt,Deluxe,OTA,154.66,0,618.64
481,2025-01-11,4,113,2,2,Greece,Standard,Travel Agency,81.23,0,324.92
482,2025-12-03,2,94,2,2,Spain,Suite,Travel Agency,259.22,1,0.0
483,2025-02-04,11,70,4,1,Egypt,Standard,Travel Agency,64.79,0,712.69
484,2025-10-08,11,14,3,0,Portugal,Suite,Corporate,249.08,0,2739.88
485,2026-05-18,3,121,4,2,Italy,Standard,Travel Agency,130.38,0,391.14
486,2025-01-30,10,39,4,0,France,Standard,Corporate,112.27,0,1122.7
487,2025-05-03,1,113,4,0,UAE,Standard,Travel Agency,88.69,0,88.69
488,2025-07-18,11,157,4,0,UAE,Deluxe,OTA,152.17,0,1673.87
489,2026-01-11,9,3,4,1,Egypt,Standard,Direct,92.66,0,833.94
490,2025-07-17,14,128,2,0,Italy,Superior,Corporate,146.18,0,2046.52
491,2025-02-15,5,155,2,2,Egypt,Superior,Direct,144.06,0,720.3
492,2025-11-15,5,143,2,0,UAE,Family,Direct,216.02,0,1080.1
493,2026-04-20,2,29,1,0,Italy,Superior,Travel Agency,116.07,0,232.14
494,2025-01-21,13,43,1,0,UAE,Family,Direct,122.95,0,1598.35
495,2025-09-10,5,174,4,0,France,Deluxe,Direct,198.09,0,990.45
496,2026-01-24,12,73,2,0,France,Suite,Travel Agency,220.63,0,2647.56
497,2026-02-28,4,48,2,0,France,Deluxe,Travel Agency,100.61,0,402.44
498,2026-03-27,5,23,2,0,UAE,Deluxe,Corporate,168.78,0,843.9
499,2025-06-24,1,149,2,0,Greece,Family,Travel Agency,123.37,0,123.37
500,2025-10-23,4,87,4,2,Turkey,Standard,OTA,80.71,1,0.0
501,2025-09-22,4,119,2,0,Italy,Suite,OTA,188.05,0,752.2
502,2026-05-02,3,119,3,0,UAE,Suite,Corporate,231.99,1,0.0
503,2025-02-04,6,179,1,0,Spain,Superior,Corporate,151.08,0,906.48
504,2026-05-02,6,86,4,0,France,Deluxe,Travel Agency,159.02,1,0.0
505,2025-06-16,8,139,2,0,Portugal,Suite,Corporate,240.45,0,1923.6
506,2026-03-22,12,102,2,0,Turkey,Deluxe,Travel Agency,161.82,0,1941.84
507,2026-05-10,11,102,2,0,Greece,Suite,Direct,172.39,1,0.0
508,2026-03-08,7,68,3,1,Spain,Superior,OTA,94.25,1,0.0
509,2025-11-04,10,178,3,0,France,Superior,Travel Agency,97.79,0,977.9
510,2025-02-25,2,79,2,0,Portugal,Family,OTA,190.83,0,381.66
511,2026-04-17,1,168,2,0,France,Deluxe,Travel Agency,125.38,1,0.0
512,2025-03-24,3,60,2,1,Italy,Superior,OTA,114.97,1,0.0
513,2026-01-19,1,122,2,0,Italy,Family,Corporate,173.02,0,173.02
514,2025-08-06,8,171,2,1,Greece,Standard,Corporate,65.52,0,524.16
515,2025-05-12,6,34,2,0,Turkey,Family,Corporate,162.06,0,972.36
516,2025-03-15,6,125,4,2,Spain,Superior,OTA,107.8,0,646.8
517,2025-08-29,6,92,2,2,Spain,Suite,Corporate,193.7,0,1162.2
518,2025-03-21,11,58,2,1,Greece,Standard,OTA,99.59,1,0.0
519,2025-11-06,7,23,2,1,France,Family,OTA,155.47,0,1088.29
520,2025-10-19,5,99,4,1,Spain,Deluxe,Corporate,143.5,0,717.5
521,2025-07-03,3,101,4,2,Italy,Family,Direct,214.96,0,644.88
522,2025-12-21,11,25,4,1,Spain,Superior,Travel Agency,130.05,0,1430.55
523,2025-05-12,10,129,2,1,Spain,Family,Corporate,146.22,0,1462.2
524,2026-03-09,13,13,2,1,Turkey,Standard,Corporate,45.0,0,585.0
525,2026-05-30,6,121,4,0,UAE,Standard,OTA,92.92,1,0.0
526,2026-03-11,9,98,4,0,France,Standard,Travel Agency,74.46,0,670.14
527,2025-09-22,4,131,3,1,Egypt,Standard,Corporate,85.12,0,340.48
528,2025-10-16,1,31,2,1,UAE,Standard,Travel Agency,99.15,0,99.15
529,2025-09-16,7,86,4,0,Spain,Suite,Travel Agency,263.31,0,1843.17
530,2025-07-03,5,91,2,0,Portugal,Deluxe,Travel Agency,139.62,0,698.1
531,2025-02-06,10,28,2,0,Egypt,Superior,OTA,107.39,0,1073.9
532,2025-03-28,9,24,2,0,Portugal,Family,Travel Agency,184.83,1,0.0
533,2025-12-20,8,176,3,0,Portugal,Standard,Direct,91.51,0,732.08
534,2025-12-01,6,9,2,2,Italy,Family,Direct,179.87,0,1079.22
535,2025-12-12,11,77,2,1,Spain,Superior,Travel Agency,146.55,0,1612.05
536,2025-03-23,14,110,1,0,Turkey,Deluxe,OTA,161.22,0,2257.08
537,2025-02-20,6,146,2,0,Egypt,Deluxe,OTA,168.75,0,1012.5
538,2025-10-11,9,171,1,2,Egypt,Superior,Travel Agency,116.98,0,1052.82
539,2025-10-07,1,104,2,0,Egypt,Superior,Travel Agency,85.21,0,85.21
540,2025-10-01,8,153,4,0,Italy,Superior,OTA,94.18,0,753.44
541,2025-01-19,12,83,2,0,Turkey,Suite,Corporate,210.27,0,2523.24
542,2026-03-07,11,152,2,2,Egypt,Family,Direct,201.35,0,2214.85
543,2025-12-18,6,81,2,1,France,Family,Corporate,136.56,0,819.36
544,2025-08-04,9,178,2,1,Turkey,Family,Direct,171.38,1,0.0
545,2025-03-22,11,124,3,0,Italy,Superior,Travel Agency,100.92,0,1110.12
546,2025-11-08,5,80,2,1,Spain,Superior,OTA,59.81,0,299.05
547,2025-12-27,10,110,2,0,Turkey,Suite,Corporate,230.29,0,2302.9
548,2025-08-29,7,137,2,1,Italy,Standard,Corporate,72.36,0,506.52
549,2025-08-12,4,28,3,0,France,Superior,Corporate,151.97,1,0.0
550,2026-02-23,6,55,2,2,Turkey,Deluxe,Travel Agency,102.21,1,0.0
551,2025-04-19,11,175,4,0,Egypt,Superior,Corporate,142.78,0,1570.58
552,2026-05-22,13,118,2,1,France,Superior,Corporate,104.39,1,0.0
553,2025-10-23,1,136,2,1,France,Standard,Corporate,101.49,0,101.49
554,2026-03-05,7,105,2,0,Greece,Superior,Direct,112.0,0,784.0
555,2026-02-23,1,83,3,0,France,Suite,Corporate,212.53,0,212.53
556,2025-04-04,6,5,4,2,Egypt,Suite,OTA,275.51,0,1653.06
557,2025-06-15,8,94,4,0,France,Family,OTA,205.87,0,1646.96
558,2025-11-27,3,75,1,0,Greece,Suite,Corporate,214.2,0,642.6
559,2026-04-16,4,175,3,1,Greece,Superior,Corporate,124.89,0,499.56
560,2026-05-28,11,28,3,0,France,Superior,Corporate,95.25,1,0.0
561,2025-03-13,1,8,4,1,Portugal,Family,Direct,137.49,0,137.49
562,2026-03-04,5,137,1,2,Spain,Family,Corporate,155.53,0,777.65
563,2025-03-03,5,101,4,0,UAE,Family,Corporate,208.78,0,1043.9
564,2026-03-15,13,31,1,0,Turkey,Suite,Direct,262.15,0,3407.95
565,2025-06-23,6,105,4,0,France,Superior,Corporate,102.64,0,615.84
566,2025-08-04,5,24,2,0,Portugal,Family,OTA,208.91,1,0.0
567,2025-09-24,6,75,4,1,UAE,Family,Travel Agency,203.65,0,1221.9
568,2025-10-09,10,9,2,0,Turkey,Standard,OTA,60.57,0,605.7
569,2026-01-15,10,92,4,0,Turkey,Superior,Travel Agency,150.74,0,1507.4
570,2026-05-02,12,112,4,0,France,Superior,OTA,100.68,1,0.0
571,2025-10-27,14,98,2,0,Spain,Superior,Travel Agency,103.93,0,1455.02
572,2025-06-01,10,3,2,0,Egypt,Family,OTA,127.75,0,1277.5
573,2025-12-19,11,39,3,2,UAE,Suite,Travel Agency,224.81,0,2472.91
574,2026-01-23,14,124,4,0,Portugal,Superior,Corporate,106.57,0,1491.98
575,2026-01-24,1,171,1,0,Greece,Deluxe,OTA,157.69,0,157.69
576,2025-08-18,3,71,3,0,Greece,Deluxe,Corporate,122.61,0,367.83
577,2026-04-16,10,163,1,2,Greece,Superior,Travel Agency,91.62,0,916.2
578,2025-02-03,7,160,1,0,Italy,Deluxe,Direct,191.41,1,0.0
579,2025-02-27,8,145,3,0,Greece,Deluxe,OTA,176.76,1,0.0
580,2025-09-08,4,176,4,1,France,Standard,Travel Agency,111.8,0,447.2
581,2025-10-12,2,48,4,0,France,Suite,Travel Agency,238.6,0,477.2
582,2025-03-04,4,58,2,2,Portugal,Family,Direct,183.45,0,733.8
583,2025-02-22,6,162,1,0,Portugal,Standard,Corporate,95.47,0,572.82
584,2025-03-27,8,50,1,2,Greece,Suite,Corporate,280.96,0,2247.68
585,2025-11-04,10,2,3,1,Italy,Family,OTA,137.03,0,1370.3
586,2026-04-13,1,64,2,2,Turkey,Family,OTA,109.23,0,109.23
587,2025-12-03,9,123,3,0,Turkey,Deluxe,OTA,137.13,0,1234.17
588,2025-12-16,5,173,3,2,Turkey,Family,Direct,181.09,0,905.45
589,2025-07-06,8,1,2,2,Portugal,Family,OTA,177.15,0,1417.2
590,2025-07-03,2,110,4,0,Italy,Family,Travel Agency,156.33,0,312.66
591,2025-07-07,4,27,2,0,Turkey,Suite,Travel Agency,253.16,0,1012.64
592,2025-11-24,13,135,2,0,Turkey,Suite,OTA,228.06,1,0.0
593,2025-06-08,6,40,2,1,France,Superior,OTA,110.32,0,661.92
594,2025-11-30,9,121,4,2,Egypt,Deluxe,OTA,162.0,0,1458.0
595,2025-09-27,8,77,2,0,Turkey,Deluxe,Travel Agency,139.18,0,1113.44
596,2025-11-19,8,78,2,2,Egypt,Family,Direct,194.85,0,1558.8
597,2026-02-18,1,104,2,0,Portugal,Deluxe,Direct,174.66,0,174.66
598,2025-07-27,4,169,4,0,Turkey,Deluxe,Direct,132.2,0,528.8
599,2025-11-26,7,97,2,2,Greece,Superior,Corporate,97.9,0,685.3
600,2025-10-08,2,19,2,0,UAE,Family,Corporate,150.84,0,301.68
601,2025-02-17,13,168,2,1,Greece,Deluxe,Corporate,149.77,0,1947.01
602,2025-03-02,2,14,4,0,Turkey,Suite,Travel Agency,247.67,0,495.34
603,2026-03-25,5,28,2,0,Italy,Deluxe,Corporate,195.34,0,976.7
604,2025-06-05,14,38,3,0,Greece,Suite,Direct,231.43,1,0.0
605,2026-03-25,4,83,3,2,Turkey,Suite,Travel Agency,246.96,0,987.84
606,2025-01-23,3,17,4,0,UAE,Family,OTA,162.27,1,0.0
607,2025-07-08,6,119,2,1,UAE,Deluxe,OTA,138.03,0,828.18
608,2025-09-23,5,154,4,0,France,Standard,Corporate,88.99,0,444.95
609,2026-03-14,7,124,1,2,Spain,Suite,Travel Agency,229.58,0,1607.06
610,2025-01-17,10,111,1,2,UAE,Suite,Corporate,238.42,1,0.0
611,2025-10-17,10,85,4,0,Italy,Suite,Direct,249.89,0,2498.9
612,2025-04-26,9,40,3,0,Portugal,Suite,OTA,246.59,0,2219.31
613,2025-03-16,13,175,2,0,Portugal,Family,OTA,115.33,0,1499.29
614,2025-12-05,2,46,4,2,UAE,Family,Corporate,162.6,0,325.2
615,2025-01-22,7,147,2,0,Egypt,Standard,Direct,107.43,0,752.01
616,2025-08-19,6,109,2,0,Greece,Suite,Travel Agency,200.86,0,1205.16
617,2026-06-30,8,167,4,0,UAE,Suite,OTA,164.81,0,1318.48
618,2025-07-13,13,37,2,0,France,Standard,Direct,94.28,0,1225.64
619,2025-02-10,13,32,3,0,Italy,Deluxe,Travel Agency,156.09,0,2029.17
620,2025-08-24,11,53,2,0,France,Family,Travel Agency,147.74,0,1625.14
621,2025-08-27,4,90,1,0,Portugal,Standard,Corporate,82.76,1,0.0
622,2025-01-27,8,53,2,0,Portugal,Family,Corporate,159.34,0,1274.72
623,2025-07-23,4,97,3,0,Italy,Superior,Direct,122.35,0,489.4
624,2025-06-16,13,53,1,1,UAE,Deluxe,Corporate,78.63,0,1022.19
625,2025-07-15,4,23,3,0,Portugal,Deluxe,Direct,143.59,0,574.36
626,2026-04-13,1,1,2,1,Egypt,Standard,Travel Agency,66.55,0,66.55
627,2026-01-05,5,16,2,0,Greece,Standard,Corporate,99.95,0,499.75
628,2026-04-28,1,70,4,0,Spain,Superior,OTA,63.52,1,0.0
629,2025-07-01,10,2,2,2,France,Superior,Corporate,111.14,1,0.0
630,2025-02-09,1,152,2,0,UAE,Suite,Corporate,253.96,0,253.96
631,2025-06-11,7,44,2,2,France,Superior,Travel Agency,156.42,0,1094.94
632,2025-04-23,13,41,1,1,Greece,Deluxe,Corporate,137.96,0,1793.48
633,2026-01-18,14,67,3,0,Spain,Standard,Travel Agency,88.11,0,1233.54
634,2025-01-30,8,8,4,0,Egypt,Standard,Corporate,45.0,0,360.0
635,2026-06-22,3,40,1,0,UAE,Superior,Direct,109.86,0,329.58
636,2026-03-06,2,28,2,1,Egypt,Suite,Corporate,269.46,0,538.92
637,2025-05-18,14,154,4,0,Turkey,Family,Corporate,221.72,0,3104.08
638,2025-09-21,3,82,4,2,UAE,Suite,Direct,250.49,0,751.47
639,2026-05-05,8,146,2,0,Greece,Suite,OTA,200.73,0,1605.84
640,2025-05-27,4,168,1,0,Egypt,Deluxe,Direct,183.89,0,735.56
641,2025-09-13,4,64,2,0,UAE,Family,Travel Agency,135.92,0,543.68
642,2025-05-15,6,108,2,0,Spain,Family,Direct,145.51,0,873.06
643,2025-07-22,3,3,2,0,Greece,Superior,Corporate,146.33,0,438.99
644,2025-11-27,1,146,2,1,UAE,Superior,Corporate,108.04,0,108.04
645,2026-04-08,4,116,3,0,Portugal,Standard,Travel Agency,65.25,0,261.0
646,2026-06-11,6,86,2,0,UAE,Family,Corporate,192.47,0,1154.82
647,2025-04-09,11,87,3,0,Italy,Deluxe,Corporate,154.11,0,1695.21
648,2025-01-27,9,32,1,0,Portugal,Standard,Direct,134.91,0,1214.19
649,2025-10-30,3,88,2,1,Egypt,Suite,Direct,266.88,0,800.64
650,2026-06-01,3,101,3,0,France,Superior,Direct,115.27,0,345.81
651,2025-07-23,12,90,3,2,France,Suite,Direct,245.85,0,2950.2
652,2026-06-30,6,138,2,2,France,Deluxe,OTA,175.89,0,1055.34
653,2025-04-13,11,42,4,2,Greece,Superior,Corporate,107.71,0,1184.81
654,2025-07-27,5,12,2,0,Egypt,Suite,Corporate,217.81,0,1089.05
655,2026-05-03,8,82,2,0,Spain,Standard,Travel Agency,98.99,0,791.92
656,2025-11-16,4,156,3,0,Spain,Family,OTA,167.71,0,670.84
657,2025-05-28,8,41,2,1,France,Family,Corporate,182.27,0,1458.16
658,2025-07-18,4,89,1,0,Turkey,Superior,Corporate,60.11,0,240.44
659,2025-05-07,12,149,4,0,Greece,Family,OTA,171.7,0,2060.4
660,2025-10-10,13,83,1,0,Turkey,Suite,Direct,226.91,0,2949.83
661,2026-04-28,4,169,2,0,Italy,Suite,Corporate,189.46,0,757.84
662,2025-06-07,2,87,2,0,Egypt,Deluxe,Direct,147.47,0,294.94
663,2026-04-23,7,149,2,1,Turkey,Superior,Direct,108.3,0,758.1
664,2025-04-01,12,154,3,0,Greece,Family,Corporate,184.1,0,2209.2
665,2026-03-08,1,163,1,0,Turkey,Deluxe,Travel Agency,178.98,0,178.98
666,2026-03-06,11,64,2,0,Spain,Standard,Corporate,104.33,1,0.0
667,2025-09-06,10,126,2,2,Egypt,Deluxe,Direct,138.56,0,1385.6
668,2026-05-15,9,155,3,1,Egypt,Standard,Direct,84.64,0,761.76
669,2025-04-11,10,24,1,0,UAE,Suite,Corporate,252.72,1,0.0
670,2026-02-08,12,10,2,1,Portugal,Suite,Direct,229.24,0,2750.88
671,2026-02-13,14,160,4,1,Spain,Superior,OTA,72.9,1,0.0
672,2025-01-25,11,84,1,0,Egypt,Standard,Corporate,74.79,0,822.69
673,2025-09-17,6,174,2,0,Greece,Deluxe,Corporate,180.17,0,1081.02
674,2025-02-18,6,117,4,0,France,Superior,Travel Agency,71.82,0,430.92
675,2026-02-15,13,89,2,1,Italy,Deluxe,Travel Agency,125.38,0,1629.94
676,2025-08-22,6,78,1,0,Egypt,Deluxe,Corporate,130.19,0,781.14
677,2025-07-10,13,97,2,0,Portugal,Deluxe,Travel Agency,125.65,0,1633.45
678,2026-03-25,6,40,2,0,Spain,Standard,OTA,97.59,0,585.54
679,2025-11-14,9,179,4,2,Turkey,Suite,OTA,224.25,1,0.0
680,2026-02-12,10,178,1,0,Italy,Standard,Corporate,98.3,0,983.0
681,2025-09-27,3,87,3,0,Egypt,Superior,Corporate,111.11,0,333.33
682,2025-04-17,14,75,3,2,Italy,Deluxe,OTA,106.36,0,1489.04
683,2026-03-30,14,10,2,2,France,Deluxe,Direct,139.77,0,1956.78
684,2026-05-22,4,177,2,0,Greece,Family,OTA,200.15,0,800.6
685,2025-05-29,1,75,2,0,Portugal,Family,Corporate,178.86,1,0.0
686,2025-07-16,7,47,3,2,Egypt,Suite,Corporate,231.59,0,1621.13
687,2025-09-25,12,93,2,1,UAE,Deluxe,OTA,180.51,0,2166.12
688,2025-11-24,9,91,1,0,UAE,Superior,OTA,83.08,0,747.72
689,2025-04-09,13,129,4,1,UAE,Standard,OTA,65.11,0,846.43
690,2025-12-23,12,179,4,2,Greece,Family,Travel Agency,197.51,0,2370.12
691,2025-02-24,8,158,2,1,Egypt,Standard,OTA,97.03,0,776.24
692,2025-01-23,9,114,3,0,UAE,Family,OTA,146.16,0,1315.44
693,2025-03-07,11,90,1,0,Turkey,Standard,Corporate,91.83,0,1010.13
694,2026-03-18,12,34,2,0,Portugal,Deluxe,Travel Agency,133.86,0,1606.32
695,2025-12-05,4,145,3,1,France,Suite,Travel Agency,188.41,0,753.64
696,2025-01-07,10,13,4,0,Italy,Standard,Direct,72.07,0,720.7
697,2026-06-27,7,41,4,0,Greece,Suite,OTA,288.71,0,2020.97
698,2025-07-05,1,166,2,0,UAE,Standard,Direct,105.63,1,0.0
699,2026-02-18,10,179,4,1,Egypt,Family,Corporate,173.82,0,1738.2
700,2025-05-22,14,87,2,0,Turkey,Deluxe,OTA,110.45,1,0.0
701,2026-03-17,5,127,1,0,Turkey,Family,OTA,124.09,0,620.45
702,2025-08-21,6,165,4,0,UAE,Family,Direct,176.19,0,1057.14
703,2026-06-21,5,5,3,0,Spain,Deluxe,Direct,160.11,1,0.0
704,2025-06-22,1,135,1,0,UAE,Family,Travel Agency,192.9,0,192.9
705,2025-01-29,13,145,3,0,Italy,Superior,OTA,124.79,1,0.0
706,2026-05-26,3,137,2,0,Italy,Superior,Travel Agency,127.01,0,381.03
707,2025-07-01,8,180,2,2,France,Family,Direct,181.92,0,1455.36
708,2025-02-09,9,30,2,0,Italy,Deluxe,OTA,179.89,0,1619.01
709,2026-06-15,3,25,2,0,France,Suite,Travel Agency,226.86,0,680.58
710,2026-04-11,11,140,2,1,Italy,Suite,Direct,240.81,1,0.0
711,2025-12-13,4,93,2,0,Portugal,Superior,Corporate,66.44,0,265.76
712,2025-02-12,6,15,2,2,Italy,Suite,Direct,226.35,0,1358.1
713,2025-11-25,9,144,3,2,Egypt,Suite,OTA,264.86,1,0.0
714,2025-10-17,6,34,2,0,Turkey,Family,Corporate,191.15,1,0.0
715,2026-03-22,7,21,2,0,Portugal,Standard,Travel Agency,45.0,1,0.0
716,2026-05-11,10,99,2,1,Turkey,Standard,Direct,131.05,0,1310.5
717,2025-07-12,2,78,3,2,France,Deluxe,Direct,153.93,0,307.86
718,2025-01-29,1,77,2,0,UAE,Suite,Direct,244.4,1,0.0
719,2026-03-21,12,130,3,0,UAE,Standard,OTA,64.81,0,777.72
720,2025-04-12,8,47,2,0,Italy,Superior,Corporate,99.89,0,799.12
721,2025-07-31,10,163,3,0,Spain,Family,OTA,178.65,0,1786.5
722,2025-04-30,5,1,2,0,France,Family,OTA,189.63,0,948.15
723,2026-01-16,14,102,1,0,France,Suite,OTA,248.11,0,3473.54
724,2025-09-22,7,174,3,0,Greece,Deluxe,Corporate,136.68,0,956.76
725,2025-01-11,7,105,2,0,Greece,Family,Travel Agency,152.48,0,1067.36
726,2025-01-11,11,177,2,0,Portugal,Superior,OTA,85.89,1,0.0
727,2025-03-14,11,29,1,0,Portugal,Standard,OTA,107.0,0,1177.0
728,2025-12-02,3,65,4,1,Turkey,Suite,Travel Agency,263.57,0,790.71
729,2025-10-19,14,145,2,0,Italy,Family,OTA,187.18,0,2620.52
730,2025-03-30,9,127,2,0,Spain,Family,Corporate,201.8,0,1816.2
731,2025-04-22,2,58,1,1,France,Standard,Direct,76.87,1,0.0
732,2025-09-05,7,157,2,1,France,Family,Direct,196.17,0,1373.19
733,2026-05-31,13,48,2,0,Spain,Suite,Direct,253.52,0,3295.76
734,2025-06-06,6,64,2,0,Portugal,Superior,Direct,131.9,1,0.0
735,2026-02-05,7,39,2,2,Italy,Superior,OTA,83.54,0,584.78
736,2025-07-19,6,168,4,1,Spain,Family,Direct,112.55,0,675.3
737,2025-09-09,10,135,2,2,France,Superior,Travel Agency,116.55,1,0.0
738,2025-02-28,2,175,1,1,Spain,Suite,OTA,191.26,0,382.52
739,2025-11-26,6,9,2,0,Greece,Standard,Corporate,71.23,0,427.38
740,2025-01-04,10,14,2,2,Italy,Superior,Direct,54.54,0,545.4
741,2025-03-17,1,166,2,2,Egypt,Deluxe,Corporate,181.39,0,181.39
742,2026-04-06,12,60,4,1,Turkey,Deluxe,Corporate,173.65,0,2083.8
743,2026-05-06,3,116,3,0,Greece,Superior,Travel Agency,118.76,1,0.0
744,2025-06-28,7,65,2,0,Spain,Family,Travel Agency,153.89,0,1077.23
745,2025-05-28,1,117,2,2,Greece,Family,OTA,130.47,1,0.0
746,2025-12-28,4,103,2,1,Portugal,Family,Corporate,119.24,0,476.96
747,2026-02-02,8,93,2,0,Egypt,Superior,OTA,96.17,0,769.36
748,2025-09-09,4,48,3,0,UAE,Family,Corporate,192.4,0,769.6
749,2026-01-19,11,78,2,1,France,Family,Direct,166.49,0,1831.39
750,2026-04-09,5,159,2,0,Greece,Superior,Travel Agency,122.5,0,612.5
751,2025-06-10,11,98,3,1,France,Family,Direct,188.8,1,0.0
752,2025-07-31,7,145,4,0,Turkey,Suite,OTA,257.01,0,1799.07
753,2026-02-16,10,50,2,1,UAE,Family,OTA,126.58,0,1265.8
754,2025-05-14,13,124,2,2,Spain,Standard,Direct,60.97,1,0.0
755,2025-03-29,1,2,1,0,Italy,Deluxe,Travel Agency,162.02,0,162.02
756,2025-07-27,12,38,2,0,Italy,Deluxe,Travel Agency,187.42,0,2249.04
757,2026-04-03,8,86,4,0,Turkey,Deluxe,Direct,178.74,1,0.0
758,2025-06-13,3,41,2,0,Egypt,Superior,Corporate,117.41,1,0.0
759,2025-10-15,12,63,1,0,Portugal,Standard,Direct,111.69,0,1340.28
760,2025-05-19,7,121,2,1,France,Standard,Travel Agency,87.22,0,610.54
761,2026-03-28,10,146,2,1,Spain,Family,Travel Agency,136.21,1,0.0
762,2025-12-14,2,94,1,0,France,Suite,Travel Agency,256.55,0,513.1
763,2026-02-08,3,28,4,0,UAE,Deluxe,Direct,179.71,0,539.13
764,2025-12-30,10,126,1,2,Egypt,Superior,Travel Agency,156.23,0,1562.3
765,2025-09-16,4,131,2,2,Spain,Family,Travel Agency,160.5,0,642.0
766,2025-06-20,1,166,2,0,Turkey,Family,Corporate,146.09,0,146.09
767,2025-12-12,1,69,4,1,Italy,Deluxe,Direct,171.25,0,171.25
768,2025-05-14,14,159,1,2,Spain,Deluxe,Corporate,160.44,0,2246.16
769,2025-07-24,8,97,2,0,Turkey,Family,Travel Agency,183.08,0,1464.64
770,2026-01-11,13,131,2,1,UAE,Superior,Travel Agency,142.1,0,1847.3
771,2025-09-25,9,49,2,0,Turkey,Standard,Corporate,101.15,1,0.0
772,2025-03-28,13,170,2,2,Italy,Standard,OTA,92.85,0,1207.05
773,2025-04-20,4,19,2,0,Italy,Superior,OTA,98.47,0,393.88
774,2025-03-31,14,19,1,0,UAE,Suite,Direct,258.91,0,3624.74
775,2025-06-09,10,160,2,0,Italy,Suite,Direct,210.14,0,2101.4
776,2025-02-27,12,35,2,0,France,Standard,Direct,87.15,0,1045.8
777,2025-01-04,7,175,2,0,Spain,Standard,Corporate,79.15,0,554.05
778,2025-11-25,11,135,2,1,Greece,Family,OTA,135.13,0,1486.43
779,2026-04-26,5,173,3,0,Portugal,Superior,Direct,120.52,0,602.6
780,2025-03-23,3,50,2,0,Greece,Standard,Direct,65.55,0,196.65
781,2025-07-12,3,82,2,0,Egypt,Suite,Travel Agency,249.89,0,749.67
782,2026-02-27,9,163,2,0,Egypt,Deluxe,Travel Agency,126.06,0,1134.54
783,2025-09-04,9,1,4,0,Turkey,Superior,Direct,131.42,0,1182.78
784,2025-03-05,2,126,2,0,Egypt,Standard,Corporate,121.93,0,243.86
785,2025-01-13,12,172,1,0,UAE,Suite,Direct,185.76,0,2229.12
786,2025-09-26,12,81,2,0,Portugal,Deluxe,Corporate,120.15,0,1441.8
787,2025-11-04,13,125,2,2,Greece,Superior,OTA,86.03,0,1118.39
788,2025-02-13,12,90,2,1,Portugal,Deluxe,Corporate,116.19,0,1394.28
789,2026-04-20,14,118,2,0,France,Family,Corporate,169.65,0,2375.1
790,2025-01-26,14,35,2,1,France,Family,Travel Agency,184.49,1,0.0
791,2025-01-15,7,169,2,0,France,Superior,Direct,127.26,0,890.82
792,2025-01-17,7,120,2,0,UAE,Superior,Direct,116.64,0,816.48
793,2026-05-25,7,40,2,2,Turkey,Superior,OTA,126.44,0,885.08
794,2026-05-14,10,127,2,1,France,Family,Direct,173.26,0,1732.6
795,2025-12-28,2,17,2,1,Turkey,Superior,OTA,95.27,1,0.0
796,2026-06-16,8,55,2,1,Spain,Deluxe,OTA,126.61,1,0.0
797,2025-12-13,11,79,4,2,Egypt,Suite,Direct,235.55,0,2591.05
798,2025-05-13,9,72,2,0,France,Deluxe,Corporate,127.18,0,1144.62
799,2025-03-06,1,114,2,1,Greece,Superior,Travel Agency,118.71,0,118.71
800,2025-08-28,14,80,4,1,Turkey,Suite,Travel Agency,217.55,1,0.0
801,2025-12-06,12,49,2,0,Greece,Suite,OTA,227.81,0,2733.72
802,2025-09-13,8,144,2,0,UAE,Suite,Direct,266.86,0,2134.88
803,2026-01-29,13,37,3,0,Italy,Suite,Corporate,269.5,0,3503.5
804,2026-04-19,10,68,1,1,Egypt,Superior,Travel Agency,138.61,0,1386.1
805,2025-05-27,6,15,2,0,Greece,Standard,Travel Agency,78.67,0,472.02
806,2025-12-31,14,158,2,2,France,Deluxe,Travel Agency,136.23,0,1907.22
807,2026-05-12,6,154,3,0,Greece,Suite,Direct,252.52,0,1515.12
808,2025-10-30,12,15,4,0,Turkey,Superior,Corporate,88.04,0,1056.48
809,2026-03-10,12,2,2,0,Greece,Superior,Travel Agency,128.56,1,0.0
810,2025-01-26,1,166,4,1,Italy,Deluxe,Corporate,134.06,0,134.06
811,2025-06-01,8,160,2,2,France,Suite,Corporate,234.53,0,1876.24
812,2025-11-18,2,70,2,0,Greece,Suite,Corporate,259.16,0,518.32
813,2025-10-19,3,150,2,0,Spain,Standard,Direct,45.0,0,135.0
814,2025-12-01,9,122,2,0,UAE,Family,Direct,160.06,0,1440.54
815,2026-03-21,11,82,2,0,UAE,Suite,Direct,249.26,0,2741.86
816,2025-10-17,6,144,3,0,Spain,Superior,Corporate,124.61,1,0.0
817,2025-03-07,2,35,2,0,France,Superior,Direct,120.26,0,240.52
818,2026-01-04,6,86,1,1,UAE,Standard,Corporate,74.22,0,445.32
819,2026-02-15,9,15,3,1,Egypt,Superior,Direct,131.82,1,0.0
820,2025-08-01,8,40,1,0,Greece,Superior,Direct,85.85,0,686.8
821,2025-01-25,1,164,4,0,Portugal,Standard,Direct,54.86,0,54.86
822,2025-08-13,13,59,2,0,UAE,Deluxe,Corporate,159.0,0,2067.0
823,2026-02-10,1,130,2,1,Spain,Family,Direct,148.25,0,148.25
824,2025-02-11,4,150,1,0,Greece,Suite,Corporate,282.98,1,0.0
825,2025-01-08,6,179,1,2,UAE,Suite,OTA,259.8,0,1558.8
826,2026-02-11,4,38,3,0,Turkey,Deluxe,Travel Agency,135.73,0,542.92
827,2026-06-08,7,40,2,2,Turkey,Deluxe,OTA,171.31,0,1199.17
828,2025-12-01,5,100,1,0,Portugal,Standard,Corporate,49.27,0,246.35
829,2026-06-09,13,103,2,0,Italy,Standard,Corporate,116.3,0,1511.9
830,2025-04-20,12,52,2,2,Turkey,Superior,Travel Agency,110.35,0,1324.2
831,2026-01-05,8,13,4,0,Turkey,Superior,Direct,95.09,0,760.72
832,2025-11-14,1,55,2,0,Greece,Family,Corporate,167.52,0,167.52
833,2025-12-02,8,100,3,0,Portugal,Family,Travel Agency,156.27,0,1250.16
834,2025-09-12,2,157,1,0,Spain,Suite,Direct,234.46,0,468.92
835,2025-01-12,5,0,2,1,Egypt,Suite,OTA,210.58,1,0.0
836,2025-04-10,1,94,2,0,Egypt,Deluxe,Direct,195.51,0,195.51
837,2025-10-14,7,167,1,0,Spain,Standard,Travel Agency,65.84,1,0.0
838,2025-05-26,5,116,2,0,Spain,Family,OTA,195.79,1,0.0
839,2025-01-15,2,22,4,0,Portugal,Suite,Travel Agency,245.24,0,490.48
840,2025-10-04,1,179,3,1,Italy,Superior,OTA,85.39,0,85.39
841,2025-03-08,7,173,2,0,Spain,Family,Corporate,170.29,0,1192.03
842,2026-04-22,7,44,1,2,Spain,Standard,Travel Agency,109.83,0,768.81
843,2025-10-16,12,122,2,0,Spain,Deluxe,OTA,138.51,0,1662.12
844,2025-08-29,12,114,1,0,Egypt,Suite,Corporate,213.0,1,0.0
845,2025-08-26,12,12,2,0,Italy,Suite,Travel Agency,253.64,0,3043.68
846,2026-04-13,14,120,3,0,UAE,Deluxe,OTA,95.71,0,1339.94
847,2025-11-25,12,163,2,1,France,Suite,Corporate,233.06,0,2796.72
848,2026-01-17,8,88,2,0,Portugal,Suite,Corporate,272.28,0,2178.24
849,2026-01-04,7,22,3,0,France,Deluxe,Travel Agency,144.6,0,1012.2
850,2026-04-23,8,138,4,0,Spain,Deluxe,OTA,173.44,0,1387.52
851,2025-12-16,9,161,4,0,France,Superior,Corporate,82.7,1,0.0
852,2025-03-25,14,107,1,2,Spain,Suite,Direct,233.66,1,0.0
853,2025-01-05,5,140,4,0,Greece,Deluxe,Corporate,141.37,0,706.85
854,2025-04-30,6,95,3,1,Egypt,Superior,Travel Agency,122.23,0,733.38
855,2026-02-22,12,27,2,1,France,Superior,Direct,111.7,0,1340.4
856,2026-06-01,13,27,2,0,Italy,Deluxe,OTA,99.5,0,1293.5
857,2026-02-20,5,53,3,0,Greece,Standard,Direct,116.05,0,580.25
858,2025-02-01,5,30,2,0,Italy,Standard,Travel Agency,67.19,1,0.0
859,2026-04-09,2,108,2,1,Spain,Suite,Travel Agency,241.4,0,482.8
860,2025-12-18,7,95,2,0,Egypt,Suite,Corporate,232.26,0,1625.82
861,2025-02-12,11,125,1,1,UAE,Deluxe,Direct,149.58,0,1645.38
862,2025-09-19,12,121,2,2,Italy,Family,Travel Agency,172.35,0,2068.2
863,2026-05-18,1,97,1,1,Italy,Family,Travel Agency,152.82,0,152.82
864,2025-04-05,2,62,4,0,Portugal,Family,Travel Agency,194.29,0,388.58
865,2025-09-05,10,120,1,0,Turkey,Suite,Corporate,223.32,0,2233.2
866,2025-08-10,10,105,1,0,France,Suite,Direct,221.68,0,2216.8
867,2026-06-03,8,17,3,0,Portugal,Deluxe,Corporate,111.38,0,891.04
868,2025-02-19,5,149,1,2,Portugal,Superior,Corporate,96.52,0,482.6
869,2025-10-28,14,41,1,0,UAE,Family,Direct,158.02,0,2212.28
870,2025-06-08,14,19,2,1,Portugal,Superior,Direct,45.0,0,630.0
871,2026-02-01,13,167,2,1,Spain,Deluxe,OTA,99.57,0,1294.41
872,2025-08-17,6,174,3,1,Greece,Family,Direct,104.19,0,625.14
873,2025-04-14,3,35,2,2,Spain,Family,Corporate,169.36,0,508.08
874,2026-01-11,13,178,2,0,UAE,Suite,Direct,274.73,0,3571.49
875,2026-03-05,8,8,2,1,Egypt,Standard,Direct,45.18,0,361.44
876,2025-03-31,5,170,2,1,Egypt,Suite,OTA,239.14,0,1195.7
877,2025-05-21,2,6,2,0,France,Superior,Corporate,103.78,0,207.56
878,2026-01-18,9,67,2,0,France,Suite,Corporate,255.67,0,2301.03
879,2025-04-29,9,10,2,0,France,Deluxe,OTA,167.59,1,0.0
880,2026-02-05,1,95,1,2,Spain,Standard,Travel Agency,133.87,0,133.87
881,2026-06-28,1,77,2,0,Greece,Family,OTA,181.15,0,181.15
882,2025-07-13,11,121,2,1,Greece,Standard,OTA,59.94,0,659.34
883,2026-02-02,9,162,4,2,Italy,Superior,OTA,95.86,0,862.74
884,2026-06-07,3,17,2,2,Italy,Suite,OTA,228.22,0,684.66
885,2025-09-10,11,105,4,0,Greece,Deluxe,Corporate,133.96,0,1473.56
886,2025-03-03,13,110,1,0,Egypt,Standard,OTA,121.63,1,0.0
887,2026-01-18,7,115,3,0,France,Family,Corporate,191.31,1,0.0
888,2025-06-11,4,153,3,0,Portugal,Standard,Corporate,45.0,0,180.0
889,2025-02-01,7,16,3,0,France,Standard,Travel Agency,92.01,0,644.07
890,2025-10-12,7,71,2,0,Turkey,Suite,Travel Agency,213.62,0,1495.34
891,2025-11-12,14,120,3,1,Egypt,Suite,OTA,257.32,0,3602.48
892,2026-04-26,6,23,4,1,UAE,Suite,Direct,267.65,0,1605.9
893,2025-09-15,11,68,2,0,Greece,Deluxe,Travel Agency,144.22,0,1586.42
894,2025-09-03,10,48,2,0,Greece,Deluxe,Corporate,135.59,0,1355.9
895,2025-10-13,5,153,2,0,France,Deluxe,OTA,186.78,0,933.9
896,2026-01-06,12,138,3,0,Greece,Family,OTA,157.51,0,1890.12
897,2025-05-01,12,74,4,0,Greece,Suite,Travel Agency,220.1,0,2641.2
898,2025-07-07,11,127,2,0,Egypt,Family,Travel Agency,151.25,0,1663.75
899,2026-04-16,9,87,2,0,Italy,Deluxe,Direct,147.93,0,1331.37
900,2026-01-21,14,140,2,0,Italy,Superior,Travel Agency,116.08,1,0.0
901,2026-05-22,8,140,3,0,Egypt,Superior,Travel Agency,133.78,0,1070.24
902,2025-02-22,7,160,2,2,Italy,Family,Corporate,188.17,0,1317.19
903,2026-02-01,6,30,2,0,Italy,Deluxe,Direct,162.75,1,0.0
904,2025-02-12,14,17,2,0,Turkey,Superior,Direct,141.81,0,1985.34
905,2026-03-10,4,10,4,2,Spain,Standard,Direct,55.18,0,220.72
906,2025-12-12,10,70,2,1,Greece,Superior,OTA,73.87,0,738.7
907,2025-10-01,9,90,2,0,Spain,Suite,Travel Agency,254.43,0,2289.87
908,2025-08-14,3,98,2,2,Spain,Superior,Direct,106.78,0,320.34
909,2025-10-04,13,124,1,0,Greece,Family,OTA,198.88,0,2585.44
910,2025-09-05,8,156,2,0,Greece,Deluxe,Direct,149.03,1,0.0
911,2025-01-04,4,171,2,1,Egypt,Family,OTA,159.79,0,639.16
912,2025-08-26,2,20,2,1,Portugal,Superior,Corporate,124.81,0,249.62
913,2026-01-25,1,138,2,0,Portugal,Family,Travel Agency,177.03,1,0.0
914,2025-11-26,1,127,3,2,Egypt,Family,OTA,174.05,1,0.0
915,2026-01-17,3,180,1,2,Egypt,Superior,Corporate,169.71,0,509.13
916,2025-08-01,4,80,2,1,Turkey,Superior,Travel Agency,139.61,1,0.0
917,2025-08-25,7,153,2,0,Greece,Standard,Corporate,98.07,0,686.49
918,2025-01-23,7,146,2,0,Egypt,Standard,Corporate,82.79,0,579.53
919,2026-03-23,12,114,2,0,Egypt,Deluxe,Travel Agency,150.66,0,1807.92
920,2025-08-23,5,93,2,1,France,Superior,OTA,102.41,0,512.05
921,2026-06-14,10,135,2,0,Egypt,Deluxe,Direct,155.27,0,1552.7
922,2025-08-23,2,40,1,2,Spain,Deluxe,Direct,137.79,0,275.58
923,2026-06-22,5,115,2,0,France,Family,Travel Agency,145.28,0,726.4
924,2025-07-10,4,104,2,0,Italy,Superior,Direct,108.75,0,435.0
925,2025-02-23,10,167,4,0,Turkey,Suite,Corporate,247.27,0,2472.7
926,2026-03-10,3,60,1,0,Italy,Standard,Direct,103.95,0,311.85
927,2025-10-03,14,45,3,0,Portugal,Suite,Travel Agency,220.23,0,3083.22
928,2025-07-03,3,136,2,0,Spain,Deluxe,OTA,150.85,0,452.55
929,2025-10-06,9,5,3,2,Spain,Family,OTA,187.97,0,1691.73
930,2025-06-21,1,120,2,0,Greece,Suite,Travel Agency,252.4,0,252.4
931,2025-10-13,8,62,2,0,Italy,Superior,OTA,150.11,1,0.0
932,2025-02-13,2,96,2,0,Turkey,Family,Corporate,167.87,0,335.74
933,2026-02-09,9,138,4,1,Portugal,Suite,Travel Agency,218.29,0,1964.61
934,2026-02-19,13,64,3,1,France,Suite,Corporate,242.45,0,3151.85
935,2025-05-10,13,9,2,0,UAE,Deluxe,Direct,144.1,0,1873.3
936,2026-02-27,7,96,2,0,Spain,Deluxe,Corporate,139.83,0,978.81
937,2025-07-23,13,4,2,1,France,Family,OTA,161.63,0,2101.19
938,2025-11-06,7,62,2,0,Greece,Family,Travel Agency,182.37,0,1276.59
939,2026-05-14,7,119,4,1,UAE,Superior,Corporate,93.36,0,653.52
940,2025-05-14,7,13,2,0,Italy,Deluxe,Travel Agency,168.05,0,1176.35
941,2025-02-24,6,119,2,1,Italy,Suite,Travel Agency,256.8,0,1540.8
942,2025-12-30,14,131,3,1,Spain,Family,Direct,184.61,0,2584.54
943,2025-12-27,6,49,2,2,France,Standard,Direct,55.14,0,330.84
944,2025-05-30,12,143,2,0,Spain,Suite,OTA,246.24,1,0.0
945,2026-06-18,6,6,2,1,UAE,Suite,Corporate,265.74,1,0.0
946,2025-12-22,10,83,2,0,Spain,Suite,Direct,259.92,0,2599.2
947,2026-03-25,13,124,2,2,Spain,Suite,Direct,256.14,0,3329.82
948,2025-06-07,14,96,2,1,Turkey,Superior,OTA,110.48,0,1546.72
949,2025-07-21,2,157,2,0,Egypt,Superior,Direct,109.39,0,218.78
950,2025-02-15,5,3,2,0,Egypt,Suite,OTA,270.06,0,1350.3
951,2026-03-04,13,38,2,2,Turkey,Superior,Direct,116.98,0,1520.74
952,2025-03-09,3,9,2,1,Italy,Superior,Corporate,117.29,0,351.87
953,2025-06-19,11,126,1,0,Portugal,Deluxe,Travel Agency,218.88,0,2407.68
954,2026-04-26,5,147,3,2,UAE,Deluxe,OTA,142.36,0,711.8
955,2026-06-17,11,71,3,0,Greece,Standard,Corporate,45.0,1,0.0
956,2026-05-10,5,84,3,0,Portugal,Family,Direct,170.74,0,853.7
957,2025-11-04,13,65,1,0,Greece,Superior,OTA,107.13,1,0.0
958,2026-04-21,3,25,4,2,UAE,Family,Corporate,181.61,0,544.83
959,2026-03-06,10,84,2,0,Greece,Superior,Corporate,122.15,0,1221.5
960,2025-03-09,13,80,1,1,Egypt,Family,OTA,126.27,0,1641.51
961,2026-03-01,8,7,2,0,Italy,Deluxe,OTA,162.68,0,1301.44
962,2026-05-14,8,101,3,0,Egypt,Family,OTA,173.57,0,1388.56
963,2025-10-21,4,156,2,0,France,Suite,Travel Agency,233.43,0,933.72
964,2026-01-21,14,21,1,0,Italy,Standard,OTA,45.0,0,630.0
965,2026-03-15,8,23,4,0,Spain,Standard,Corporate,115.68,0,925.44
966,2025-07-01,1,34,2,0,UAE,Suite,Direct,229.51,0,229.51
967,2025-02-11,3,79,2,0,Spain,Suite,Direct,256.49,1,0.0
968,2025-02-10,10,0,2,0,Egypt,Family,Direct,154.9,0,1549.0
969,2025-10-01,10,74,3,2,Italy,Suite,Travel Agency,247.68,0,2476.8
970,2025-05-22,2,118,3,0,France,Suite,Direct,233.81,0,467.62
971,2026-05-24,10,57,4,0,Spain,Family,Travel Agency,190.69,0,1906.9
972,2025-06-16,12,121,2,0,Turkey,Deluxe,Corporate,143.01,0,1716.12
973,2026-03-05,13,60,2,0,Greece,Superior,Corporate,88.86,0,1155.18
974,2025-06-02,12,39,1,0,Spain,Suite,Direct,239.65,0,2875.8
975,2025-06-01,2,114,2,0,Italy,Deluxe,Travel Agency,148.43,0,296.86
976,2025-11-24,10,61,4,1,Egypt,Family,Direct,181.03,0,1810.3
977,2025-11-06,12,53,2,0,UAE,Superior,Corporate,133.09,0,1597.08
978,2025-07-16,6,16,1,0,Turkey,Family,OTA,148.73,0,892.38
979,2026-05-25,8,168,2,0,Portugal,Superior,Travel Agency,131.72,1,0.0
980,2026-03-09,11,80,3,0,Spain,Superior,Travel Agency,80.34,1,0.0
981,2026-03-02,2,124,2,0,Spain,Superior,OTA,124.7,0,249.4
982,2026-06-10,10,126,2,0,France,Family,Direct,190.49,0,1904.9
983,2025-01-10,11,92,4,0,UAE,Deluxe,Direct,138.29,0,1521.19
984,2025-04-18,8,128,2,0,France,Deluxe,Travel Agency,131.03,0,1048.24
985,2026-06-28,7,135,3,2,Greece,Family,Direct,154.84,1,0.0
986,2026-04-11,12,151,3,0,Portugal,Standard,Travel Agency,81.89,1,0.0
987,2025-12-07,1,104,3,0,Portugal,Family,Corporate,192.14,0,192.14
988,2025-08-25,6,151,2,1,Turkey,Deluxe,Direct,146.46,0,878.76
989,2025-08-23,11,148,2,1,Turkey,Standard,OTA,45.0,1,0.0
990,2025-02-11,4,115,2,1,Spain,Family,Direct,161.76,0,647.04
991,2025-03-19,13,70,3,2,Egypt,Standard,Travel Agency,65.95,0,857.35
992,2025-02-22,8,148,2,2,Turkey,Standard,OTA,91.98,0,735.84
993,2026-02-03,9,84,2,2,Greece,Standard,Corporate,93.28,0,839.52
994,2025-03-23,6,165,2,1,Spain,Standard,OTA,83.72,0,502.32
995,2025-09-22,3,168,2,0,Egypt,Superior,Corporate,131.77,0,395.31
996,2025-07-28,12,41,2,0,Turkey,Deluxe,Direct,173.72,0,2084.64
997,2025-03-20,3,31,1,0,Italy,Deluxe,OTA,138.11,0,414.33
998,2025-04-27,13,115,2,0,Portugal,Suite,Direct,219.35,0,2851.55
999,2026-05-08,11,157,2,0,UAE,Standard,Travel Agency,78.1,0,859.1
1000,2025-06-30,7,48,3,0,Spain,Suite,Direct,197.88,0,1385.16
1001,2025-03-06,3,37,2,0,Greece,Family,Travel Agency,178.67,1,0.0
1002,2025-01-31,6,99,2,0,Egypt,Superior,OTA,96.95,0,581.7
1003,2025-07-14,10,163,2,2,Italy,Superior,Corporate,186.92,0,1869.2
1004,2026-04-14,7,82,4,0,Greece,Standard,Direct,114.0,0,798.0
1005,2026-04-09,4,0,3,0,Spain,Deluxe,Travel Agency,134.8,0,539.2
1006,2026-03-02,12,1,2,1,Italy,Superior,Direct,84.64,0,1015.68
1007,2026-06-18,9,29,3,0,Portugal,Family,Travel Agency,157.97,0,1421.73
1008,2025-05-03,10,8,4,0,Greece,Deluxe,Corporate,174.2,0,1742.0
1009,2025-10-28,1,27,1,0,France,Deluxe,Corporate,174.84,0,174.84
1010,2025-06-06,5,87,2,0,UAE,Standard,Corporate,114.35,0,571.75
1011,2025-11-12,12,76,2,0,Spain,Deluxe,Travel Agency,128.69,0,1544.28
1012,2025-07-09,12,23,2,2,Italy,Deluxe,Direct,161.88,0,1942.56
1013,2025-04-08,5,85,2,0,France,Suite,OTA,220.71,0,1103.55
1014,2025-03-22,4,12,2,0,Italy,Suite,Travel Agency,280.24,0,1120.96
1015,2025-11-01,2,103,1,0,Egypt,Standard,Travel Agency,59.45,0,118.9
1016,2025-10-03,12,13,2,0,Italy,Suite,Direct,209.52,1,0.0
1017,2025-04-20,8,10,2,0,Egypt,Suite,Direct,213.39,0,1707.12
1018,2025-09-28,3,151,3,0,Italy,Deluxe,OTA,149.75,0,449.25
1019,2025-07-09,11,145,4,0,Spain,Family,OTA,191.77,1,0.0
1020,2025-05-10,3,174,3,0,Egypt,Standard,Travel Agency,95.09,0,285.27
1021,2025-07-12,8,140,2,0,Egypt,Superior,Corporate,84.31,0,674.48
1022,2025-07-17,14,135,2,0,France,Family,Corporate,165.67,0,2319.38
1023,2025-10-22,5,63,3,0,Egypt,Deluxe,Corporate,137.59,1,0.0
1024,2025-01-02,2,103,3,0,Turkey,Superior,OTA,81.16,0,162.32
1025,2025-05-03,11,63,2,0,Greece,Superior,Direct,97.04,0,1067.44
1026,2025-03-15,11,101,2,0,Turkey,Standard,Direct,113.13,0,1244.43
1027,2025-08-04,12,28,4,0,Egypt,Standard,Travel Agency,48.2,0,578.4
1028,2025-07-31,8,36,2,0,UAE,Deluxe,Corporate,155.28,0,1242.24
1029,2026-01-23,11,132,4,0,Portugal,Superior,OTA,143.78,0,1581.58
1030,2025-07-31,7,90,2,0,Portugal,Family,Travel Agency,207.32,0,1451.24
1031,2026-03-24,1,64,1,1,Portugal,Superior,Direct,151.59,0,151.59
1032,2025-03-03,12,117,3,0,Greece,Family,Direct,182.63,0,2191.56
1033,2025-10-22,3,72,2,0,Egypt,Standard,Corporate,91.18,0,273.54
1034,2026-06-27,2,150,2,0,Turkey,Superior,Corporate,97.47,1,0.0
1035,2025-07-25,12,70,2,1,Turkey,Superior,Corporate,77.74,0,932.88
1036,2025-08-14,8,34,1,0,Portugal,Family,OTA,171.42,1,0.0
1037,2026-06-06,11,37,1,0,UAE,Suite,Travel Agency,267.41,0,2941.51
1038,2025-04-12,5,168,3,0,Egypt,Standard,Direct,45.0,0,225.0
1039,2025-04-20,4,72,2,0,France,Family,Direct,163.51,0,654.04
1040,2025-06-02,1,83,4,2,Egypt,Suite,Travel Agency,253.58,0,253.58
1041,2025-01-02,8,49,2,0,Turkey,Family,Travel Agency,175.08,0,1400.64
1042,2025-10-06,10,51,4,1,UAE,Standard,Corporate,110.75,1,0.0
1043,2026-04-29,10,50,2,0,Spain,Deluxe,Travel Agency,174.57,0,1745.7
1044,2026-04-28,13,61,3,0,Portugal,Superior,Corporate,75.0,0,975.0
1045,2025-01-17,12,19,1,2,France,Superior,Corporate,112.07,0,1344.84
1046,2025-02-14,4,119,2,2,Italy,Standard,Corporate,61.8,0,247.2
1047,2025-05-19,4,54,2,0,Italy,Standard,Travel Agency,61.51,0,246.04
1048,2025-01-12,10,104,1,0,Portugal,Superior,Direct,76.63,0,766.3
1049,2025-12-15,4,156,1,0,Turkey,Suite,OTA,246.01,0,984.04
1050,2025-02-15,8,176,2,2,France,Standard,Corporate,111.33,0,890.64
1051,2025-08-10,13,105,2,0,Italy,Suite,OTA,248.17,0,3226.21
1052,2025-10-12,1,109,4,0,UAE,Family,OTA,140.27,0,140.27
1053,2025-01-28,12,24,4,2,Spain,Deluxe,OTA,148.71,1,0.0
1054,2025-06-26,14,40,2,0,France,Superior,OTA,122.58,0,1716.12
1055,2025-07-22,3,75,2,0,Portugal,Superior,OTA,106.92,0,320.76
1056,2025-02-02,2,52,2,0,Egypt,Superior,Direct,117.73,0,235.46
1057,2025-06-12,8,96,1,0,UAE,Standard,OTA,63.61,0,508.88
1058,2026-03-07,2,21,2,0,Italy,Superior,Corporate,104.11,0,208.22
1059,2025-04-22,7,58,4,0,Turkey,Suite,Travel Agency,232.64,0,1628.48
1060,2026-04-09,3,152,3,2,Greece,Family,Corporate,211.32,0,633.96
1061,2025-06-26,10,113,2,0,Turkey,Suite,OTA,214.79,0,2147.9
1062,2025-01-21,4,103,2,1,Portugal,Standard,Direct,45.0,0,180.0
1063,2025-05-10,1,58,4,2,Italy,Suite,Corporate,274.46,0,274.46
1064,2026-02-09,11,148,4,0,Spain,Suite,OTA,242.9,0,2671.9
1065,2025-08-26,13,32,2,0,Italy,Superior,Direct,80.05,0,1040.65
1066,2025-12-14,9,137,1,0,Turkey,Deluxe,OTA,172.18,0,1549.62
1067,2025-07-02,1,109,2,0,France,Superior,Direct,124.12,0,124.12
1068,2026-06-15,3,159,2,0,Egypt,Suite,Direct,280.89,1,0.0
1069,2025-11-26,8,42,4,0,UAE,Standard,Direct,84.81,0,678.48
1070,2025-01-12,13,6,4,0,Spain,Standard,Travel Agency,139.8,0,1817.4
1071,2025-06-18,13,163,3,0,Italy,Superior,Corporate,107.13,0,1392.69
1072,2025-04-11,8,137,4,0,Spain,Suite,Direct,254.17,1,0.0
1073,2025-06-03,6,80,2,0,Turkey,Deluxe,Travel Agency,167.79,0,1006.74
1074,2025-06-13,2,139,2,2,Portugal,Deluxe,Corporate,227.82,0,455.64
1075,2026-06-19,13,19,2,0,Turkey,Suite,Direct,229.41,0,2982.33
1076,2025-11-18,7,120,1,2,Egypt,Family,Direct,163.66,0,1145.62
1077,2025-02-15,10,12,1,0,Greece,Family,Travel Agency,193.32,0,1933.2
1078,2025-12-16,2,92,4,2,Turkey,Suite,OTA,208.14,0,416.28
1079,2026-02-19,7,144,1,0,Egypt,Superior,Travel Agency,91.64,0,641.48
1080,2026-06-08,4,82,2,0,UAE,Deluxe,OTA,146.46,0,585.84
1081,2026-01-20,12,10,3,0,Portugal,Standard,Corporate,119.96,1,0.0
1082,2025-08-01,4,105,3,2,Portugal,Suite,Travel Agency,258.34,0,1033.36
1083,2025-01-18,13,159,4,2,France,Superior,Direct,111.92,0,1454.96
1084,2025-03-04,5,12,1,1,Turkey,Suite,Direct,227.21,0,1136.05
1085,2026-06-26,12,1,2,0,France,Suite,Corporate,187.38,0,2248.56
1086,2026-05-26,4,132,2,1,Greece,Suite,Direct,291.05,0,1164.2
1087,2026-02-14,5,62,2,0,France,Family,Travel Agency,173.55,0,867.75
1088,2025-06-24,9,146,4,0,Egypt,Deluxe,OTA,131.62,0,1184.58
1089,2025-01-22,4,107,4,0,UAE,Suite,Corporate,296.93,0,1187.72
1090,2025-08-08,2,79,2,0,Portugal,Standard,Corporate,49.14,0,98.28
1091,2025-10-26,11,99,2,0,UAE,Deluxe,Direct,182.2,0,2004.2
1092,2025-07-11,7,58,4,0,UAE,Suite,OTA,240.36,0,1682.52
1093,2025-10-28,4,5,4,0,Portugal,Family,Travel Agency,193.28,0,773.12
1094,2026-02-26,13,71,2,2,Spain,Superior,Direct,123.46,0,1604.98
1095,2026-01-13,4,142,4,2,France,Deluxe,Travel Agency,167.89,1,0.0
1096,2025-05-18,8,156,4,0,UAE,Standard,Travel Agency,139.86,0,1118.88
1097,2025-02-28,14,74,2,0,Greece,Superior,Travel Agency,164.63,0,2304.82
1098,2025-07-18,14,134,2,2,UAE,Standard,Corporate,62.83,0,879.62
1099,2025-08-16,13,36,1,0,Italy,Suite,Corporate,252.48,1,0.0
1100,2026-06-23,8,31,3,0,Greece,Superior,Direct,67.69,0,541.52
1101,2025-07-22,8,55,2,1,UAE,Superior,Direct,130.7,0,1045.6
1102,2026-02-21,14,8,4,0,Italy,Suite,Corporate,266.78,0,3734.92
1103,2025-12-02,7,24,2,2,Egypt,Suite,Direct,188.14,0,1316.98
1104,2025-01-11,3,53,1,0,Italy,Deluxe,Corporate,149.45,0,448.35
1105,2025-04-25,9,32,3,2,Spain,Superior,Corporate,128.23,0,1154.07
1106,2025-12-08,8,163,4,1,Turkey,Deluxe,Direct,158.78,0,1270.24
1107,2026-03-02,1,158,4,0,Egypt,Deluxe,Travel Agency,119.59,0,119.59
1108,2025-05-18,1,19,2,2,Italy,Standard,Travel Agency,51.96,0,51.96
1109,2025-04-22,9,74,2,0,Egypt,Suite,Corporate,236.54,0,2128.86
1110,2025-12-18,14,6,3,0,Egypt,Superior,OTA,99.4,0,1391.6
1111,2025-06-11,4,155,3,2,France,Standard,OTA,71.62,0,286.48
1112,2026-04-08,5,85,2,1,Italy,Standard,Travel Agency,46.47,0,232.35
1113,2025-02-07,12,75,2,2,Egypt,Standard,Travel Agency,80.78,0,969.36
1114,2025-01-22,13,86,2,1,Egypt,Family,Corporate,215.19,0,2797.47
1115,2025-02-17,9,177,1,0,France,Family,Direct,145.53,0,1309.77
1116,2025-02-13,4,14,3,0,UAE,Family,Corporate,169.51,0,678.04
1117,2025-04-01,14,6,2,0,Portugal,Standard,Travel Agency,95.24,0,1333.36
1118,2025-08-06,2,44,2,0,UAE,Deluxe,Direct,111.12,0,222.24
1119,2026-03-17,9,140,2,1,Italy,Family,Corporate,176.03,0,1584.27
1120,2026-03-11,13,143,4,0,Greece,Suite,Travel Agency,265.93,0,3457.09
1121,2025-10-25,12,10,1,0,Turkey,Suite,Direct,215.16,0,2581.92
1122,2026-06-25,8,49,2,0,Greece,Family,OTA,178.4,0,1427.2
1123,2026-02-22,1,54,2,0,Italy,Standard,Direct,103.91,0,103.91
1124,2026-01-15,8,176,4,0,Spain,Suite,Travel Agency,298.12,0,2384.96
1125,2025-03-08,13,74,2,2,France,Standard,Corporate,82.11,0,1067.43
1126,2025-09-19,10,42,2,2,Egypt,Suite,Corporate,222.16,0,2221.6
1127,2025-10-31,14,141,4,2,Portugal,Standard,Travel Agency,45.0,0,630.0
1128,2025-05-29,9,93,3,1,Greece,Superior,Travel Agency,92.36,0,831.24
1129,2025-04-16,5,5,3,0,Greece,Superior,OTA,75.2,1,0.0
1130,2025-04-21,3,57,2,0,Egypt,Family,Direct,217.6,0,652.8
1131,2026-02-22,10,179,1,2,Portugal,Superior,Corporate,132.23,0,1322.3
1132,2025-05-01,8,106,1,1,France,Superior,Travel Agency,81.96,0,655.68
1133,2025-08-22,9,155,2,0,UAE,Superior,OTA,90.83,0,817.47
1134,2025-01-18,14,72,1,0,Egypt,Standard,OTA,81.7,0,1143.8
1135,2026-03-21,6,7,3,0,Egypt,Suite,Travel Agency,265.72,0,1594.32
1136,2025-05-31,7,169,2,0,Egypt,Suite,Corporate,252.54,0,1767.78
1137,2025-12-19,7,161,1,0,Spain,Suite,Corporate,250.01,0,1750.07
1138,2026-03-13,2,172,4,0,Greece,Suite,Travel Agency,245.04,1,0.0
1139,2025-12-11,13,30,2,0,Turkey,Family,OTA,148.16,0,1926.08
1140,2025-09-04,10,79,3,0,Spain,Standard,OTA,82.03,0,820.3
1141,2026-05-05,13,57,1,0,Egypt,Suite,Corporate,239.0,0,3107.0
1142,2026-02-03,2,14,1,1,Greece,Standard,Direct,45.0,0,90.0
1143,2025-07-17,14,156,2,0,Spain,Standard,Corporate,121.83,0,1705.62
1144,2026-06-25,1,156,4,0,Italy,Deluxe,Direct,135.26,0,135.26
1145,2025-11-26,1,116,2,0,Greece,Suite,Corporate,205.49,0,205.49
1146,2026-02-26,11,36,1,0,Greece,Deluxe,Travel Agency,139.1,0,1530.1
1147,2025-01-18,8,112,2,2,Turkey,Family,OTA,168.56,0,1348.48
1148,2025-03-01,12,114,2,1,Egypt,Superior,OTA,108.26,0,1299.12
1149,2025-12-19,1,142,1,1,Portugal,Family,Direct,168.16,1,0.0
1150,2025-06-14,10,179,3,0,Turkey,Standard,Corporate,79.64,0,796.4
1151,2026-06-21,11,136,2,0,Greece,Superior,OTA,113.74,0,1251.14
1152,2026-04-10,4,22,2,0,UAE,Superior,OTA,112.45,0,449.8
1153,2025-12-20,7,27,2,2,Italy,Family,Direct,184.82,0,1293.74
1154,2025-07-29,14,42,4,0,Italy,Suite,OTA,251.34,0,3518.76
1155,2025-01-01,7,28,2,1,Greece,Suite,Travel Agency,251.99,0,1763.93
1156,2025-05-16,8,126,3,2,UAE,Family,Direct,193.22,0,1545.76
1157,2025-07-14,4,114,1,2,Turkey,Deluxe,Travel Agency,132.69,0,530.76
1158,2025-02-20,12,43,3,0,Spain,Superior,Corporate,93.52,0,1122.24
1159,2025-10-29,9,11,1,1,Turkey,Deluxe,Direct,175.85,0,1582.65
1160,2025-08-31,8,52,4,0,Italy,Family,Corporate,164.81,0,1318.48
1161,2025-04-21,3,118,4,1,France,Superior,Direct,106.89,0,320.67
1162,2025-01-15,14,41,4,0,Portugal,Suite,OTA,234.72,0,3286.08
1163,2025-04-15,11,49,2,2,Egypt,Superior,Travel Agency,166.9,0,1835.9
1164,2026-05-19,13,175,3,1,Greece,Family,OTA,153.69,0,1997.97
1165,2025-09-06,2,131,2,2,UAE,Family,Direct,153.27,0,306.54
1166,2025-12-13,4,146,2,0,Portugal,Suite,Corporate,239.73,0,958.92
1167,2026-02-17,11,30,2,1,Spain,Family,Corporate,170.4,0,1874.4
1168,2025-08-30,7,132,2,0,UAE,Standard,Corporate,51.75,0,362.25
1169,2025-05-28,2,168,2,0,Greece,Deluxe,Travel Agency,147.7,0,295.4
1170,2025-06-13,2,100,4,0,Spain,Deluxe,Corporate,150.4,0,300.8
1171,2025-04-18,11,67,2,2,France,Standard,OTA,67.41,0,741.51
1172,2025-03-16,10,35,2,2,Egypt,Family,Direct,171.23,0,1712.3
1173,2025-10-02,4,110,3,2,Turkey,Suite,Direct,220.85,0,883.4
1174,2025-06-12,3,9,2,0,Greece,Suite,Corporate,211.8,0,635.4
1175,2025-09-14,9,74,4,0,Turkey,Suite,Travel Agency,229.63,0,2066.67
1176,2026-06-09,9,161,1,0,Turkey,Deluxe,Corporate,125.12,0,1126.08
1177,2026-06-04,8,9,4,1,Italy,Deluxe,OTA,117.46,0,939.68
1178,2025-08-29,9,102,2,1,Portugal,Superior,OTA,63.67,1,0.0
1179,2025-01-27,10,115,2,1,Italy,Suite,Direct,245.47,0,2454.7
1180,2026-04-18,8,156,3,1,Egypt,Suite,OTA,228.84,0,1830.72
1181,2026-03-23,9,127,4,0,France,Deluxe,OTA,176.01,0,1584.09
1182,2026-05-21,12,9,4,2,UAE,Suite,Direct,191.12,0,2293.44
1183,2026-02-13,11,47,4,0,UAE,Standard,Travel Agency,70.78,0,778.58
1184,2025-01-31,11,92,2,1,UAE,Family,Direct,180.35,0,1983.85
1185,2025-02-01,11,31,2,0,France,Deluxe,Travel Agency,134.11,0,1475.21
1186,2025-10-02,5,46,3,1,Portugal,Suite,Corporate,238.97,0,1194.85
1187,2025-07-20,3,90,3,0,France,Superior,OTA,63.84,0,191.52
1188,2026-06-30,12,147,2,1,Greece,Superior,Direct,99.28,0,1191.36
1189,2025-12-15,7,42,2,0,UAE,Superior,Travel Agency,88.84,1,0.0
1190,2026-05-10,3,87,2,0,France,Family,OTA,198.14,0,594.42
1191,2025-08-16,6,135,3,0,Italy,Superior,Direct,113.74,0,682.44
1192,2026-02-05,6,93,1,1,Turkey,Family,Travel Agency,194.27,0,1165.62
1193,2025-01-17,10,82,2,0,Turkey,Superior,Direct,139.0,0,1390.0
1194,2025-07-18,5,160,3,0,Italy,Standard,Corporate,67.35,1,0.0
1195,2026-05-11,3,12,2,2,UAE,Suite,OTA,242.68,0,728.04
1196,2025-10-03,13,9,1,0,Greece,Family,Travel Agency,148.04,0,1924.52
1197,2025-04-01,6,75,2,0,UAE,Deluxe,OTA,159.01,0,954.06
1198,2025-04-20,4,44,2,2,Greece,Family,Corporate,187.61,1,0.0
1199,2026-06-22,2,60,2,1,UAE,Standard,Direct,87.27,0,174.54
1200,2025-09-30,14,38,4,0,Turkey,Standard,Direct,67.32,0,942.48
1201,2025-12-29,3,116,2,2,Italy,Suite,Corporate,284.62,1,0.0
1202,2025-03-03,10,33,2,0,Turkey,Deluxe,OTA,150.34,0,1503.4
1203,2025-08-29,14,131,3,2,UAE,Family,OTA,248.39,0,3477.46
1204,2025-05-21,6,142,2,1,Spain,Deluxe,Corporate,123.17,0,739.02
1205,2026-04-06,9,113,2,0,France,Superior,Corporate,125.01,0,1125.09
1206,2025-12-12,9,86,4,0,UAE,Suite,Corporate,263.95,0,2375.55
1207,2026-01-08,13,81,4,2,Turkey,Superior,OTA,83.6,0,1086.8
1208,2025-11-08,10,30,1,1,UAE,Standard,OTA,73.58,0,735.8
1209,2025-01-07,1,10,2,0,UAE,Superior,OTA,75.05,0,75.05
1210,2025-03-16,4,33,4,0,UAE,Deluxe,Direct,180.06,0,720.24
1211,2025-08-02,1,82,2,1,Spain,Suite,OTA,237.45,0,237.45
1212,2026-03-12,9,46,4,0,Turkey,Deluxe,Travel Agency,128.94,0,1160.46
1213,2026-06-17,9,157,2,1,Portugal,Superior,Corporate,134.3,0,1208.7
1214,2025-08-16,7,114,4,1,Turkey,Family,OTA,174.67,0,1222.69
1215,2025-01-07,3,93,3,0,UAE,Deluxe,OTA,170.48,1,0.0
1216,2025-03-13,9,55,2,2,Italy,Superior,OTA,120.6,0,1085.4
1217,2025-03-06,3,51,3,0,Spain,Deluxe,Direct,125.86,0,377.58
1218,2025-03-02,7,2,1,2,Greece,Family,Travel Agency,161.54,0,1130.78
1219,2026-05-17,3,52,4,2,Portugal,Deluxe,Direct,129.56,0,388.68
1220,2026-06-30,3,120,2,2,Italy,Family,OTA,146.65,0,439.95
1221,2025-07-05,6,122,2,0,Turkey,Deluxe,Travel Agency,109.32,0,655.92
1222,2026-05-11,3,97,2,2,Spain,Deluxe,OTA,200.56,0,601.68
1223,2025-04-03,9,171,4,1,Egypt,Suite,OTA,246.81,0,2221.29
1224,2025-04-15,7,13,3,0,Portugal,Standard,Corporate,90.44,0,633.08
1225,2025-06-29,2,117,4,0,Greece,Family,OTA,202.3,0,404.6
1226,2025-07-10,14,7,2,0,France,Superior,OTA,96.3,1,0.0
1227,2026-02-26,3,25,4,1,UAE,Suite,Direct,206.6,0,619.8
1228,2025-11-07,4,141,3,0,Greece,Superior,Travel Agency,128.1,0,512.4
1229,2026-01-08,12,62,3,2,Greece,Deluxe,Travel Agency,120.01,0,1440.12
1230,2025-10-01,7,31,2,1,Portugal,Superior,OTA,127.47,0,892.29
1231,2026-02-07,5,63,1,2,UAE,Deluxe,Travel Agency,113.24,0,566.2
1232,2026-05-26,10,29,2,1,Portugal,Standard,OTA,48.43,1,0.0
1233,2025-06-28,8,17,2,0,UAE,Superior,Corporate,93.97,0,751.76
1234,2026-06-24,8,28,2,1,UAE,Superior,OTA,126.48,0,1011.84
1235,2025-05-14,3,7,4,0,France,Deluxe,Corporate,190.47,0,571.41
1236,2025-02-25,9,48,2,0,Spain,Deluxe,Corporate,160.4,0,1443.6
1237,2026-04-22,9,128,3,2,Portugal,Deluxe,OTA,134.87,0,1213.83
1238,2026-01-17,11,131,2,0,Greece,Suite,Corporate,262.76,0,2890.36
1239,2025-03-04,13,10,2,0,Turkey,Deluxe,OTA,112.6,0,1463.8
1240,2026-02-02,11,20,3,2,UAE,Standard,Corporate,57.04,0,627.44
1241,2025-03-10,6,41,2,2,Italy,Standard,OTA,81.99,0,491.94
1242,2025-06-21,13,150,4,0,Spain,Standard,Travel Agency,98.97,0,1286.61
1243,2025-07-23,8,70,4,2,Greece,Standard,OTA,74.78,0,598.24
1244,2025-01-06,10,106,2,0,Greece,Suite,Corporate,232.18,0,2321.8
1245,2025-04-06,10,29,2,1,Spain,Superior,OTA,103.57,1,0.0
1246,2025-04-29,4,40,1,1,Egypt,Family,OTA,202.05,0,808.2
1247,2025-02-24,2,155,4,0,Italy,Standard,Corporate,61.03,0,122.06
1248,2026-02-17,2,33,2,0,Italy,Suite,Direct,215.53,1,0.0
1249,2026-04-03,3,87,4,2,Portugal,Superior,OTA,103.19,0,309.57
1250,2025-08-08,1,75,3,0,Egypt,Family,Travel Agency,205.84,1,0.0
1251,2025-08-02,9,3,4,0,Portugal,Deluxe,Direct,133.58,0,1202.22
1252,2025-06-03,13,72,2,0,Italy,Deluxe,Direct,143.49,0,1865.37
1253,2026-02-09,11,134,2,0,Spain,Suite,Travel Agency,202.25,0,2224.75
1254,2025-05-18,3,152,2,1,France,Standard,OTA,74.49,0,223.47
1255,2026-01-11,6,97,1,0,Greece,Suite,Travel Agency,245.58,0,1473.48
1256,2025-05-12,13,177,3,1,Spain,Standard,OTA,50.04,1,0.0
1257,2026-04-10,2,36,2,0,Egypt,Deluxe,Travel Agency,177.1,0,354.2
1258,2026-01-11,7,78,2,0,Spain,Deluxe,Direct,155.26,0,1086.82
1259,2025-06-09,1,36,2,0,Egypt,Standard,Travel Agency,67.06,0,67.06
1260,2025-06-15,8,59,3,1,Turkey,Standard,OTA,85.45,0,683.6
1261,2025-03-04,8,21,2,1,Spain,Family,OTA,186.89,0,1495.12
1262,2025-05-14,3,72,3,0,UAE,Deluxe,Travel Agency,106.33,1,0.0
1263,2025-06-12,14,175,4,0,Greece,Deluxe,Direct,156.4,0,2189.6
1264,2025-09-13,1,31,1,2,UAE,Family,Corporate,204.83,0,204.83
1265,2026-04-08,6,108,2,2,Italy,Deluxe,Corporate,130.71,0,784.26
1266,2025-12-23,6,72,2,0,Greece,Deluxe,Corporate,137.55,0,825.3
1267,2025-04-19,3,64,2,1,Spain,Standard,Direct,71.32,1,0.0
1268,2025-03-02,13,30,3,0,Spain,Superior,Direct,129.27,0,1680.51
1269,2026-02-27,9,58,1,1,Egypt,Deluxe,Direct,123.65,0,1112.85
1270,2026-05-16,3,108,3,0,Spain,Suite,Direct,250.7,0,752.1
1271,2026-01-11,8,27,2,2,Spain,Standard,Travel Agency,71.76,0,574.08
1272,2025-03-04,8,21,2,2,Spain,Family,Corporate,216.87,1,0.0
1273,2025-04-15,4,13,2,0,UAE,Standard,Direct,73.13,0,292.52
1274,2025-10-22,6,135,2,1,Turkey,Superior,Corporate,54.97,0,329.82
1275,2025-06-29,2,180,2,0,Spain,Suite,Corporate,255.34,0,510.68
1276,2025-07-06,6,136,3,0,Portugal,Family,Corporate,184.39,0,1106.34
1277,2025-09-17,8,7,2,0,Spain,Deluxe,OTA,154.19,0,1233.52
1278,2025-07-25,10,103,2,1,Turkey,Family,Corporate,204.06,0,2040.6
1279,2026-03-24,14,38,1,0,Italy,Suite,OTA,199.2,0,2788.8
1280,2025-05-22,12,121,1,0,Spain,Deluxe,Corporate,127.38,0,1528.56
1281,2026-03-01,7,25,2,0,Spain,Standard,Direct,78.84,1,0.0
1282,2025-02-21,8,150,2,1,Italy,Deluxe,Direct,152.85,0,1222.8
1283,2025-01-21,12,167,2,2,Greece,Suite,Direct,235.24,0,2822.88
1284,2025-10-04,10,0,2,0,Italy,Deluxe,OTA,112.56,0,1125.6
1285,2025-02-13,5,156,3,2,Spain,Suite,Travel Agency,227.78,0,1138.9
1286,2026-05-24,7,155,3,1,Greece,Standard,OTA,119.72,0,838.04
1287,2026-04-20,10,112,4,0,Egypt,Family,Travel Agency,147.59,0,1475.9
1288,2025-04-15,7,97,1,0,Greece,Family,Travel Agency,173.3,0,1213.1
1289,2025-02-20,8,122,3,0,Greece,Superior,OTA,120.79,0,966.32
1290,2025-11-27,7,46,2,2,Turkey,Suite,Direct,258.49,0,1809.43
1291,2026-04-02,13,3,1,0,France,Family,OTA,190.22,1,0.0
1292,2025-01-27,4,119,1,2,Portugal,Suite,OTA,226.07,0,904.28
1293,2025-04-19,2,105,1,0,Spain,Deluxe,Direct,127.28,0,254.56
1294,2025-03-27,4,94,4,2,Portugal,Superior,Direct,152.11,1,0.0
1295,2025-03-27,8,5,4,2,Turkey,Suite,Direct,261.06,0,2088.48
1296,2025-03-14,9,102,2,0,France,Superior,Direct,110.58,0,995.22
1297,2026-04-08,6,133,3,0,Portugal,Suite,Travel Agency,273.78,0,1642.68
1298,2026-03-25,1,138,2,0,Spain,Deluxe,Direct,112.19,0,112.19
1299,2026-03-05,8,81,2,0,France,Superior,Corporate,76.73,0,613.84
1300,2025-03-29,5,152,2,0,Italy,Superior,Corporate,55.55,1,0.0
1301,2025-10-04,13,42,3,1,France,Family,Corporate,177.57,1,0.0
1302,2026-05-04,11,162,1,0,Spain,Suite,Travel Agency,243.73,0,2681.03
1303,2025-08-23,12,30,2,0,Egypt,Standard,Travel Agency,45.0,0,540.0
1304,2026-03-14,1,126,3,0,France,Family,Travel Agency,195.08,0,195.08
1305,2025-08-18,6,96,2,0,Portugal,Suite,Corporate,192.68,0,1156.08
1306,2025-07-06,5,163,1,2,Egypt,Deluxe,Corporate,157.79,0,788.95
1307,2026-01-28,9,63,4,0,Egypt,Standard,Travel Agency,93.36,0,840.24
1308,2026-04-09,9,79,2,0,Portugal,Standard,OTA,82.28,1,0.0
1309,2025-12-13,2,98,2,0,UAE,Suite,OTA,201.71,0,403.42
1310,2026-02-21,5,138,3,0,Spain,Suite,OTA,268.76,0,1343.8
1311,2025-09-30,9,102,3,2,Greece,Suite,Direct,226.84,0,2041.56
1312,2026-03-23,3,66,2,1,France,Suite,Corporate,226.91,0,680.73
1313,2025-03-11,7,5,3,0,Italy,Deluxe,Direct,132.26,0,925.82
1314,2025-08-08,14,28,3,0,UAE,Suite,OTA,256.11,0,3585.54
1315,2025-07-29,12,104,1,0,Greece,Family,Corporate,160.74,0,1928.88
1316,2025-01-01,6,47,2,0,Turkey,Deluxe,Direct,120.52,0,723.12
1317,2026-02-15,6,179,1,0,UAE,Deluxe,Travel Agency,173.15,0,1038.9
1318,2026-05-23,3,67,1,2,Italy,Family,Travel Agency,172.72,0,518.16
1319,2025-02-02,14,49,4,0,Turkey,Standard,Corporate,104.1,0,1457.4
1320,2026-02-16,14,16,2,1,Italy,Suite,OTA,239.5,1,0.0
1321,2025-09-22,10,137,3,2,Spain,Suite,Direct,220.72,0,2207.2
1322,2026-02-15,8,141,2,0,Turkey,Standard,Corporate,45.0,0,360.0
1323,2025-10-05,7,132,1,0,UAE,Suite,OTA,242.68,0,1698.76
1324,2026-02-08,11,96,2,2,Egypt,Suite,OTA,231.37,1,0.0
1325,2026-02-10,12,158,3,1,Turkey,Suite,Corporate,257.2,0,3086.4
1326,2025-11-16,12,23,2,0,Turkey,Deluxe,Direct,134.68,0,1616.16
1327,2025-04-24,2,157,2,2,France,Standard,Corporate,88.55,0,177.1
1328,2026-01-05,4,178,2,0,UAE,Standard,Direct,78.5,0,314.0
1329,2026-05-01,2,108,4,0,Greece,Suite,Corporate,218.73,0,437.46
1330,2025-08-01,7,80,2,1,France,Standard,Travel Agency,66.47,0,465.29
1331,2025-12-02,6,153,1,1,Portugal,Standard,Direct,46.26,0,277.56
1332,2025-01-26,10,167,4,2,Turkey,Superior,Travel Agency,154.2,1,0.0
1333,2026-06-28,10,64,2,0,Turkey,Family,Corporate,183.0,0,1830.0
1334,2025-10-08,13,142,3,1,Egypt,Family,Corporate,139.83,1,0.0
1335,2025-02-21,6,111,2,0,Spain,Deluxe,Travel Agency,192.61,0,1155.66
1336,2026-03-10,14,93,2,1,UAE,Suite,Direct,212.3,0,2972.2
1337,2026-04-07,13,78,2,0,Greece,Suite,Direct,224.28,0,2915.64
1338,2026-03-12,3,62,2,0,Egypt,Family,OTA,168.06,1,0.0
1339,2025-07-08,13,107,2,0,Spain,Standard,Corporate,79.09,0,1028.17
1340,2025-12-09,10,155,2,0,Spain,Standard,Corporate,96.49,0,964.9
1341,2025-06-14,14,47,1,0,France,Deluxe,OTA,100.82,0,1411.48
1342,2026-04-08,7,122,4,1,Turkey,Family,OTA,174.47,0,1221.29
1343,2025-11-20,10,17,2,0,Italy,Standard,OTA,71.83,0,718.3
1344,2025-10-15,12,25,1,0,Turkey,Suite,Corporate,243.12,0,2917.44
1345,2025-03-03,1,137,1,0,Portugal,Suite,Corporate,230.67,0,230.67
1346,2026-05-08,12,126,3,0,Greece,Standard,OTA,67.5,1,0.0
1347,2026-01-02,8,3,2,1,France,Family,Travel Agency,170.75,0,1366.0
1348,2025-06-18,11,108,1,0,Italy,Superior,Direct,150.92,1,0.0
1349,2025-07-28,9,64,2,1,UAE,Superior,Corporate,97.94,0,881.46
1350,2025-12-21,12,150,4,1,Spain,Family,Travel Agency,202.47,0,2429.64
1351,2025-06-22,6,67,3,0,Turkey,Superior,Direct,112.07,0,672.42
1352,2025-08-27,9,83,2,0,Turkey,Standard,Direct,80.92,0,728.28
1353,2026-03-16,5,78,4,0,Turkey,Family,Travel Agency,178.35,0,891.75
1354,2025-05-30,14,50,1,0,France,Superior,OTA,120.71,1,0.0
1355,2026-04-04,5,137,3,1,Italy,Family,Corporate,164.72,0,823.6
1356,2026-02-12,13,52,2,0,France,Family,OTA,200.54,0,2607.02
1357,2025-02-01,4,142,3,1,France,Standard,Corporate,90.77,1,0.0
1358,2025-12-29,12,3,4,2,Spain,Standard,Corporate,48.11,0,577.32
1359,2025-09-10,14,10,2,0,Greece,Standard,Corporate,45.0,0,630.0
1360,2025-08-24,6,139,3,0,Turkey,Suite,OTA,279.99,0,1679.94
1361,2025-12-05,14,58,2,0,Spain,Standard,Direct,84.14,0,1177.96
1362,2026-02-10,8,121,3,0,Italy,Family,Travel Agency,140.45,0,1123.6
1363,2025-06-26,5,65,2,0,Turkey,Deluxe,Corporate,137.91,0,689.55
1364,2025-02-24,14,136,2,2,UAE,Standard,Corporate,101.04,0,1414.56
1365,2025-08-11,8,180,3,0,Spain,Deluxe,OTA,144.32,0,1154.56
1366,2025-05-07,3,137,2,2,Turkey,Suite,Corporate,236.46,0,709.38
1367,2026-03-12,10,135,3,0,Spain,Deluxe,Travel Agency,165.94,0,1659.4
1368,2026-05-08,10,179,2,1,Italy,Deluxe,Corporate,156.47,0,1564.7
1369,2025-05-21,5,96,2,0,Italy,Suite,Corporate,252.61,0,1263.05
1370,2025-09-16,3,68,2,0,Greece,Suite,Corporate,255.66,0,766.98
1371,2025-06-16,9,60,2,2,Italy,Superior,Direct,91.35,0,822.15
1372,2026-05-27,1,100,2,2,Greece,Superior,Direct,93.46,0,93.46
1373,2025-08-06,3,37,1,0,Italy,Standard,OTA,58.59,0,175.77
1374,2025-08-24,3,0,1,0,Egypt,Family,Corporate,159.71,0,479.13
1375,2026-01-24,2,11,1,2,Portugal,Family,Direct,170.52,0,341.04
1376,2025-01-12,9,21,2,0,UAE,Family,Direct,172.25,0,1550.25
1377,2025-10-23,1,60,3,0,UAE,Superior,Direct,142.89,0,142.89
1378,2026-06-07,13,12,2,0,Egypt,Suite,OTA,245.26,0,3188.38
1379,2025-07-19,6,79,2,2,UAE,Standard,Direct,75.99,1,0.0
1380,2025-01-04,4,4,2,1,France,Standard,Travel Agency,142.52,0,570.08
1381,2025-10-13,6,150,2,1,Italy,Deluxe,Direct,123.61,0,741.66
1382,2025-02-17,7,110,4,1,Egypt,Deluxe,Direct,141.16,0,988.12
1383,2025-03-17,1,165,2,0,Turkey,Standard,Direct,122.23,0,122.23
1384,2025-08-19,5,0,2,2,UAE,Standard,Corporate,121.75,0,608.75
1385,2025-10-03,13,158,2,0,Spain,Deluxe,OTA,140.87,0,1831.31
1386,2026-03-17,7,140,2,0,France,Family,Corporate,133.22,0,932.54
1387,2025-06-13,7,155,2,0,Greece,Suite,Corporate,227.7,0,1593.9
1388,2026-06-17,11,144,1,1,Portugal,Suite,Direct,273.2,0,3005.2
1389,2026-01-08,1,94,3,1,France,Deluxe,Corporate,145.68,0,145.68
1390,2025-03-21,10,116,2,0,Greece,Superior,Direct,125.97,1,0.0
1391,2025-03-31,3,110,4,0,Portugal,Suite,OTA,238.41,0,715.23
1392,2026-01-25,1,77,1,2,Spain,Suite,Travel Agency,203.73,0,203.73
1393,2025-05-23,2,118,2,0,UAE,Standard,Corporate,79.27,0,158.54
1394,2026-05-14,8,74,4,0,France,Family,Travel Agency,194.38,1,0.0
1395,2026-01-30,10,47,1,0,France,Deluxe,Direct,134.39,0,1343.9
1396,2026-02-17,3,111,2,0,France,Superior,Corporate,128.67,0,386.01
1397,2025-12-09,9,150,1,1,Spain,Deluxe,Travel Agency,150.79,0,1357.11
1398,2025-09-30,3,26,3,0,Turkey,Deluxe,Corporate,167.25,0,501.75
1399,2025-02-16,6,111,3,0,Spain,Suite,OTA,246.83,1,0.0
1400,2025-05-10,14,93,2,0,Spain,Standard,Direct,55.04,0,770.56
1401,2026-02-13,4,180,2,1,Turkey,Standard,Corporate,71.4,0,285.6
1402,2025-06-25,4,34,2,1,France,Suite,OTA,230.64,0,922.56
1403,2025-12-02,12,71,1,0,Italy,Family,OTA,158.3,0,1899.6
1404,2025-06-14,12,67,4,1,Greece,Standard,OTA,84.83,1,0.0
1405,2026-03-06,2,99,3,0,Spain,Family,Direct,222.51,0,445.02
1406,2025-03-02,13,89,3,0,Italy,Standard,Travel Agency,105.58,0,1372.54
1407,2025-01-02,10,45,2,0,Italy,Deluxe,OTA,179.19,0,1791.9
1408,2026-03-14,2,11,4,0,Greece,Family,Direct,156.9,0,313.8
1409,2025-05-20,4,11,1,1,Italy,Family,Travel Agency,204.65,0,818.6
1410,2025-01-16,1,123,2,0,Turkey,Suite,Travel Agency,278.51,1,0.0
1411,2025-10-28,4,165,2,2,Portugal,Family,OTA,156.15,0,624.6
1412,2026-02-27,6,33,3,0,Turkey,Family,Direct,184.57,0,1107.42
1413,2026-02-28,14,22,3,2,France,Family,OTA,185.24,1,0.0
1414,2025-11-15,13,137,1,0,Italy,Standard,Travel Agency,73.08,0,950.04
1415,2025-12-07,1,39,2,2,Egypt,Superior,OTA,112.83,0,112.83
1416,2025-03-12,8,75,2,0,Portugal,Deluxe,OTA,161.47,1,0.0
1417,2025-12-12,14,38,2,2,Spain,Family,Travel Agency,169.65,0,2375.1
1418,2026-03-22,1,109,2,0,Greece,Deluxe,Travel Agency,174.26,0,174.26
1419,2026-05-31,4,140,2,0,UAE,Superior,Corporate,78.23,0,312.92
1420,2025-11-02,7,35,3,0,UAE,Deluxe,Direct,140.54,0,983.78
1421,2026-04-02,14,113,2,0,Egypt,Deluxe,Corporate,166.49,0,2330.86
1422,2025-12-10,6,20,2,1,France,Superior,OTA,154.16,1,0.0
1423,2025-01-10,10,8,3,0,UAE,Standard,Direct,105.97,0,1059.7
1424,2026-05-21,11,179,2,0,Italy,Superior,Direct,112.33,0,1235.63
1425,2025-03-27,2,118,3,1,Italy,Suite,Direct,235.79,0,471.58
1426,2025-05-26,6,75,4,1,Egypt,Standard,OTA,71.85,0,431.1
1427,2025-06-22,11,6,2,2,UAE,Superior,Travel Agency,101.99,0,1121.89
1428,2025-10-02,12,21,4,0,Spain,Standard,OTA,45.0,1,0.0
1429,2025-07-06,8,80,3,0,Spain,Standard,OTA,122.9,0,983.2
1430,2026-03-04,13,179,1,0,UAE,Standard,Travel Agency,77.56,0,1008.28
1431,2025-08-08,14,46,2,2,Turkey,Family,Travel Agency,154.73,0,2166.22
1432,2025-02-02,8,72,1,1,Italy,Family,OTA,184.17,1,0.0
1433,2025-05-13,8,152,3,0,UAE,Suite,Travel Agency,221.49,0,1771.92
1434,2025-01-29,4,170,1,0,Spain,Family,Travel Agency,196.62,0,786.48
1435,2025-08-10,5,3,2,2,Italy,Standard,Travel Agency,60.44,0,302.2
1436,2025-12-23,3,8,2,1,Spain,Suite,Travel Agency,257.68,0,773.04
1437,2025-03-07,2,138,2,2,Italy,Superior,Travel Agency,101.51,0,203.02
1438,2025-06-28,9,91,2,0,UAE,Suite,Travel Agency,245.79,0,2212.11
1439,2025-05-31,1,92,2,0,Spain,Standard,Corporate,99.66,0,99.66
1440,2026-05-14,10,147,1,0,Egypt,Suite,Corporate,226.01,0,2260.1
1441,2025-03-02,2,139,2,1,Portugal,Deluxe,Direct,169.01,0,338.02
1442,2025-09-05,8,128,2,0,Greece,Superior,Travel Agency,66.43,0,531.44
1443,2025-11-11,10,178,2,0,Spain,Standard,Corporate,116.19,0,1161.9
1444,2026-05-18,8,96,2,0,UAE,Standard,OTA,103.47,1,0.0
1445,2025-06-14,11,89,1,0,Portugal,Superior,Corporate,106.73,0,1174.03
1446,2025-11-17,5,33,2,0,Turkey,Standard,Corporate,108.21,0,541.05
1447,2025-09-18,3,149,1,0,France,Superior,OTA,135.26,0,405.78
1448,2025-11-12,6,24,1,0,Spain,Suite,Direct,238.89,0,1433.34
1449,2026-03-08,14,173,1,0,Greece,Standard,Corporate,78.63,0,1100.82
1450,2026-06-07,5,62,1,0,Italy,Standard,Corporate,56.94,0,284.7
1451,2026-02-07,8,56,2,2,Spain,Deluxe,Travel Agency,150.18,0,1201.44
1452,2026-04-13,6,144,3,2,Portugal,Deluxe,OTA,113.04,0,678.24
1453,2025-03-31,3,151,4,2,Egypt,Deluxe,OTA,167.35,0,502.05
1454,2026-02-09,1,59,2,1,France,Standard,OTA,97.91,0,97.91
1455,2026-04-14,6,90,3,0,Italy,Deluxe,Corporate,106.74,0,640.44
1456,2026-04-20,1,177,3,0,Spain,Family,Direct,208.35,0,208.35
1457,2025-04-04,13,88,2,0,Spain,Superior,OTA,93.97,0,1221.61
1458,2026-03-18,12,43,1,2,France,Standard,Travel Agency,150.61,0,1807.32
1459,2026-06-22,13,31,3,2,Portugal,Standard,Travel Agency,84.49,0,1098.37
1460,2025-04-07,7,27,1,2,Egypt,Superior,Travel Agency,143.63,0,1005.41
1461,2025-12-07,9,140,1,2,UAE,Suite,Corporate,216.22,0,1945.98
1462,2026-04-27,3,180,4,0,Egypt,Suite,Direct,231.45,1,0.0
1463,2025-02-21,13,86,2,1,Greece,Standard,Corporate,65.9,0,856.7
1464,2025-06-08,9,148,2,0,Turkey,Deluxe,Travel Agency,112.65,0,1013.85
1465,2025-02-24,11,24,3,0,France,Family,OTA,143.3,0,1576.3
1466,2025-01-02,1,45,3,0,Turkey,Suite,OTA,235.79,0,235.79
1467,2025-08-23,3,169,2,0,Turkey,Standard,Travel Agency,88.29,0,264.87
1468,2025-10-13,8,71,4,0,France,Suite,Direct,213.82,0,1710.56
1469,2025-03-09,7,92,3,2,Greece,Standard,OTA,70.0,0,490.0
1470,2025-01-14,3,9,4,0,Spain,Deluxe,OTA,131.37,0,394.11
1471,2025-08-13,14,33,2,1,Portugal,Deluxe,OTA,147.38,1,0.0
1472,2025-04-16,4,95,4,0,Spain,Superior,Direct,125.32,0,501.28
1473,2026-03-04,6,12,2,0,Egypt,Superior,Direct,111.46,0,668.76
1474,2025-02-28,6,152,2,1,Portugal,Family,Travel Agency,159.9,0,959.4
1475,2026-02-12,10,24,3,2,Greece,Superior,Direct,134.34,0,1343.4
1476,2025-01-24,11,41,3,0,Egypt,Standard,Corporate,87.47,0,962.17
1477,2025-11-02,7,155,1,0,Greece,Standard,Direct,82.18,0,575.26
1478,2025-09-27,4,138,2,0,Egypt,Family,OTA,149.1,1,0.0
1479,2025-06-04,10,20,2,0,Egypt,Family,Direct,196.42,0,1964.2
1480,2026-05-29,1,93,2,2,UAE,Family,Corporate,184.95,0,184.95
1481,2026-04-17,13,10,2,0,Egypt,Superior,Direct,121.26,0,1576.38
1482,2026-06-09,13,100,2,0,Spain,Deluxe,Travel Agency,143.46,0,1864.98
1483,2025-09-18,5,167,1,1,Egypt,Family,OTA,164.15,0,820.75
1484,2025-11-10,10,48,4,0,Egypt,Deluxe,Direct,193.05,0,1930.5
1485,2025-11-06,11,154,2,0,Portugal,Superior,OTA,98.8,0,1086.8
1486,2025-06-22,7,34,2,0,Italy,Deluxe,OTA,119.63,0,837.41
1487,2025-09-19,4,105,4,0,UAE,Suite,Travel Agency,243.4,0,973.6
1488,2025-09-30,11,38,1,2,Spain,Suite,Corporate,238.69,1,0.0
1489,2025-04-11,12,159,2,0,Greece,Deluxe,Direct,175.57,0,2106.84
1490,2026-01-25,5,56,2,2,UAE,Superior,OTA,105.24,1,0.0
1491,2025-10-16,8,47,2,0,UAE,Suite,OTA,254.48,0,2035.84
1492,2025-08-19,4,66,2,0,Greece,Standard,Direct,115.3,1,0.0
1493,2026-01-10,14,171,3,1,Egypt,Standard,Travel Agency,88.46,0,1238.44
1494,2025-10-01,6,119,4,1,Turkey,Family,Travel Agency,150.19,0,901.14
1495,2026-04-10,7,150,4,0,UAE,Superior,Travel Agency,65.77,0,460.39
1496,2025-09-03,7,94,3,1,Turkey,Family,Corporate,184.17,0,1289.19
1497,2026-05-30,7,16,2,0,Turkey,Superior,Direct,100.4,1,0.0
1498,2025-07-01,6,73,2,0,Spain,Suite,Travel Agency,245.06,0,1470.36
1499,2025-11-10,9,22,2,0,Egypt,Suite,OTA,238.87,0,2149.83
1500,2025-11-27,13,95,3,1,Egypt,Deluxe,Corporate,119.17,0,1549.21
1501,2025-07-06,2,61,1,1,Turkey,Superior,OTA,105.11,0,210.22
1502,2026-01-12,13,150,1,0,France,Family,Direct,148.94,0,1936.22
1503,2025-10-20,1,170,2,2,Greece,Superior,OTA,97.03,0,97.03
1504,2026-03-02,14,29,2,0,Turkey,Superior,Direct,131.33,1,0.0
1505,2026-04-09,10,105,2,1,Greece,Standard,Direct,80.74,0,807.4
1506,2025-01-31,9,165,4,0,Portugal,Suite,Travel Agency,252.92,0,2276.28
1507,2025-06-21,3,30,1,0,Portugal,Standard,Travel Agency,82.68,0,248.04
1508,2025-11-22,3,53,2,0,France,Family,Corporate,167.03,0,501.09
1509,2025-09-23,5,174,4,1,Spain,Standard,Corporate,85.13,0,425.65
1510,2025-07-18,11,41,4,0,Egypt,Deluxe,OTA,109.42,0,1203.62
1511,2025-08-16,8,118,2,0,Egypt,Family,Travel Agency,192.44,0,1539.52
1512,2026-02-21,4,49,2,0,Italy,Deluxe,Direct,129.1,0,516.4
1513,2025-02-17,13,161,4,0,France,Family,Direct,186.3,0,2421.9
1514,2025-01-26,6,83,4,2,Spain,Standard,Direct,71.1,0,426.6
1515,2025-06-05,8,174,2,0,Italy,Deluxe,OTA,119.19,1,0.0
1516,2025-11-24,8,169,2,0,Egypt,Standard,Travel Agency,62.89,0,503.12
1517,2025-08-21,10,177,1,0,Egypt,Suite,Direct,251.43,0,2514.3
1518,2026-05-22,3,8,2,0,Greece,Family,Travel Agency,227.46,0,682.38
1519,2025-12-26,12,39,3,1,France,Standard,OTA,77.33,0,927.96
1520,2026-05-12,13,63,2,0,UAE,Suite,Travel Agency,288.56,0,3751.28
1521,2025-08-07,4,37,2,0,Portugal,Superior,OTA,69.36,0,277.44
1522,2026-06-19,10,155,2,0,Turkey,Deluxe,Corporate,87.34,0,873.4
1523,2025-08-16,13,90,2,0,Greece,Family,Corporate,167.88,0,2182.44
1524,2025-03-31,9,89,1,1,Egypt,Standard,Direct,77.35,0,696.15
1525,2026-04-16,1,130,2,1,Portugal,Standard,OTA,92.75,0,92.75
1526,2025-07-24,7,9,1,0,Portugal,Standard,OTA,63.77,0,446.39
1527,2026-02-10,2,90,4,2,Greece,Suite,OTA,247.38,0,494.76
1528,2025-04-02,14,126,4,1,Turkey,Suite,Travel Agency,234.04,0,3276.56
1529,2026-02-17,8,51,2,1,Turkey,Superior,OTA,139.43,0,1115.44
1530,2025-08-03,4,176,2,0,France,Suite,Direct,243.42,0,973.68
1531,2025-04-19,13,155,2,0,France,Deluxe,OTA,217.58,1,0.0
1532,2025-07-08,3,90,2,0,Egypt,Superior,Travel Agency,104.23,0,312.69
1533,2025-08-05,6,167,1,1,Greece,Family,OTA,202.58,1,0.0
1534,2025-03-10,14,165,1,2,Spain,Deluxe,Corporate,186.05,0,2604.7
1535,2026-05-19,5,26,2,0,Portugal,Deluxe,OTA,89.12,0,445.6
1536,2025-11-09,13,31,4,2,UAE,Superior,Direct,127.1,1,0.0
1537,2025-03-15,4,98,2,1,Spain,Suite,Travel Agency,208.75,0,835.0
1538,2026-02-13,4,146,4,1,UAE,Family,Direct,168.37,0,673.48
1539,2025-11-18,12,70,2,0,UAE,Deluxe,Travel Agency,122.13,1,0.0
1540,2025-03-16,13,44,4,0,UAE,Standard,Corporate,109.92,0,1428.96
1541,2025-10-02,2,19,3,0,UAE,Family,Travel Agency,160.08,0,320.16
1542,2025-01-18,10,171,1,2,Egypt,Suite,OTA,198.14,1,0.0
1543,2025-11-25,8,140,2,0,France,Standard,Corporate,84.01,0,672.08
1544,2025-01-01,13,35,1,0,France,Family,OTA,209.05,1,0.0
1545,2025-01-16,2,159,4,1,Italy,Superior,Direct,82.42,1,0.0
1546,2025-06-03,5,18,2,2,Greece,Family,Corporate,195.51,0,977.55
1547,2026-04-19,9,145,4,1,Egypt,Standard,Corporate,45.0,0,405.0
1548,2025-08-09,2,42,2,1,Portugal,Superior,Direct,146.11,0,292.22
1549,2025-07-09,3,112,4,1,Spain,Family,Travel Agency,183.96,0,551.88
1550,2026-06-28,9,159,2,2,Egypt,Deluxe,OTA,120.09,0,1080.81
1551,2025-08-01,11,175,3,0,Greece,Standard,Direct,98.02,0,1078.22
1552,2026-01-27,6,79,2,0,UAE,Superior,OTA,96.37,0,578.22
1553,2025-05-08,3,11,2,0,Italy,Deluxe,Direct,126.96,1,0.0
1554,2025-12-24,8,96,2,0,Portugal,Deluxe,Corporate,135.87,0,1086.96
1555,2025-01-08,12,12,1,0,Egypt,Suite,Corporate,255.31,0,3063.72
1556,2026-02-10,5,79,3,1,Portugal,Family,Travel Agency,150.54,0,752.7
1557,2026-04-04,10,115,2,0,Egypt,Superior,Corporate,54.41,1,0.0
1558,2025-12-22,7,176,1,0,UAE,Standard,Direct,67.05,0,469.35
1559,2026-02-21,4,90,2,0,Portugal,Superior,Direct,141.09,0,564.36
1560,2026-01-31,5,144,2,2,France,Family,Corporate,205.7,0,1028.5
1561,2025-03-22,2,162,3,0,France,Suite,Corporate,225.83,1,0.0
1562,2025-08-17,6,52,1,0,Portugal,Standard,OTA,65.0,0,390.0
1563,2026-01-12,6,28,2,2,France,Family,Corporate,158.57,0,951.42
1564,2025-07-31,7,76,2,0,UAE,Suite,Travel Agency,222.56,0,1557.92
1565,2026-06-22,10,143,3,0,Egypt,Deluxe,Travel Agency,134.11,0,1341.1
1566,2026-02-28,11,111,2,0,UAE,Deluxe,Travel Agency,155.21,0,1707.31
1567,2025-08-15,5,65,1,0,Italy,Family,OTA,206.78,0,1033.9
1568,2025-09-06,14,180,2,0,Portugal,Deluxe,OTA,125.5,0,1757.0
1569,2025-10-04,7,67,1,2,France,Superior,OTA,89.56,0,626.92
1570,2025-02-18,10,84,3,1,France,Suite,Corporate,248.03,0,2480.3
1571,2025-08-12,10,171,3,2,Turkey,Standard,OTA,96.81,0,968.1
1572,2025-06-11,2,2,3,1,France,Standard,OTA,45.0,0,90.0
1573,2025-04-28,14,122,1,1,UAE,Deluxe,Travel Agency,113.03,0,1582.42
1574,2025-07-17,5,161,4,1,UAE,Deluxe,Corporate,191.81,0,959.05
1575,2025-05-16,14,32,1,0,Spain,Standard,Travel Agency,45.0,0,630.0
1576,2025-10-12,10,110,2,1,Italy,Superior,OTA,101.23,0,1012.3
1577,2025-02-25,14,7,2,0,Italy,Superior,Direct,75.02,0,1050.28
1578,2025-07-28,12,118,2,1,UAE,Suite,Corporate,201.99,0,2423.88
1579,2025-07-14,6,149,2,1,Spain,Suite,Corporate,200.72,0,1204.32
1580,2025-03-22,10,156,2,0,Turkey,Deluxe,Travel Agency,177.04,1,0.0
1581,2025-07-13,5,178,2,1,Egypt,Superior,Direct,110.94,0,554.7
1582,2025-03-16,4,138,3,0,Spain,Superior,Travel Agency,137.3,0,549.2
1583,2025-07-07,4,104,2,0,Spain,Superior,OTA,106.2,0,424.8
1584,2025-11-14,8,74,2,0,Egypt,Superior,Direct,136.5,0,1092.0
1585,2025-01-20,5,59,4,1,Egypt,Suite,Corporate,235.6,0,1178.0
1586,2025-01-29,1,141,4,0,France,Suite,Travel Agency,167.51,0,167.51
1587,2026-01-26,13,149,1,0,Italy,Family,Corporate,187.64,0,2439.32
1588,2025-10-20,2,119,2,0,Spain,Deluxe,OTA,147.83,0,295.66
1589,2025-11-23,1,39,2,2,UAE,Standard,OTA,74.13,0,74.13
1590,2025-06-15,14,143,3,0,Egypt,Family,Travel Agency,152.66,0,2137.24
1591,2025-07-05,8,86,4,0,Greece,Superior,OTA,126.15,0,1009.2
1592,2026-06-17,3,159,2,0,France,Standard,OTA,52.52,0,157.56
1593,2025-12-05,7,146,1,0,Greece,Standard,OTA,96.1,0,672.7
1594,2025-01-23,4,50,2,1,Portugal,Family,Direct,177.05,0,708.2
1595,2025-05-06,11,109,2,0,Spain,Family,Corporate,191.81,0,2109.91
1596,2025-05-26,13,122,3,2,UAE,Deluxe,OTA,154.17,0,2004.21
1597,2025-02-28,3,71,4,0,Greece,Standard,Direct,109.52,0,328.56
1598,2025-06-27,4,148,3,0,Portugal,Superior,OTA,120.08,0,480.32
1599,2025-01-30,4,69,4,0,Spain,Superior,Travel Agency,112.57,0,450.28
1600,2026-04-15,2,148,4,0,Italy,Family,OTA,117.15,0,234.3
1601,2025-06-17,11,33,2,0,UAE,Standard,Corporate,110.68,0,1217.48
1602,2026-02-28,14,66,4,2,Portugal,Standard,Corporate,45.0,0,630.0
1603,2026-05-23,6,66,2,0,France,Deluxe,Direct,116.98,1,0.0
1604,2026-01-31,6,163,3,0,Portugal,Superior,Corporate,129.29,1,0.0
1605,2025-06-01,6,129,1,0,France,Deluxe,Direct,150.03,0,900.18
1606,2025-12-18,7,100,3,0,Turkey,Suite,OTA,201.39,0,1409.73
1607,2025-09-11,8,63,4,0,Portugal,Suite,Direct,224.97,0,1799.76
1608,2025-07-10,2,33,1,0,Spain,Standard,Corporate,109.15,0,218.3
1609,2026-06-10,1,60,4,0,Egypt,Suite,Direct,243.41,0,243.41
1610,2025-03-17,8,12,2,0,Spain,Superior,OTA,110.63,1,0.0
1611,2025-12-27,2,150,3,2,Turkey,Deluxe,OTA,132.09,0,264.18
1612,2025-11-22,12,28,2,0,France,Superior,OTA,130.24,0,1562.88
1613,2026-05-20,7,65,2,0,Portugal,Superior,OTA,106.92,0,748.44
1614,2025-01-22,6,74,2,0,Italy,Family,OTA,190.06,0,1140.36
1615,2026-01-21,11,82,4,0,Egypt,Superior,OTA,89.69,1,0.0
1616,2025-01-02,12,138,2,0,Turkey,Deluxe,Travel Agency,202.63,0,2431.56
1617,2026-03-30,14,4,2,2,Portugal,Suite,Travel Agency,274.2,0,3838.8
1618,2025-01-13,5,118,1,0,Spain,Deluxe,Corporate,153.15,0,765.75
1619,2026-06-04,11,89,1,2,UAE,Superior,Corporate,118.45,0,1302.95
1620,2026-05-24,5,159,4,0,Egypt,Family,OTA,160.19,0,800.95
1621,2025-06-13,10,81,2,0,Turkey,Superior,Corporate,127.15,0,1271.5
1622,2026-05-25,8,81,2,0,UAE,Suite,OTA,186.16,0,1489.28
1623,2025-01-18,7,20,2,0,Italy,Superior,OTA,151.33,0,1059.31
1624,2025-01-29,11,94,3,0,France,Suite,Travel Agency,255.58,0,2811.38
1625,2025-04-30,2,82,2,0,Spain,Superior,Travel Agency,85.04,1,0.0
1626,2025-11-20,13,170,4,2,Egypt,Superior,Corporate,150.58,0,1957.54
1627,2025-09-08,8,171,4,0,Egypt,Superior,Travel Agency,159.78,0,1278.24
1628,2025-07-04,1,110,2,0,UAE,Deluxe,Direct,159.82,0,159.82
1629,2025-12-14,2,49,2,0,Greece,Suite,Direct,220.07,0,440.14
1630,2025-02-14,5,146,3,0,France,Standard,Direct,81.02,0,405.1
1631,2025-07-01,14,38,1,0,Italy,Deluxe,Travel Agency,163.44,1,0.0
1632,2026-06-08,11,28,4,0,France,Family,Corporate,182.66,0,2009.26
1633,2026-05-27,7,76,1,0,Italy,Suite,Travel Agency,215.04,0,1505.28
1634,2025-09-26,9,137,1,1,Turkey,Deluxe,OTA,162.97,0,1466.73
1635,2025-01-01,1,99,2,2,Portugal,Family,Corporate,203.82,0,203.82
1636,2025-09-08,14,80,3,0,Egypt,Family,Travel Agency,144.56,0,2023.84
1637,2026-02-13,12,79,4,0,Egypt,Superior,OTA,82.15,0,985.8
1638,2025-10-31,11,46,1,2,France,Family,OTA,159.23,1,0.0
1639,2025-07-03,2,49,2,0,Turkey,Standard,Direct,74.65,0,149.3
1640,2025-10-19,3,156,2,2,Greece,Standard,Travel Agency,100.93,0,302.79
1641,2026-05-13,9,145,4,0,Italy,Family,Corporate,203.5,0,1831.5
1642,2025-06-07,14,104,3,2,Turkey,Suite,Direct,219.07,0,3066.98
1643,2025-06-14,9,178,2,0,Spain,Standard,OTA,84.99,1,0.0
1644,2026-03-19,7,104,1,0,Spain,Standard,Direct,107.35,0,751.45
1645,2025-12-23,4,41,3,0,Greece,Suite,Corporate,294.46,0,1177.84
1646,2025-07-13,14,24,1,0,Spain,Deluxe,OTA,154.86,0,2168.04
1647,2025-10-04,4,135,2,2,Spain,Deluxe,OTA,156.24,0,624.96
1648,2026-03-04,14,157,2,2,Spain,Standard,Corporate,89.98,0,1259.72
1649,2026-02-12,9,178,2,0,Portugal,Family,OTA,167.06,0,1503.54
1650,2025-08-21,3,142,2,2,Egypt,Superior,OTA,112.91,0,338.73
1651,2026-05-11,7,21,3,0,Italy,Suite,Corporate,190.86,0,1336.02
1652,2025-07-01,7,116,1,0,Egypt,Suite,Travel Agency,225.32,0,1577.24
1653,2025-04-22,1,19,2,0,France,Superior,OTA,122.56,0,122.56
1654,2025-06-06,2,172,3,2,Greece,Deluxe,OTA,127.73,0,255.46
1655,2026-04-18,12,153,4,0,Portugal,Deluxe,Direct,171.56,1,0.0
1656,2026-02-20,8,126,2,0,Spain,Family,Travel Agency,132.63,0,1061.04
1657,2025-06-21,1,162,3,2,Italy,Deluxe,OTA,170.51,0,170.51
1658,2025-03-18,10,32,2,2,Portugal,Family,Direct,195.43,0,1954.3
1659,2026-04-17,9,177,1,0,Egypt,Suite,OTA,295.05,1,0.0
1660,2025-11-03,6,169,2,0,Spain,Superior,Corporate,101.1,0,606.6
1661,2026-01-21,6,178,2,2,Egypt,Superior,Travel Agency,110.05,0,660.3
1662,2025-04-07,3,82,2,0,Turkey,Suite,OTA,278.32,0,834.96
1663,2025-12-18,6,57,3,0,Egypt,Standard,Corporate,114.43,0,686.58
1664,2025-11-02,3,148,3,0,Portugal,Deluxe,Corporate,175.5,0,526.5
1665,2025-05-27,13,158,2,1,Turkey,Standard,Corporate,88.53,0,1150.89
1666,2026-02-10,8,5,3,0,Portugal,Deluxe,Corporate,187.51,0,1500.08
1667,2025-09-19,9,90,4,2,Turkey,Family,Travel Agency,241.05,0,2169.45
1668,2025-03-19,9,49,3,2,Turkey,Standard,Corporate,94.95,0,854.55
1669,2026-04-19,4,73,2,2,UAE,Superior,Corporate,111.23,0,444.92
1670,2025-04-20,7,74,3,2,Spain,Deluxe,Travel Agency,168.06,0,1176.42
1671,2025-11-20,1,154,2,2,Egypt,Standard,Travel Agency,84.5,0,84.5
1672,2025-06-25,2,8,2,1,France,Family,Direct,168.18,0,336.36
1673,2026-02-11,7,74,3,2,Spain,Standard,OTA,101.68,1,0.0
1674,2025-10-05,9,64,2,2,Italy,Superior,Direct,97.57,0,878.13
1675,2025-07-14,14,170,1,0,Portugal,Deluxe,OTA,164.41,0,2301.74
1676,2026-05-01,5,27,3,0,Egypt,Superior,Direct,72.29,0,361.45
1677,2025-06-02,8,94,1,0,Spain,Superior,Direct,152.68,0,1221.44
1678,2025-12-20,12,99,4,1,Italy,Suite,Travel Agency,220.73,0,2648.76
1679,2025-07-28,1,91,2,0,Italy,Suite,Travel Agency,206.59,1,0.0
1680,2025-07-16,14,112,3,0,Egypt,Family,Direct,208.42,1,0.0
1681,2026-05-30,13,122,4,0,Italy,Suite,Corporate,278.72,0,3623.36
1682,2025-06-15,7,164,1,0,Italy,Superior,Corporate,118.01,0,826.07
1683,2026-01-17,12,31,1,0,Turkey,Deluxe,Travel Agency,147.62,0,1771.44
1684,2025-09-16,3,153,3,0,Egypt,Family,Travel Agency,166.67,0,500.01
1685,2025-12-18,7,143,2,0,France,Deluxe,Direct,156.61,0,1096.27
1686,2026-01-22,3,32,1,0,UAE,Suite,Corporate,238.99,0,716.97
1687,2026-05-05,3,80,2,0,France,Superior,Direct,105.93,0,317.79
1688,2025-01-09,6,60,2,0,Portugal,Standard,Travel Agency,58.22,0,349.32
1689,2026-05-26,5,122,2,0,Turkey,Deluxe,Travel Agency,121.42,1,0.0
1690,2025-08-17,10,111,2,0,Italy,Superior,OTA,112.19,0,1121.9
1691,2025-11-17,1,125,1,0,Turkey,Deluxe,Travel Agency,155.83,0,155.83
1692,2025-08-12,2,42,4,2,Spain,Standard,OTA,62.05,0,124.1
1693,2026-02-08,3,168,2,0,Italy,Family,OTA,160.3,0,480.9
1694,2025-05-27,11,118,2,0,Egypt,Deluxe,OTA,155.77,1,0.0
1695,2025-12-21,9,82,4,0,UAE,Superior,OTA,87.62,0,788.58
1696,2025-11-09,3,174,2,0,UAE,Standard,Corporate,106.57,0,319.71
1697,2025-04-29,9,83,2,0,Italy,Family,Direct,188.36,0,1695.24
1698,2025-02-26,6,13,3,0,UAE,Deluxe,Direct,131.83,0,790.98
1699,2025-09-22,8,116,2,0,Portugal,Superior,Travel Agency,122.01,0,976.08
1700,2025-08-08,6,36,2,1,Turkey,Standard,Corporate,58.18,0,349.08
1701,2025-05-02,6,148,2,2,Portugal,Superior,Travel Agency,130.56,0,783.36
1702,2025-10-24,14,154,2,0,UAE,Superior,Corporate,89.08,0,1247.12
1703,2026-06-07,9,7,2,0,Italy,Suite,OTA,237.14,0,2134.26
1704,2026-03-08,2,17,4,0,Greece,Suite,OTA,243.69,1,0.0
1705,2026-03-14,1,131,2,2,France,Suite,Direct,278.26,0,278.26
1706,2025-12-28,13,44,2,2,Portugal,Superior,Direct,90.55,0,1177.15
1707,2025-10-20,14,142,2,0,UAE,Standard,Travel Agency,59.6,1,0.0
1708,2025-07-05,2,113,4,0,Egypt,Deluxe,OTA,113.62,0,227.24
1709,2025-12-02,12,57,2,2,Spain,Standard,Direct,126.72,0,1520.64
1710,2025-12-31,7,175,2,0,Turkey,Deluxe,Corporate,150.87,0,1056.09
1711,2026-05-24,2,122,2,1,France,Suite,Corporate,267.25,0,534.5
1712,2025-03-08,5,57,2,1,France,Suite,Travel Agency,225.72,0,1128.6
1713,2026-01-21,11,110,2,0,Spain,Suite,Direct,227.89,0,2506.79
1714,2025-02-07,2,12,3,2,UAE,Family,OTA,173.85,1,0.0
1715,2025-01-18,9,59,4,0,France,Standard,Direct,79.59,0,716.31
1716,2026-02-24,11,133,2,0,France,Deluxe,Corporate,167.08,0,1837.88
1717,2025-10-11,12,131,3,0,Portugal,Suite,Travel Agency,241.59,0,2899.08
1718,2026-03-25,3,143,2,1,UAE,Suite,Travel Agency,230.71,0,692.13
1719,2026-06-17,3,132,4,0,Spain,Superior,OTA,157.3,0,471.9
1720,2025-03-15,8,149,2,2,Italy,Superior,Travel Agency,87.91,1,0.0
1721,2026-06-26,9,48,4,2,Portugal,Standard,Corporate,60.67,1,0.0
1722,2025-01-15,6,148,3,0,Turkey,Deluxe,Direct,128.23,0,769.38
1723,2025-09-30,13,52,2,1,France,Suite,Corporate,258.11,0,3355.43
1724,2026-06-20,2,21,2,0,Spain,Superior,Travel Agency,121.21,1,0.0
1725,2026-03-21,14,137,1,0,Greece,Suite,Corporate,236.04,0,3304.56
1726,2025-03-23,5,86,3,0,Spain,Suite,OTA,217.05,0,1085.25
1727,2025-04-18,8,119,3,0,UAE,Deluxe,OTA,153.59,0,1228.72
1728,2026-03-12,7,149,2,0,UAE,Standard,Travel Agency,101.79,0,712.53
1729,2026-06-01,9,5,4,1,Spain,Deluxe,OTA,189.49,0,1705.41
1730,2025-05-10,11,101,1,0,Italy,Suite,OTA,224.71,0,2471.81
1731,2025-03-23,1,63,3,0,Portugal,Deluxe,OTA,145.95,0,145.95
1732,2025-11-19,6,31,2,1,Spain,Suite,Direct,250.96,1,0.0
1733,2026-06-28,6,136,1,2,Italy,Standard,Travel Agency,70.46,0,422.76
1734,2025-12-02,1,34,2,0,Portugal,Superior,Corporate,76.99,0,76.99
1735,2025-03-13,6,178,3,1,Greece,Family,Corporate,171.07,0,1026.42
1736,2025-05-24,8,20,2,0,Egypt,Suite,OTA,209.75,0,1678.0
1737,2025-08-03,6,61,3,0,Spain,Deluxe,Travel Agency,174.1,0,1044.6
1738,2026-03-17,2,93,4,0,Portugal,Superior,Direct,102.36,0,204.72
1739,2025-12-09,14,98,2,0,Portugal,Suite,OTA,238.47,0,3338.58
1740,2026-01-01,6,29,1,1,Turkey,Superior,Corporate,91.28,0,547.68
1741,2025-02-13,11,34,3,0,Portugal,Family,OTA,174.42,1,0.0
1742,2026-04-13,1,40,3,2,Egypt,Family,Corporate,206.96,1,0.0
1743,2025-01-05,6,63,2,0,Italy,Family,Travel Agency,202.07,0,1212.42
1744,2025-09-20,2,180,4,1,Italy,Standard,Direct,53.09,0,106.18
1745,2026-04-18,6,162,2,0,Turkey,Family,Travel Agency,107.18,0,643.08
1746,2025-02-13,6,31,1,0,Spain,Superior,Corporate,106.26,0,637.56
1747,2025-08-08,1,67,2,1,Egypt,Superior,Corporate,102.53,1,0.0
1748,2025-05-18,14,130,1,0,Turkey,Deluxe,Corporate,141.04,0,1974.56
1749,2025-04-29,9,148,2,2,UAE,Superior,Direct,96.19,0,865.71
1750,2026-02-26,10,11,2,1,Egypt,Deluxe,Direct,122.57,1,0.0
1751,2025-06-27,3,129,3,0,Portugal,Deluxe,Travel Agency,207.3,0,621.9
1752,2025-12-26,2,180,2,0,Portugal,Superior,Corporate,156.69,0,313.38
1753,2025-05-07,8,68,2,0,Egypt,Suite,Direct,230.01,1,0.0
1754,2025-04-19,13,98,2,0,Greece,Deluxe,OTA,153.23,0,1991.99
1755,2026-05-31,13,133,1,2,Portugal,Superior,Corporate,134.6,1,0.0
1756,2026-03-30,11,91,3,0,Greece,Superior,Corporate,113.15,0,1244.65
1757,2025-10-18,13,121,2,0,Turkey,Standard,OTA,68.09,0,885.17
1758,2025-01-09,10,3,3,0,UAE,Superior,Corporate,77.39,0,773.9
1759,2025-01-24,3,139,2,1,France,Deluxe,Travel Agency,150.31,0,450.93
1760,2025-06-20,1,67,1,0,Greece,Standard,Direct,50.08,0,50.08
1761,2025-12-31,8,118,2,0,Turkey,Deluxe,Direct,179.98,0,1439.84
1762,2025-01-21,1,176,2,2,Turkey,Standard,OTA,79.19,0,79.19
1763,2025-06-13,5,95,2,2,Italy,Standard,Corporate,93.02,0,465.1
1764,2025-11-13,2,162,2,0,Turkey,Suite,Corporate,231.8,0,463.6
1765,2025-01-29,10,142,2,0,Egypt,Deluxe,Corporate,170.73,1,0.0
1766,2025-07-29,3,45,2,0,Portugal,Deluxe,OTA,134.21,0,402.63
1767,2025-07-09,5,3,2,0,France,Family,Direct,182.28,0,911.4
1768,2025-04-21,9,159,1,0,Greece,Deluxe,Corporate,140.91,0,1268.19
1769,2026-06-23,7,25,4,1,Greece,Standard,Corporate,74.46,0,521.22
1770,2025-01-13,3,139,2,1,France,Standard,OTA,104.23,1,0.0
1771,2025-02-05,1,152,2,0,Egypt,Family,OTA,156.1,1,0.0
1772,2025-03-13,10,92,2,1,Spain,Standard,Travel Agency,89.01,0,890.1
1773,2026-04-22,8,154,2,0,Spain,Standard,Corporate,113.31,0,906.48
1774,2025-09-07,3,85,3,0,Spain,Family,OTA,198.22,1,0.0
1775,2026-04-18,2,48,1,1,France,Superior,Direct,94.88,0,189.76
1776,2025-04-22,4,138,2,2,Spain,Suite,Corporate,252.44,0,1009.76
1777,2025-03-19,11,99,2,0,France,Standard,Direct,45.0,0,495.0
1778,2025-09-17,6,71,4,1,Italy,Family,Direct,200.17,0,1201.02
1779,2025-06-21,9,17,2,0,Portugal,Deluxe,Travel Agency,215.95,0,1943.55
1780,2025-09-08,7,13,2,0,Turkey,Deluxe,OTA,157.55,0,1102.85
1781,2025-07-08,6,36,1,1,Spain,Superior,Travel Agency,144.74,0,868.44
1782,2025-07-05,4,150,2,0,France,Standard,Travel Agency,46.37,0,185.48
1783,2025-11-09,12,114,2,0,Egypt,Suite,Direct,214.91,0,2578.92
1784,2025-08-02,11,46,2,0,UAE,Standard,OTA,71.72,0,788.92
1785,2025-05-14,8,104,1,1,Turkey,Suite,Direct,236.05,0,1888.4
1786,2025-05-18,5,88,4,0,UAE,Standard,Corporate,87.71,1,0.0
1787,2025-02-07,3,27,1,2,Italy,Deluxe,Direct,134.99,0,404.97
1788,2025-06-24,13,110,3,1,Turkey,Suite,Corporate,243.49,0,3165.37
1789,2025-09-19,8,142,2,2,Egypt,Superior,OTA,134.18,1,0.0
1790,2026-04-20,7,15,1,2,Turkey,Deluxe,Corporate,162.35,1,0.0
1791,2025-09-23,1,130,4,0,Portugal,Suite,Direct,230.94,0,230.94
1792,2025-04-23,10,8,2,0,France,Standard,Corporate,98.55,0,985.5
1793,2025-11-04,1,12,2,2,Greece,Family,OTA,164.92,0,164.92
1794,2025-07-22,13,83,2,0,Turkey,Suite,Corporate,242.11,1,0.0
1795,2025-10-04,8,10,3,0,Italy,Superior,Corporate,132.76,0,1062.08
1796,2025-11-23,5,110,2,0,Spain,Superior,Direct,105.41,0,527.05
1797,2025-06-20,4,125,4,0,Spain,Deluxe,Travel Agency,119.77,0,479.08
1798,2025-01-02,4,55,1,0,Spain,Standard,Corporate,81.42,0,325.68
1799,2025-09-12,13,74,4,1,Portugal,Superior,Direct,133.0,0,1729.0
1800,2025-01-05,1,132,3,2,Italy,Standard,Travel Agency,105.47,0,105.47
1801,2025-05-02,7,0,1,2,Italy,Family,OTA,149.0,0,1043.0
1802,2025-08-29,3,175,2,0,Portugal,Suite,Corporate,257.47,0,772.41
1803,2025-02-15,7,2,3,0,Turkey,Suite,Direct,233.96,0,1637.72
1804,2026-03-12,8,66,2,0,Spain,Standard,Direct,116.67,0,933.36
1805,2026-06-12,5,175,2,0,Egypt,Standard,Direct,50.23,0,251.15
1806,2025-09-08,8,21,1,2,Italy,Deluxe,Direct,166.97,0,1335.76
1807,2026-01-14,12,66,2,2,France,Suite,Travel Agency,231.33,0,2775.96
1808,2025-06-03,1,48,4,0,Spain,Standard,Travel Agency,65.36,0,65.36
1809,2025-07-28,6,61,2,1,Egypt,Standard,Corporate,103.97,1,0.0
1810,2025-11-26,7,147,3,2,Turkey,Deluxe,Travel Agency,178.19,0,1247.33
1811,2026-02-19,7,113,2,0,Italy,Standard,OTA,45.0,0,315.0
1812,2025-10-01,11,4,2,2,Italy,Suite,OTA,264.46,0,2909.06
1813,2025-05-22,11,56,3,1,Turkey,Standard,OTA,78.29,0,861.19
1814,2026-02-05,3,8,3,0,Italy,Family,Travel Agency,175.72,0,527.16
1815,2025-11-29,3,119,2,0,Greece,Family,Travel Agency,144.01,0,432.03
1816,2025-06-13,4,88,2,0,Spain,Deluxe,Direct,165.2,0,660.8
1817,2025-06-13,10,24,3,0,UAE,Standard,Direct,138.12,0,1381.2
1818,2026-03-05,2,160,2,0,UAE,Suite,Direct,226.78,0,453.56
1819,2025-10-21,11,101,1,0,Spain,Family,OTA,205.84,0,2264.24
1820,2025-08-13,1,67,2,1,Spain,Standard,Direct,79.81,0,79.81
1821,2025-05-11,9,62,3,0,Portugal,Standard,Direct,67.71,0,609.39
1822,2025-04-02,12,44,2,0,Egypt,Standard,Travel Agency,45.0,0,540.0
1823,2025-04-02,3,7,4,0,UAE,Standard,Corporate,114.8,0,344.4
1824,2026-03-16,7,83,2,0,Turkey,Family,Direct,177.78,0,1244.46
1825,2025-11-09,11,45,2,1,Egypt,Superior,Travel Agency,98.92,0,1088.12
1826,2026-01-28,14,6,1,2,Italy,Deluxe,OTA,142.79,1,0.0
1827,2025-01-08,6,127,4,0,Turkey,Family,OTA,192.27,0,1153.62
1828,2025-09-23,4,89,3,1,Italy,Family,Corporate,163.88,0,655.52
1829,2025-06-23,3,81,1,0,Portugal,Superior,Corporate,86.85,0,260.55
1830,2026-04-09,1,130,2,1,Egypt,Deluxe,Corporate,147.16,1,0.0
1831,2025-06-06,14,33,2,0,Portugal,Family,Corporate,171.41,0,2399.74
1832,2026-06-07,14,69,3,0,Portugal,Family,Direct,170.87,0,2392.18
1833,2025-06-13,10,15,4,0,UAE,Standard,Direct,69.19,0,691.9
1834,2026-02-27,2,130,2,2,Portugal,Deluxe,OTA,181.82,0,363.64
1835,2025-05-09,4,80,2,0,Turkey,Standard,Travel Agency,149.5,0,598.0
1836,2026-03-06,12,96,3,0,Italy,Superior,Direct,84.05,0,1008.6
1837,2025-12-11,13,163,2,0,UAE,Superior,Travel Agency,58.07,0,754.91
1838,2025-09-20,10,44,1,1,Turkey,Deluxe,Direct,144.12,0,1441.2
1839,2025-05-07,2,171,4,2,Portugal,Superior,Direct,60.45,0,120.9
1840,2026-06-28,3,118,2,0,Egypt,Superior,Travel Agency,72.52,0,217.56
1841,2025-08-19,6,173,3,0,France,Standard,Travel Agency,67.19,0,403.14
1842,2026-03-06,9,5,2,1,Turkey,Standard,Travel Agency,97.08,0,873.72
1843,2025-04-11,14,25,1,0,Italy,Superior,Travel Agency,103.84,0,1453.76
1844,2025-11-15,4,168,4,0,Italy,Superior,OTA,52.46,1,0.0
1845,2025-01-31,2,102,1,0,Egypt,Standard,OTA,73.53,0,147.06
1846,2026-05-24,3,25,4,2,Egypt,Standard,Direct,75.3,0,225.9
1847,2025-07-27,3,15,4,0,Italy,Suite,Corporate,235.71,0,707.13
1848,2025-02-20,2,22,2,0,Spain,Superior,Travel Agency,137.46,0,274.92
1849,2026-05-02,14,29,2,0,Portugal,Standard,Corporate,102.66,1,0.0
1850,2026-03-01,1,26,4,1,France,Deluxe,Direct,151.81,0,151.81
1851,2026-06-04,5,25,3,0,Portugal,Suite,Travel Agency,291.45,0,1457.25
1852,2026-01-09,1,160,1,0,Greece,Family,Travel Agency,139.04,0,139.04
1853,2025-08-17,6,135,2,0,Spain,Family,OTA,162.12,0,972.72
1854,2026-06-26,11,113,3,0,Portugal,Superior,Corporate,106.84,0,1175.24
1855,2025-02-27,12,58,2,0,Egypt,Standard,Corporate,79.39,0,952.68
1856,2025-01-29,9,176,3,0,Portugal,Superior,OTA,74.44,0,669.96
1857,2025-07-27,11,152,3,1,Turkey,Family,Corporate,126.45,0,1390.95
1858,2025-05-04,9,50,2,0,Greece,Standard,Corporate,79.9,0,719.1
1859,2026-03-06,9,27,1,0,Turkey,Suite,Direct,200.25,0,1802.25
1860,2026-01-11,13,90,2,2,Spain,Standard,OTA,63.38,0,823.94
1861,2025-09-21,11,75,2,0,Greece,Family,OTA,177.92,0,1957.12
1862,2025-06-16,14,31,2,2,Spain,Family,Corporate,142.86,0,2000.04
1863,2025-12-27,14,116,2,1,Portugal,Standard,Corporate,88.25,0,1235.5
1864,2026-03-30,11,174,2,0,Egypt,Suite,Direct,219.65,1,0.0
1865,2025-09-09,10,93,4,0,Italy,Deluxe,Direct,140.86,0,1408.6
1866,2025-04-29,14,104,2,0,Egypt,Standard,Direct,92.61,0,1296.54
1867,2026-05-07,1,55,2,0,Spain,Suite,Travel Agency,237.94,0,237.94
1868,2025-06-10,5,54,4,0,Greece,Suite,OTA,247.66,1,0.0
1869,2025-10-23,9,74,3,0,Greece,Standard,Direct,90.99,0,818.91
1870,2025-11-05,2,108,3,0,Spain,Deluxe,OTA,147.54,0,295.08
1871,2025-02-17,3,25,2,0,Egypt,Family,Travel Agency,184.11,0,552.33
1872,2026-02-02,12,74,2,0,Greece,Suite,Travel Agency,223.0,0,2676.0
1873,2025-08-27,5,140,1,0,Spain,Deluxe,Direct,162.29,0,811.45
1874,2025-05-02,13,70,2,1,Turkey,Superior,Corporate,104.27,0,1355.51
1875,2026-06-02,14,149,2,0,UAE,Family,OTA,207.56,1,0.0
1876,2025-12-12,6,28,2,2,Italy,Family,Corporate,178.44,0,1070.64
1877,2025-12-04,13,25,2,0,UAE,Suite,Corporate,226.24,0,2941.12
1878,2026-06-03,2,87,2,0,France,Family,Direct,187.74,0,375.48
1879,2026-04-18,3,58,4,1,Spain,Superior,Travel Agency,143.82,0,431.46
1880,2025-10-27,7,94,2,1,Portugal,Family,OTA,163.34,1,0.0
1881,2025-02-07,6,16,2,0,Spain,Family,OTA,159.28,0,955.68
1882,2025-03-04,14,128,2,0,UAE,Family,Travel Agency,109.55,0,1533.7
1883,2026-05-08,9,164,2,1,Spain,Superior,Direct,113.38,0,1020.42
1884,2026-05-14,6,78,2,2,Spain,Superior,Corporate,101.84,0,611.04
1885,2025-10-31,14,18,2,2,UAE,Family,OTA,187.63,0,2626.82
1886,2026-01-28,1,41,3,0,UAE,Deluxe,Corporate,163.2,0,163.2
1887,2026-06-25,7,37,2,0,Turkey,Standard,Corporate,45.42,0,317.94
1888,2026-03-03,7,64,2,0,Portugal,Family,OTA,197.54,0,1382.78
1889,2025-05-28,8,17,4,0,UAE,Superior,Corporate,90.85,0,726.8
1890,2026-05-03,7,177,2,0,France,Superior,Corporate,98.47,0,689.29
1891,2026-06-01,14,121,3,0,Egypt,Standard,Travel Agency,45.0,0,630.0
1892,2026-06-14,9,100,3,0,France,Standard,Travel Agency,88.4,0,795.6
1893,2026-01-15,13,60,2,0,UAE,Standard,OTA,52.54,0,683.02
1894,2026-05-01,4,147,2,0,UAE,Suite,Corporate,224.52,0,898.08
1895,2026-03-16,5,2,2,0,UAE,Family,Corporate,145.45,0,727.25
1896,2025-03-01,12,121,3,2,Portugal,Family,Travel Agency,199.9,1,0.0
1897,2025-12-19,5,40,2,0,Spain,Superior,Travel Agency,100.48,0,502.4
1898,2025-05-31,14,46,2,0,Egypt,Superior,Corporate,78.26,0,1095.64
1899,2025-07-31,3,15,4,0,France,Superior,Corporate,79.81,0,239.43
1900,2025-04-16,2,19,2,0,Portugal,Family,Direct,195.23,1,0.0
1901,2026-05-19,2,108,2,0,Turkey,Superior,Travel Agency,88.76,0,177.52
1902,2025-04-27,5,68,3,1,Greece,Standard,Travel Agency,67.93,0,339.65
1903,2025-06-29,2,108,3,0,Greece,Suite,OTA,240.94,0,481.88
1904,2025-07-11,1,46,4,1,Spain,Standard,Travel Agency,72.13,0,72.13
1905,2025-07-08,11,101,2,1,Italy,Standard,Corporate,45.0,0,495.0
1906,2025-01-26,14,18,2,1,Spain,Superior,Direct,125.4,0,1755.6
1907,2026-02-14,4,114,1,0,Spain,Standard,Travel Agency,73.9,1,0.0
1908,2025-07-23,4,47,2,1,France,Deluxe,Travel Agency,157.37,0,629.48
1909,2026-01-21,10,57,1,1,France,Suite,Travel Agency,257.33,0,2573.3
1910,2026-03-31,7,61,3,0,Greece,Suite,Direct,189.31,0,1325.17
1911,2026-02-12,13,83,2,0,France,Deluxe,Travel Agency,167.58,0,2178.54
1912,2025-04-22,12,154,2,2,Greece,Superior,Corporate,172.46,0,2069.52
1913,2025-06-11,13,126,2,2,Italy,Superior,Direct,120.06,1,0.0
1914,2026-02-01,4,89,4,0,Turkey,Suite,Corporate,273.02,0,1092.08
1915,2025-03-02,3,110,4,1,Portugal,Family,Travel Agency,198.95,0,596.85
1916,2025-06-25,8,42,3,0,UAE,Superior,Corporate,126.59,0,1012.72
1917,2025-09-29,10,160,3,0,Spain,Family,Direct,199.93,1,0.0
1918,2026-06-02,14,139,2,0,Spain,Family,Corporate,204.55,0,2863.7
1919,2026-01-08,13,105,1,0,Spain,Suite,Direct,270.68,0,3518.84
1920,2025-04-16,10,43,3,0,France,Superior,Direct,79.75,0,797.5
1921,2026-01-16,13,76,2,2,Spain,Deluxe,Travel Agency,176.63,0,2296.19
1922,2025-02-05,10,57,2,0,UAE,Superior,OTA,103.55,0,1035.5
1923,2025-07-31,3,1,2,0,UAE,Standard,Direct,111.71,1,0.0
1924,2025-06-07,13,95,4,0,UAE,Standard,Direct,92.29,0,1199.77
1925,2025-08-20,6,72,2,0,Greece,Family,Travel Agency,144.42,0,866.52
1926,2025-08-02,10,49,2,0,France,Deluxe,OTA,185.62,0,1856.2
1927,2026-02-08,3,151,2,0,Spain,Suite,Direct,220.96,1,0.0
1928,2025-12-22,10,137,4,0,Italy,Superior,Travel Agency,102.35,0,1023.5
1929,2025-10-04,2,41,3,0,Portugal,Deluxe,Corporate,192.31,0,384.62
1930,2025-11-17,14,156,3,2,France,Standard,Direct,83.61,0,1170.54
1931,2025-05-27,4,127,2,0,Italy,Family,Corporate,166.3,0,665.2
1932,2025-11-13,10,95,2,0,Italy,Standard,Corporate,78.13,0,781.3
1933,2025-07-06,10,68,4,0,Greece,Family,Travel Agency,165.78,0,1657.8
1934,2025-04-11,10,33,2,1,Portugal,Standard,OTA,100.18,0,1001.8
1935,2025-04-13,8,95,2,1,France,Family,Travel Agency,166.52,1,0.0
1936,2026-04-30,6,38,4,2,Egypt,Deluxe,Corporate,148.97,0,893.82
1937,2025-04-16,3,179,1,2,Egypt,Standard,Corporate,94.47,0,283.41
1938,2025-08-23,1,1,3,2,France,Suite,Travel Agency,251.5,0,251.5
1939,2025-11-19,14,35,2,0,Greece,Superior,Direct,92.86,0,1300.04
1940,2025-03-06,6,176,2,0,UAE,Standard,Travel Agency,100.51,0,603.06
1941,2025-04-07,5,53,4,0,Italy,Suite,Direct,227.08,0,1135.4
1942,2025-11-03,4,170,1,2,Portugal,Family,Corporate,149.42,0,597.68
1943,2025-05-24,5,119,3,0,UAE,Deluxe,OTA,106.23,1,0.0
1944,2025-06-07,2,128,3,0,Turkey,Deluxe,Direct,145.56,0,291.12
1945,2025-07-04,12,1,2,2,Portugal,Family,Direct,135.51,0,1626.12
1946,2026-03-18,8,162,2,2,Greece,Superior,OTA,89.55,0,716.4
1947,2025-06-24,10,150,3,1,UAE,Standard,Travel Agency,79.59,0,795.9
1948,2025-02-28,3,87,2,2,Turkey,Family,Travel Agency,203.92,0,611.76
1949,2025-02-28,9,85,4,2,UAE,Suite,OTA,232.99,1,0.0
1950,2025-06-25,13,82,4,1,Portugal,Superior,Corporate,74.93,0,974.09
1951,2025-06-26,1,130,2,1,Portugal,Superior,OTA,107.3,0,107.3
1952,2026-01-07,5,55,4,0,UAE,Standard,Corporate,107.8,0,539.0
1953,2025-06-22,9,40,2,0,UAE,Standard,Direct,72.43,0,651.87
1954,2025-07-07,6,169,4,1,France,Deluxe,Corporate,183.65,0,1101.9
1955,2025-06-26,9,105,2,2,Turkey,Superior,Direct,109.45,0,985.05
1956,2025-04-03,14,43,2,0,Turkey,Standard,Travel Agency,97.68,0,1367.52
1957,2025-06-29,10,2,1,2,Egypt,Family,OTA,180.46,1,0.0
1958,2026-03-31,1,34,2,1,Spain,Deluxe,Travel Agency,182.22,0,182.22
1959,2025-02-23,10,92,2,0,France,Standard,Corporate,133.58,0,1335.8
1960,2025-10-19,11,10,1,0,Italy,Standard,Direct,68.26,1,0.0
1961,2025-08-13,4,94,2,2,France,Superior,OTA,113.97,1,0.0
1962,2025-11-02,14,118,1,0,Greece,Family,Direct,203.9,0,2854.6
1963,2025-02-17,7,5,3,0,Portugal,Family,Direct,181.34,1,0.0
1964,2025-11-25,7,71,2,0,Egypt,Standard,Corporate,45.0,0,315.0
1965,2026-03-23,14,33,2,0,Greece,Suite,Travel Agency,232.8,0,3259.2
1966,2025-01-11,1,146,2,0,Portugal,Superior,OTA,116.13,0,116.13
1967,2025-10-05,7,23,2,1,France,Superior,Direct,149.85,0,1048.95
1968,2025-07-30,14,50,2,0,Spain,Suite,Travel Agency,242.59,0,3396.26
1969,2025-10-17,12,23,2,0,France,Superior,Direct,88.0,0,1056.0
1970,2026-02-03,6,70,2,0,Greece,Family,OTA,181.73,0,1090.38
1971,2026-04-21,8,168,2,2,UAE,Family,Corporate,211.74,0,1693.92
1972,2025-02-02,7,177,2,0,Turkey,Superior,Direct,94.44,0,661.08
1973,2025-10-12,7,17,2,0,UAE,Standard,Corporate,67.39,0,471.73
1974,2025-01-21,2,126,3,2,Greece,Superior,Travel Agency,94.8,0,189.6
1975,2025-07-07,1,43,2,2,Greece,Family,Travel Agency,142.76,0,142.76
1976,2025-10-01,13,68,1,1,France,Superior,Travel Agency,111.46,0,1448.98
1977,2025-12-20,7,85,2,2,Egypt,Suite,Travel Agency,238.51,0,1669.57
1978,2026-04-05,10,2,2,0,Turkey,Suite,Travel Agency,197.46,0,1974.6
1979,2025-08-19,7,35,2,2,Spain,Deluxe,Corporate,129.76,0,908.32
1980,2025-06-27,4,132,2,0,Italy,Standard,Direct,84.7,1,0.0
1981,2025-12-14,4,128,2,0,Portugal,Deluxe,OTA,167.04,0,668.16
1982,2025-04-04,7,71,2,0,Spain,Standard,OTA,104.06,0,728.42
1983,2026-05-04,9,19,2,1,Spain,Deluxe,Corporate,169.19,0,1522.71
1984,2026-02-25,12,24,2,0,Portugal,Suite,Travel Agency,239.96,0,2879.52
1985,2025-10-10,4,117,1,1,Egypt,Standard,Corporate,45.0,1,0.0
1986,2025-12-26,7,65,2,1,France,Family,OTA,169.37,0,1185.59
1987,2026-02-18,9,17,2,0,Italy,Suite,Travel Agency,180.54,0,1624.86
1988,2026-06-14,12,155,3,0,Spain,Superior,Corporate,114.82,0,1377.84
1989,2026-05-02,12,42,3,0,Spain,Suite,Travel Agency,223.64,0,2683.68
1990,2025-12-09,1,178,2,2,Egypt,Standard,Travel Agency,45.0,1,0.0
1991,2025-08-30,6,105,2,0,UAE,Standard,OTA,89.34,0,536.04
1992,2025-09-11,8,68,2,2,Greece,Superior,Direct,146.39,0,1171.12
1993,2026-02-10,8,165,2,0,Spain,Family,Corporate,135.8,0,1086.4
1994,2025-05-04,9,34,2,0,Egypt,Family,Corporate,186.43,1,0.0
1995,2025-10-15,13,20,3,0,Portugal,Suite,Corporate,230.17,1,0.0
1996,2025-12-03,4,128,2,2,Spain,Family,Corporate,155.94,0,623.76
1997,2025-07-30,10,106,2,0,France,Suite,Corporate,220.99,0,2209.9
1998,2026-02-14,1,80,4,0,Spain,Deluxe,OTA,140.16,0,140.16
1999,2025-05-23,14,30,4,1,Spain,Deluxe,Corporate,140.07,0,1960.98
2000,2025-03-21,9,102,4,1,Spain,Family,Corporate,173.96,0,1565.64
2001,2025-07-30,3,15,1,1,France,Suite,Direct,218.66,0,655.98
2002,2026-05-01,4,148,3,0,Italy,Suite,OTA,223.26,0,893.04
2003,2026-05-18,2,143,2,1,UAE,Superior,OTA,123.82,0,247.64
2004,2026-04-20,2,117,4,0,Egypt,Deluxe,Travel Agency,126.59,0,253.18
2005,2025-06-25,7,150,2,0,Spain,Superior,OTA,116.43,0,815.01
2006,2025-03-31,11,60,2,0,Spain,Standard,Travel Agency,71.39,1,0.0
2007,2026-01-03,13,144,3,1,Portugal,Standard,Corporate,66.37,0,862.81
2008,2025-07-03,2,157,2,2,Portugal,Superior,Direct,155.42,0,310.84
2009,2026-01-12,5,155,3,0,Turkey,Superior,Travel Agency,78.27,0,391.35
2010,2025-09-09,13,13,4,0,Italy,Family,Direct,213.4,0,2774.2
2011,2026-03-01,8,128,1,1,Egypt,Deluxe,OTA,170.83,0,1366.64
2012,2025-04-27,6,165,3,2,Spain,Standard,Corporate,64.24,0,385.44
2013,2025-09-16,13,148,4,0,Italy,Deluxe,Direct,171.61,0,2230.93
2014,2025-07-24,8,11,1,1,Spain,Suite,OTA,172.31,1,0.0
2015,2026-02-27,11,76,1,1,Spain,Superior,Direct,92.0,0,1012.0
2016,2026-06-10,11,138,1,2,Italy,Family,OTA,151.9,1,0.0
2017,2026-02-16,3,135,2,2,Egypt,Suite,OTA,249.64,1,0.0
2018,2025-10-31,14,76,3,0,Spain,Standard,Corporate,97.57,0,1365.98
2019,2025-05-31,9,129,4,2,UAE,Suite,OTA,249.23,1,0.0
2020,2026-04-24,11,70,1,0,Egypt,Suite,Direct,243.11,0,2674.21
2021,2026-03-10,10,175,1,2,Egypt,Standard,OTA,103.4,1,0.0
2022,2026-04-29,7,100,2,0,Spain,Suite,OTA,259.42,0,1815.94
2023,2025-01-18,4,159,1,1,Spain,Superior,Corporate,93.68,0,374.72
2024,2025-07-19,11,67,2,0,Greece,Deluxe,Corporate,136.26,0,1498.86
2025,2025-07-08,11,64,2,2,Portugal,Standard,Direct,97.88,0,1076.68
2026,2025-07-02,1,75,4,0,Turkey,Superior,Travel Agency,108.72,0,108.72
2027,2025-08-09,7,152,1,2,Italy,Superior,OTA,110.4,1,0.0
2028,2026-04-15,6,63,1,0,Turkey,Suite,Corporate,243.58,0,1461.48
2029,2026-02-19,14,180,1,0,Egypt,Family,Direct,131.11,0,1835.54
2030,2025-05-16,13,75,2,1,UAE,Superior,Travel Agency,92.62,0,1204.06
2031,2025-02-13,6,90,2,1,Turkey,Suite,Direct,251.83,1,0.0
2032,2026-06-30,14,112,2,0,Spain,Superior,Corporate,92.43,0,1294.02
2033,2025-10-06,14,130,3,0,Italy,Deluxe,Corporate,144.05,0,2016.7
2034,2026-05-26,4,132,2,0,Egypt,Family,OTA,186.66,0,746.64
2035,2025-07-22,3,59,2,0,Egypt,Family,Corporate,199.93,0,599.79
2036,2026-06-26,7,72,3,0,France,Deluxe,Travel Agency,178.18,0,1247.26
2037,2026-05-12,14,170,2,0,Spain,Deluxe,OTA,179.78,0,2516.92
2038,2026-06-22,7,47,2,1,France,Standard,Corporate,76.33,0,534.31
2039,2026-03-03,7,18,2,2,Egypt,Superior,OTA,103.77,0,726.39
2040,2025-12-20,7,156,3,2,France,Suite,OTA,210.92,1,0.0
2041,2025-08-09,6,141,4,1,Egypt,Suite,Corporate,276.56,0,1659.36
2042,2026-05-23,8,156,2,0,Egypt,Standard,Travel Agency,72.74,0,581.92
2043,2025-05-05,4,65,3,0,Spain,Suite,Travel Agency,275.86,0,1103.44
2044,2025-09-10,2,83,2,2,Greece,Suite,Direct,247.12,0,494.24
2045,2025-06-08,3,103,1,0,Spain,Standard,Travel Agency,106.21,0,318.63
2046,2025-11-01,1,167,4,1,Egypt,Superior,Direct,107.97,0,107.97
2047,2025-11-09,12,166,4,0,Spain,Deluxe,Direct,164.21,0,1970.52
2048,2025-08-11,5,30,1,0,Portugal,Deluxe,OTA,177.16,0,885.8
2049,2026-04-27,3,8,3,2,Egypt,Deluxe,Corporate,137.52,0,412.56
2050,2025-11-01,3,170,4,0,Turkey,Standard,Travel Agency,109.93,1,0.0
2051,2025-06-04,1,132,2,0,UAE,Superior,Direct,83.88,0,83.88
2052,2026-05-12,7,109,3,0,Turkey,Suite,Corporate,284.6,0,1992.2
2053,2025-05-09,10,139,1,0,Egypt,Suite,OTA,243.68,0,2436.8
2054,2025-01-05,2,121,4,0,Greece,Standard,Corporate,62.99,0,125.98
2055,2026-02-23,7,25,3,1,UAE,Family,OTA,195.29,0,1367.03
2056,2025-10-25,14,1,2,0,Turkey,Family,Travel Agency,183.3,0,2566.2
2057,2025-05-04,12,41,2,0,Italy,Superior,Corporate,67.23,0,806.76
2058,2025-11-20,14,103,1,0,Spain,Family,Corporate,165.17,0,2312.38
2059,2026-05-23,4,164,2,0,Portugal,Deluxe,Direct,124.97,0,499.88
2060,2025-08-20,7,22,3,0,Spain,Superior,Travel Agency,86.95,1,0.0
2061,2025-03-14,10,50,3,1,Greece,Superior,Corporate,86.13,0,861.3
2062,2025-02-11,4,76,4,0,Turkey,Deluxe,Travel Agency,162.96,1,0.0
2063,2026-04-05,5,140,3,0,Turkey,Family,Corporate,197.36,0,986.8
2064,2025-01-27,8,136,2,0,Greece,Deluxe,Direct,130.84,0,1046.72
2065,2025-01-06,12,120,2,0,Italy,Suite,Direct,191.46,0,2297.52
2066,2026-04-28,11,8,4,2,UAE,Standard,Corporate,45.0,0,495.0
2067,2025-09-02,11,42,3,2,UAE,Standard,Travel Agency,131.61,0,1447.71
2068,2025-12-27,7,49,2,0,Italy,Suite,Travel Agency,243.95,1,0.0
2069,2026-06-06,1,88,2,2,Italy,Standard,Travel Agency,100.49,0,100.49
2070,2026-04-08,5,69,4,2,Egypt,Deluxe,OTA,145.11,0,725.55
2071,2025-04-30,7,12,4,1,Portugal,Standard,Direct,45.0,0,315.0
2072,2025-10-19,1,150,2,0,Turkey,Deluxe,Travel Agency,160.34,0,160.34
2073,2025-05-01,9,70,1,0,France,Superior,Direct,151.26,0,1361.34
2074,2025-01-25,11,53,3,1,Egypt,Superior,Direct,94.27,0,1036.97
2075,2025-09-02,9,95,3,2,Egypt,Deluxe,Direct,94.56,0,851.04
2076,2026-04-01,9,138,1,0,Egypt,Deluxe,OTA,120.8,0,1087.2
2077,2025-12-13,2,97,2,1,Greece,Superior,OTA,131.8,0,263.6
2078,2025-12-17,12,106,2,0,Spain,Superior,Corporate,118.1,0,1417.2
2079,2025-11-04,5,5,3,2,Spain,Family,Corporate,205.05,1,0.0
2080,2025-02-13,9,154,3,1,Spain,Suite,OTA,240.22,0,2161.98
2081,2025-02-12,11,30,3,2,Italy,Suite,Travel Agency,257.11,0,2828.21
2082,2025-08-16,2,23,2,0,Egypt,Family,Direct,164.47,0,328.94
2083,2025-04-09,6,137,2,2,UAE,Suite,Direct,212.53,1,0.0
2084,2025-12-18,3,102,2,0,Italy,Standard,Corporate,97.19,0,291.57
2085,2025-02-03,5,116,4,0,France,Standard,Travel Agency,102.25,0,511.25
2086,2025-08-20,10,120,4,0,Portugal,Family,Travel Agency,159.82,0,1598.2
2087,2026-01-08,12,71,2,1,Spain,Suite,OTA,278.48,0,3341.76
2088,2025-07-21,2,113,1,0,Egypt,Standard,Travel Agency,119.31,0,238.62
2089,2025-09-07,10,69,2,1,Egypt,Family,OTA,151.28,0,1512.8
2090,2026-02-22,3,63,2,2,Egypt,Standard,Travel Agency,57.33,0,171.99
2091,2025-08-26,1,35,4,1,Italy,Suite,Travel Agency,218.4,0,218.4
2092,2025-01-17,3,95,2,2,Portugal,Standard,OTA,76.84,0,230.52
2093,2026-02-02,9,102,1,0,Spain,Family,OTA,165.61,0,1490.49
2094,2025-02-12,7,101,2,1,Spain,Deluxe,Direct,117.38,0,821.66
2095,2025-05-13,12,135,4,0,Egypt,Deluxe,Direct,129.06,0,1548.72
2096,2025-05-04,1,55,3,0,Italy,Superior,Direct,57.33,0,57.33
2097,2025-08-31,11,7,2,0,France,Standard,Travel Agency,45.0,1,0.0
2098,2025-12-14,3,176,2,1,UAE,Suite,Corporate,202.97,0,608.91
2099,2026-01-11,4,28,3,0,Egypt,Standard,Direct,129.8,0,519.2
2100,2026-03-17,1,34,2,0,Portugal,Deluxe,Travel Agency,195.85,0,195.85
2101,2025-09-21,13,69,4,2,France,Standard,Travel Agency,98.73,0,1283.49
2102,2025-10-20,12,142,3,0,Turkey,Deluxe,OTA,135.06,1,0.0
2103,2026-06-11,2,31,3,0,Italy,Suite,Corporate,202.61,1,0.0
2104,2025-12-23,11,89,3,0,Turkey,Deluxe,Travel Agency,149.69,0,1646.59
2105,2026-02-12,7,40,2,2,UAE,Superior,Direct,121.06,0,847.42
2106,2026-05-21,10,126,1,0,Egypt,Family,Direct,156.23,0,1562.3
2107,2025-08-29,13,104,1,1,France,Deluxe,Corporate,159.65,0,2075.45
2108,2025-02-01,8,2,2,1,France,Family,Corporate,145.58,0,1164.64
2109,2025-01-17,3,50,2,0,UAE,Suite,Travel Agency,225.55,0,676.65
2110,2025-01-28,2,95,2,0,Italy,Family,OTA,168.55,1,0.0
2111,2025-04-03,7,127,1,0,Egypt,Standard,Travel Agency,126.78,0,887.46
2112,2026-06-24,8,146,1,0,France,Superior,Travel Agency,88.73,1,0.0
2113,2025-11-06,2,53,2,2,UAE,Deluxe,Corporate,211.03,0,422.06
2114,2025-09-29,1,96,2,0,Greece,Standard,Travel Agency,90.93,0,90.93
2115,2026-04-24,10,13,2,1,Italy,Suite,Direct,303.25,0,3032.5
2116,2026-06-22,11,147,3,1,Egypt,Deluxe,Corporate,125.16,0,1376.76
2117,2025-08-08,7,84,2,0,Greece,Superior,Travel Agency,81.99,0,573.93
2118,2026-05-22,5,160,4,2,Portugal,Family,Direct,156.13,0,780.65
2119,2026-01-19,11,119,1,0,Greece,Family,Corporate,175.56,1,0.0
2120,2025-04-01,9,67,2,0,Italy,Suite,OTA,282.34,0,2541.06
2121,2025-06-17,1,154,2,1,Portugal,Superior,OTA,94.55,0,94.55
2122,2025-07-14,14,36,4,2,Portugal,Superior,OTA,132.46,0,1854.44
2123,2025-08-04,10,103,2,0,Spain,Superior,OTA,158.33,0,1583.3
2124,2025-11-26,4,41,2,1,Egypt,Suite,OTA,246.42,0,985.68
2125,2025-09-22,3,112,2,0,France,Superior,Travel Agency,137.37,0,412.11
2126,2025-05-25,1,34,2,0,Spain,Suite,Direct,219.85,0,219.85
2127,2025-09-15,12,0,1,1,Greece,Superior,OTA,120.23,0,1442.76
2128,2026-06-13,5,75,2,0,Turkey,Family,Direct,191.67,0,958.35
2129,2026-06-22,3,155,1,1,UAE,Deluxe,Direct,116.32,0,348.96
2130,2025-12-03,14,68,4,0,France,Family,Direct,152.53,0,2135.42
2131,2026-03-30,6,111,3,2,Italy,Superior,OTA,102.48,0,614.88
2132,2025-05-08,1,0,4,1,Turkey,Superior,OTA,69.32,0,69.32
2133,2025-06-08,3,110,4,0,France,Family,Corporate,156.78,1,0.0
2134,2026-04-24,8,55,2,0,Egypt,Suite,Direct,235.27,0,1882.16
2135,2026-02-12,7,76,4,1,Spain,Family,Direct,138.09,0,966.63
2136,2025-08-01,9,92,1,0,Egypt,Standard,Travel Agency,125.14,1,0.0
2137,2025-11-17,3,159,3,0,France,Deluxe,Direct,175.27,0,525.81
2138,2025-02-08,11,121,4,0,Spain,Superior,Corporate,198.23,1,0.0
2139,2025-10-04,1,172,4,1,Portugal,Deluxe,OTA,118.89,0,118.89
2140,2026-03-15,8,107,2,0,Spain,Family,OTA,186.25,1,0.0
2141,2025-01-15,14,10,2,1,Greece,Suite,Travel Agency,221.99,0,3107.86
2142,2026-02-18,13,67,2,0,Turkey,Suite,Corporate,211.86,0,2754.18
2143,2025-10-01,6,152,2,2,Greece,Standard,OTA,103.67,1,0.0
2144,2026-05-12,12,147,3,0,Italy,Deluxe,Corporate,151.38,0,1816.56
2145,2025-02-05,10,158,2,0,Spain,Deluxe,OTA,140.82,0,1408.2
2146,2025-05-27,14,106,2,0,Greece,Superior,OTA,117.19,1,0.0
2147,2025-08-16,10,65,2,0,France,Standard,OTA,58.51,0,585.1
2148,2025-03-18,11,26,2,2,Turkey,Suite,Travel Agency,217.74,0,2395.14
2149,2025-08-22,5,4,1,0,France,Family,Corporate,157.84,0,789.2
2150,2025-06-17,3,49,3,2,Turkey,Family,Travel Agency,204.08,0,612.24
2151,2025-06-26,14,163,2,0,Egypt,Family,Corporate,201.72,0,2824.08
2152,2025-03-07,14,131,3,2,France,Superior,OTA,77.85,0,1089.9
2153,2026-04-07,9,164,3,1,Spain,Deluxe,Travel Agency,193.77,1,0.0
2154,2025-03-11,7,133,1,1,Italy,Superior,Travel Agency,109.21,0,764.47
2155,2026-01-14,7,78,2,2,Turkey,Family,Direct,185.81,0,1300.67
2156,2025-11-29,9,109,4,1,Turkey,Suite,Corporate,222.07,0,1998.63
2157,2025-07-17,11,138,2,0,Portugal,Superior,OTA,110.53,1,0.0
2158,2026-02-09,13,30,1,2,Spain,Suite,OTA,211.72,0,2752.36
2159,2026-03-04,2,98,2,0,Spain,Standard,Corporate,60.44,0,120.88
2160,2025-11-27,6,81,4,1,Egypt,Deluxe,Travel Agency,171.33,0,1027.98
2161,2026-05-27,11,133,2,0,UAE,Deluxe,Corporate,171.97,0,1891.67
2162,2025-12-27,2,44,2,1,Egypt,Deluxe,Direct,162.02,0,324.04
2163,2025-01-08,1,98,3,1,UAE,Suite,Corporate,229.26,0,229.26
2164,2026-06-28,14,33,2,0,UAE,Standard,Corporate,47.47,0,664.58
2165,2026-01-27,6,65,2,0,France,Superior,Travel Agency,142.5,0,855.0
2166,2025-11-06,5,17,3,2,Portugal,Deluxe,Direct,174.01,0,870.05
2167,2025-05-28,13,51,2,2,Egypt,Suite,Corporate,194.04,1,0.0
2168,2025-01-18,9,59,2,1,Spain,Standard,Corporate,102.45,0,922.05
2169,2025-01-21,4,104,2,0,Turkey,Deluxe,OTA,140.81,0,563.24
2170,2025-08-06,9,164,2,0,France,Standard,Travel Agency,97.56,0,878.04
2171,2025-02-19,9,156,4,2,Greece,Standard,Travel Agency,45.0,0,405.0
2172,2025-03-12,4,68,4,2,Spain,Suite,Corporate,223.29,0,893.16
2173,2025-03-09,14,155,2,2,Portugal,Suite,Corporate,242.36,0,3393.04
2174,2025-05-19,14,69,2,0,Turkey,Standard,OTA,125.15,1,0.0
2175,2026-01-07,7,156,2,2,Spain,Deluxe,Travel Agency,216.67,0,1516.69
2176,2025-02-13,8,52,2,1,Portugal,Deluxe,Direct,152.43,1,0.0
2177,2025-11-26,8,163,4,0,Turkey,Standard,Travel Agency,107.92,0,863.36
2178,2025-02-16,3,168,2,0,France,Suite,Travel Agency,245.8,0,737.4
2179,2025-10-04,3,166,1,0,Italy,Deluxe,OTA,154.88,0,464.64
2180,2025-12-07,9,71,3,0,Portugal,Superior,Travel Agency,123.44,1,0.0
2181,2025-06-07,1,58,1,2,Portugal,Family,Corporate,173.54,1,0.0
2182,2025-10-20,9,111,2,0,UAE,Standard,Travel Agency,100.66,0,905.94
2183,2025-03-10,9,108,4,0,France,Superior,Direct,83.35,0,750.15
2184,2026-05-28,9,33,3,0,Egypt,Suite,Travel Agency,238.71,1,0.0
2185,2025-04-19,10,107,2,0,Greece,Superior,Corporate,157.8,0,1578.0
2186,2025-02-01,12,164,2,2,Egypt,Suite,Travel Agency,269.1,0,3229.2
2187,2025-06-19,8,107,2,0,Greece,Standard,Corporate,88.02,1,0.0
2188,2025-07-17,12,0,2,1,France,Suite,OTA,265.06,0,3180.72
2189,2025-03-30,6,23,3,0,Portugal,Suite,OTA,279.01,0,1674.06
2190,2025-10-29,13,37,2,0,UAE,Suite,Travel Agency,191.21,0,2485.73
2191,2026-03-01,10,140,3,0,Egypt,Superior,OTA,103.08,0,1030.8
2192,2025-05-17,8,36,2,1,Italy,Family,Direct,158.21,0,1265.68
2193,2025-06-05,3,58,2,2,Spain,Standard,Corporate,45.0,1,0.0
2194,2025-11-20,14,69,4,2,Portugal,Standard,Travel Agency,132.28,0,1851.92
2195,2026-04-23,8,148,2,0,Italy,Family,Corporate,189.7,0,1517.6
2196,2026-05-24,6,80,2,2,Italy,Suite,Direct,264.06,0,1584.36
2197,2026-04-09,12,53,2,2,Italy,Deluxe,Direct,134.23,0,1610.76
2198,2025-11-25,8,154,1,2,Turkey,Deluxe,Corporate,142.55,0,1140.4
2199,2025-06-21,7,140,2,2,Turkey,Suite,Corporate,239.87,1,0.0
2200,2026-02-25,4,134,1,0,Spain,Family,Corporate,184.97,0,739.88
2201,2025-03-23,3,60,3,1,Italy,Superior,Direct,129.63,1,0.0
2202,2025-01-29,11,85,4,0,Italy,Superior,Corporate,65.56,0,721.16
2203,2025-04-11,9,34,1,1,Spain,Family,Corporate,192.87,0,1735.83
2204,2025-02-07,14,30,1,1,France,Superior,Corporate,104.16,0,1458.24
2205,2025-05-31,10,142,2,1,Greece,Superior,Travel Agency,150.2,0,1502.0
2206,2026-06-08,11,111,4,0,Portugal,Standard,OTA,113.84,0,1252.24
2207,2025-11-20,1,107,2,0,Portugal,Suite,Corporate,247.28,0,247.28
2208,2026-06-16,13,57,2,0,UAE,Family,Direct,175.8,0,2285.4
2209,2026-05-14,8,60,4,0,France,Superior,Direct,102.27,1,0.0
2210,2025-11-27,6,87,4,0,UAE,Family,Direct,185.12,0,1110.72
2211,2026-01-02,3,164,1,2,Portugal,Suite,OTA,272.26,0,816.78
2212,2026-06-13,5,71,2,0,Turkey,Deluxe,OTA,151.38,0,756.9
2213,2025-04-18,2,79,1,0,Portugal,Standard,Direct,66.08,0,132.16
2214,2025-06-06,4,165,2,0,Greece,Family,Corporate,175.82,0,703.28
2215,2025-04-27,6,160,2,2,Italy,Standard,Corporate,87.76,0,526.56
2216,2026-04-07,10,114,3,0,France,Superior,Travel Agency,81.82,0,818.2
2217,2025-10-01,6,109,3,0,Turkey,Family,Corporate,140.9,0,845.4
2218,2025-10-28,1,59,2,1,Turkey,Standard,Direct,66.7,0,66.7
2219,2026-03-19,4,34,3,0,Portugal,Superior,Corporate,150.13,1,0.0
2220,2026-06-03,11,53,1,0,Portugal,Deluxe,Corporate,180.6,0,1986.6
2221,2025-06-14,10,180,4,0,Portugal,Superior,Direct,70.71,0,707.1
2222,2026-06-06,7,143,4,0,Spain,Superior,Direct,86.69,0,606.83
2223,2025-12-06,9,94,4,0,France,Superior,OTA,129.16,0,1162.44
2224,2025-06-29,5,23,2,0,Italy,Suite,Travel Agency,229.65,0,1148.25
2225,2025-09-18,9,63,3,1,Egypt,Standard,Corporate,91.52,0,823.68
2226,2025-08-01,5,74,2,1,Turkey,Family,OTA,136.94,0,684.7
2227,2025-05-06,6,161,3,0,Turkey,Standard,Corporate,80.3,0,481.8
2228,2025-10-02,12,156,1,1,Italy,Family,Direct,172.68,0,2072.16
2229,2025-12-11,1,41,2,0,Italy,Family,Direct,199.19,0,199.19
2230,2025-10-21,2,58,2,0,Portugal,Family,Direct,184.97,0,369.94
2231,2025-09-19,14,143,2,1,Portugal,Deluxe,Direct,153.57,0,2149.98
2232,2025-05-12,10,32,3,1,Turkey,Superior,OTA,66.85,1,0.0
2233,2025-01-30,13,38,2,0,Spain,Suite,Corporate,288.83,0,3754.79
2234,2025-07-11,2,142,2,1,Egypt,Family,Corporate,192.17,0,384.34
2235,2025-05-07,10,96,2,1,Egypt,Standard,Direct,62.22,1,0.0
2236,2025-05-23,6,100,2,0,France,Standard,OTA,82.93,0,497.58
2237,2025-05-12,3,174,4,0,Turkey,Suite,Direct,230.39,0,691.17
2238,2025-03-16,4,112,2,2,Greece,Family,Corporate,169.86,0,679.44
2239,2026-01-02,10,4,1,1,Portugal,Suite,Direct,270.15,0,2701.5
2240,2025-12-02,3,162,2,0,Egypt,Standard,Travel Agency,56.58,0,169.74
2241,2025-10-28,1,157,2,0,Greece,Deluxe,Direct,168.3,0,168.3
2242,2026-04-14,5,101,2,1,Turkey,Superior,Corporate,141.36,0,706.8
2243,2025-02-23,2,140,2,0,Portugal,Superior,Corporate,123.97,0,247.94
2244,2025-08-12,2,145,3,0,Egypt,Suite,Travel Agency,236.09,0,472.18
2245,2025-12-31,10,40,4,0,Portugal,Family,Corporate,155.52,0,1555.2
2246,2025-09-27,13,23,2,2,Spain,Standard,OTA,63.7,0,828.1
2247,2025-11-28,1,45,4,0,UAE,Standard,OTA,83.45,1,0.0
2248,2025-10-05,13,73,4,0,Egypt,Family,OTA,127.85,0,1662.05
2249,2025-07-04,9,137,2,2,Spain,Deluxe,Corporate,151.33,0,1361.97
2250,2025-09-04,4,16,2,0,Turkey,Family,Direct,196.63,0,786.52
2251,2026-01-18,11,123,2,2,Greece,Superior,Travel Agency,73.49,0,808.39
2252,2025-04-06,2,66,4,2,Portugal,Suite,Corporate,269.78,0,539.56
2253,2025-11-21,4,16,2,0,Turkey,Standard,Travel Agency,147.77,0,591.08
2254,2025-10-20,4,112,2,1,Egypt,Standard,OTA,78.41,0,313.64
2255,2025-02-23,12,135,2,2,Spain,Standard,Direct,74.5,1,0.0
2256,2026-05-07,4,21,2,0,Italy,Deluxe,Direct,146.81,0,587.24
2257,2025-03-08,5,58,2,1,Egypt,Superior,Direct,112.57,0,562.85
2258,2025-01-16,8,140,1,2,Portugal,Standard,Direct,72.56,0,580.48
2259,2026-02-20,11,134,2,1,Turkey,Superior,Travel Agency,61.63,0,677.93
2260,2026-04-11,14,13,2,2,Spain,Superior,Corporate,106.27,0,1487.78
2261,2025-07-22,4,18,2,0,France,Superior,Direct,85.52,0,342.08
2262,2026-02-18,1,13,2,0,Spain,Superior,Corporate,114.08,0,114.08
2263,2025-12-10,11,176,2,0,UAE,Superior,OTA,142.85,0,1571.35
2264,2025-10-23,12,24,1,0,France,Standard,Corporate,56.28,0,675.36
2265,2026-02-23,8,9,1,0,Italy,Deluxe,Travel Agency,193.83,1,0.0
2266,2025-05-26,1,24,2,1,Greece,Superior,OTA,100.87,0,100.87
2267,2025-05-12,3,34,2,0,Spain,Deluxe,OTA,128.99,1,0.0
2268,2025-05-14,3,170,2,0,UAE,Family,OTA,192.18,0,576.54
2269,2025-01-29,2,169,4,2,Spain,Standard,Direct,68.05,0,136.1
2270,2025-08-01,5,136,2,0,Greece,Suite,Direct,238.88,0,1194.4
2271,2025-07-17,4,164,2,0,France,Suite,Corporate,240.58,0,962.32
2272,2025-04-30,13,54,2,0,Turkey,Deluxe,Corporate,165.62,0,2153.06
2273,2025-10-18,6,32,2,0,France,Suite,Corporate,238.14,0,1428.84
2274,2025-11-02,13,76,3,1,Egypt,Standard,OTA,75.39,0,980.07
2275,2025-09-28,10,131,2,1,Greece,Deluxe,OTA,140.24,0,1402.4
2276,2025-02-25,12,149,2,0,Egypt,Family,Corporate,187.9,0,2254.8
2277,2025-09-06,5,169,3,2,UAE,Superior,Corporate,96.8,0,484.0
2278,2025-08-26,6,103,1,0,France,Family,Corporate,208.83,0,1252.98
2279,2026-01-15,14,85,3,0,Turkey,Family,Corporate,175.86,1,0.0
2280,2025-06-11,6,63,4,2,Spain,Suite,Corporate,197.98,0,1187.88
2281,2026-03-03,5,26,2,1,UAE,Superior,OTA,117.74,0,588.7
2282,2026-02-19,14,148,4,0,France,Deluxe,Corporate,161.89,0,2266.46
2283,2025-10-05,13,100,2,0,Greece,Deluxe,OTA,184.16,0,2394.08
2284,2026-02-22,3,162,3,2,UAE,Superior,OTA,91.56,0,274.68
2285,2025-10-24,4,99,2,2,France,Deluxe,Direct,128.08,0,512.32
2286,2025-12-13,8,20,2,1,Egypt,Superior,OTA,126.51,0,1012.08
2287,2025-11-28,5,54,4,0,Egypt,Suite,Travel Agency,269.19,0,1345.95
2288,2026-05-28,12,109,2,2,Spain,Family,Direct,155.62,0,1867.44
2289,2026-02-07,12,137,2,0,Portugal,Suite,OTA,246.81,0,2961.72
2290,2025-03-21,7,24,2,0,Italy,Standard,Corporate,78.57,0,549.99
2291,2026-06-12,11,50,4,1,Italy,Standard,OTA,61.44,0,675.84
2292,2025-01-24,8,53,2,0,Egypt,Standard,Corporate,77.1,0,616.8
2293,2025-06-20,13,1,1,0,Egypt,Family,Direct,202.13,0,2627.69
2294,2025-05-24,7,70,3,0,Italy,Superior,Direct,110.96,1,0.0
2295,2025-10-20,7,50,3,0,Portugal,Family,OTA,170.79,0,1195.53
2296,2025-11-28,11,71,2,2,France,Family,Travel Agency,190.09,0,2090.99
2297,2025-12-19,13,103,2,0,Italy,Family,OTA,204.68,1,0.0
2298,2025-11-04,1,55,2,2,Turkey,Suite,Direct,215.88,0,215.88
2299,2025-04-23,3,164,2,1,Turkey,Suite,Corporate,247.86,0,743.58
2300,2025-04-01,10,104,2,0,Egypt,Suite,OTA,231.03,0,2310.3
2301,2025-08-12,6,56,3,0,Spain,Standard,Corporate,81.08,0,486.48
2302,2025-04-21,3,89,3,0,Italy,Family,OTA,192.17,0,576.51
2303,2025-10-06,12,149,1,0,Greece,Superior,OTA,102.92,0,1235.04
2304,2025-10-06,5,55,2,1,Portugal,Superior,Travel Agency,59.37,0,296.85
2305,2025-04-13,5,11,3,2,Turkey,Standard,Direct,77.95,0,389.75
2306,2025-03-14,14,111,2,2,Greece,Standard,Direct,104.78,0,1466.92
2307,2025-09-15,9,23,1,1,Spain,Deluxe,Direct,161.25,0,1451.25
2308,2025-01-26,1,79,4,0,Spain,Superior,Corporate,107.39,0,107.39
2309,2026-03-04,2,103,3,0,Italy,Suite,Direct,243.49,0,486.98
2310,2025-09-10,5,36,1,0,Turkey,Suite,Travel Agency,241.63,0,1208.15
2311,2025-11-06,9,66,2,0,Greece,Deluxe,OTA,106.41,0,957.69
2312,2025-03-18,7,15,4,1,Italy,Family,Direct,178.92,0,1252.44
2313,2025-07-30,9,97,1,0,UAE,Family,Direct,143.24,0,1289.16
2314,2025-03-30,13,126,1,0,France,Standard,Travel Agency,108.87,0,1415.31
2315,2025-01-17,3,77,2,0,France,Suite,Direct,207.73,0,623.19
2316,2025-10-24,2,30,2,2,Portugal,Deluxe,Travel Agency,139.83,0,279.66
2317,2025-05-20,8,178,1,2,Greece,Family,Corporate,160.22,0,1281.76
2318,2026-06-07,6,125,2,0,Egypt,Superior,Direct,148.88,0,893.28
2319,2025-09-02,9,20,1,1,Turkey,Suite,Direct,267.67,0,2409.03
2320,2026-01-24,2,147,2,0,Greece,Superior,Direct,53.13,0,106.26
2321,2025-12-23,5,12,1,0,Italy,Deluxe,OTA,149.7,1,0.0
2322,2025-12-06,1,105,3,1,France,Family,Direct,146.98,0,146.98
2323,2026-02-21,9,64,2,0,France,Deluxe,OTA,154.02,0,1386.18
2324,2026-05-24,12,79,1,0,France,Deluxe,Travel Agency,166.56,0,1998.72
2325,2026-05-14,12,16,4,1,Turkey,Suite,Travel Agency,246.13,0,2953.56
2326,2026-03-13,7,154,2,2,Greece,Standard,Direct,98.17,0,687.19
2327,2026-01-14,2,151,4,0,Egypt,Family,Travel Agency,168.57,0,337.14
2328,2026-02-16,4,93,2,2,Turkey,Superior,OTA,116.94,0,467.76
2329,2026-04-05,11,22,2,0,Egypt,Family,OTA,192.21,1,0.0
2330,2026-01-06,7,93,1,0,Egypt,Standard,Corporate,68.91,1,0.0
2331,2025-01-24,11,10,1,0,Turkey,Standard,OTA,58.65,0,645.15
2332,2025-01-06,14,96,3,1,France,Deluxe,Direct,133.92,0,1874.88
2333,2026-06-09,8,26,1,0,Egypt,Family,Direct,172.06,0,1376.48
2334,2025-10-06,13,25,2,0,France,Standard,Corporate,80.38,0,1044.94
2335,2026-02-22,3,49,3,0,Italy,Deluxe,OTA,158.41,0,475.23
2336,2025-05-24,4,36,3,0,France,Superior,OTA,91.57,0,366.28
2337,2025-10-18,1,137,2,1,UAE,Superior,OTA,127.98,0,127.98
2338,2026-01-02,10,151,3,0,Spain,Standard,Travel Agency,125.49,0,1254.9
2339,2025-04-05,1,141,2,1,Italy,Superior,Travel Agency,95.39,0,95.39
2340,2025-04-15,12,29,2,0,Spain,Deluxe,OTA,211.31,1,0.0
2341,2025-11-23,13,113,2,0,France,Standard,Corporate,129.59,0,1684.67
2342,2025-10-24,2,163,4,0,Portugal,Suite,Direct,240.3,0,480.6
2343,2026-04-21,9,61,1,0,Spain,Standard,Direct,76.32,1,0.0
2344,2025-11-04,2,159,2,0,Greece,Deluxe,Direct,133.58,0,267.16
2345,2025-12-07,14,32,3,0,Turkey,Deluxe,Corporate,171.85,0,2405.9
2346,2026-02-24,13,116,2,0,Spain,Superior,Direct,111.96,0,1455.48
2347,2026-06-07,11,142,3,0,Spain,Family,OTA,179.57,0,1975.27
2348,2025-12-19,8,143,4,0,Greece,Family,Direct,154.14,0,1233.12
2349,2025-05-30,2,56,4,2,Portugal,Deluxe,OTA,172.62,0,345.24
2350,2026-02-17,10,147,1,0,UAE,Suite,Travel Agency,234.35,0,2343.5
2351,2025-12-19,8,95,3,2,Turkey,Standard,Travel Agency,53.63,0,429.04
2352,2025-07-11,10,0,2,2,Egypt,Suite,Direct,238.32,0,2383.2
2353,2025-11-02,6,39,3,2,Egypt,Standard,Corporate,60.63,1,0.0
2354,2025-03-10,12,12,2,0,Egypt,Family,OTA,209.2,1,0.0
2355,2025-08-28,8,69,2,1,Spain,Standard,Corporate,129.17,0,1033.36
2356,2025-11-22,3,113,2,0,Greece,Family,Direct,174.02,0,522.06
2357,2025-11-03,10,141,1,0,UAE,Superior,Direct,136.88,0,1368.8
2358,2026-06-09,5,49,2,1,France,Suite,Corporate,266.18,0,1330.9
2359,2025-10-30,5,77,2,1,France,Deluxe,Direct,76.14,0,380.7
2360,2026-06-29,5,172,2,0,France,Deluxe,OTA,133.96,0,669.8
2361,2025-08-06,5,131,1,0,Turkey,Standard,Corporate,83.06,0,415.3
2362,2025-05-10,5,28,4,0,UAE,Superior,Corporate,99.53,0,497.65
2363,2025-04-21,6,136,2,0,Portugal,Deluxe,Direct,132.11,0,792.66
2364,2026-01-29,3,127,3,1,Spain,Superior,Travel Agency,138.04,0,414.12
2365,2025-06-18,6,115,1,0,Greece,Superior,OTA,98.58,0,591.48
2366,2025-12-13,11,153,2,0,France,Superior,Direct,118.47,0,1303.17
2367,2025-11-26,11,137,2,2,Egypt,Superior,Direct,135.54,0,1490.94
2368,2025-10-14,1,35,3,1,Egypt,Superior,Direct,145.91,1,0.0
2369,2026-03-30,3,25,2,0,France,Suite,OTA,213.75,1,0.0
2370,2025-05-15,1,77,1,1,Portugal,Suite,OTA,215.69,0,215.69
2371,2025-05-03,6,175,2,2,France,Family,Corporate,180.6,0,1083.6
2372,2025-08-03,8,1,2,0,France,Deluxe,Direct,101.34,0,810.72
2373,2025-08-09,2,59,3,0,Spain,Deluxe,Travel Agency,126.79,0,253.58
2374,2025-01-08,3,38,1,1,Italy,Suite,Direct,271.09,0,813.27
2375,2025-04-19,10,61,4,0,Greece,Deluxe,OTA,165.88,0,1658.8
2376,2026-05-17,10,124,1,2,Spain,Standard,Direct,77.06,1,0.0
2377,2025-01-23,3,148,4,0,Egypt,Standard,Corporate,91.87,0,275.61
2378,2025-05-30,3,87,2,0,Portugal,Standard,Travel Agency,97.69,0,293.07
2379,2025-12-29,10,79,1,1,France,Superior,Direct,75.61,0,756.1
2380,2025-10-20,13,88,4,0,France,Superior,Direct,98.16,0,1276.08
2381,2026-01-30,11,160,2,1,Italy,Deluxe,Travel Agency,209.23,0,2301.53
2382,2026-01-21,5,112,4,0,Greece,Family,Direct,209.89,0,1049.45
2383,2025-05-02,10,75,2,0,Italy,Standard,Corporate,86.05,0,860.5
2384,2026-05-26,7,107,4,1,UAE,Standard,Travel Agency,87.54,1,0.0
2385,2025-07-01,11,120,4,1,Italy,Superior,Direct,109.09,0,1199.99
2386,2025-06-13,9,22,4,0,Portugal,Suite,Direct,196.55,0,1768.95
2387,2026-02-21,11,18,4,2,Spain,Superior,OTA,95.01,0,1045.11
2388,2025-09-09,2,172,1,1,Portugal,Suite,Corporate,250.3,0,500.6
2389,2025-01-25,7,161,2,1,Greece,Deluxe,OTA,138.72,0,971.04
2390,2025-05-19,3,50,4,1,Italy,Suite,Travel Agency,214.55,0,643.65
2391,2025-06-09,2,35,2,2,Turkey,Suite,Travel Agency,217.49,0,434.98
2392,2026-03-01,4,127,1,0,Turkey,Superior,Travel Agency,145.49,1,0.0
2393,2025-07-17,1,10,1,0,Portugal,Deluxe,OTA,137.43,0,137.43
2394,2025-06-02,14,62,4,0,Greece,Superior,Travel Agency,139.47,0,1952.58
2395,2026-03-24,6,153,4,2,Egypt,Family,OTA,182.65,0,1095.9
2396,2025-05-10,8,137,4,0,Italy,Family,OTA,169.22,0,1353.76
2397,2026-05-24,7,87,3,0,UAE,Superior,OTA,91.01,0,637.07
2398,2025-02-12,2,25,2,0,Egypt,Deluxe,OTA,166.59,0,333.18
2399,2026-03-15,7,74,2,1,Portugal,Superior,Travel Agency,135.95,0,951.65
2400,2025-03-07,13,36,2,0,Turkey,Deluxe,Travel Agency,169.11,0,2198.43
2401,2025-08-14,13,63,2,0,Egypt,Deluxe,Corporate,117.85,0,1532.05
2402,2026-04-26,7,66,3,1,Turkey,Suite,Corporate,227.36,0,1591.52
2403,2025-06-13,3,71,3,0,UAE,Standard,Direct,70.16,0,210.48
2404,2025-11-11,7,160,2,0,Spain,Family,OTA,127.27,0,890.89
2405,2026-03-05,6,98,3,0,Italy,Superior,Direct,121.61,1,0.0
2406,2026-03-08,13,32,2,1,Portugal,Superior,OTA,125.23,0,1627.99
2407,2025-11-24,12,5,3,1,Greece,Deluxe,Travel Agency,164.31,0,1971.72
2408,2025-05-22,2,33,3,0,Turkey,Family,Travel Agency,184.93,0,369.86
2409,2025-01-05,3,37,2,0,Portugal,Family,Direct,167.18,0,501.54
2410,2025-10-21,6,126,4,2,Portugal,Superior,Travel Agency,90.1,0,540.6
2411,2025-04-30,14,133,2,0,Portugal,Standard,OTA,72.1,0,1009.4
2412,2025-08-24,11,156,3,0,Italy,Deluxe,Corporate,157.86,0,1736.46
2413,2025-05-28,13,62,2,1,France,Standard,Travel Agency,112.07,0,1456.91
2414,2025-11-21,2,101,2,1,Portugal,Standard,Corporate,81.95,0,163.9
2415,2025-07-21,7,161,2,0,Egypt,Superior,Direct,111.1,0,777.7
2416,2025-04-26,2,35,2,0,Spain,Suite,Travel Agency,194.11,0,388.22
2417,2026-05-31,5,32,2,0,Greece,Superior,OTA,119.53,0,597.65
2418,2026-03-10,14,115,4,2,Egypt,Standard,OTA,114.14,1,0.0
2419,2026-02-20,8,163,1,0,Egypt,Standard,Travel Agency,77.25,0,618.0
2420,2025-09-17,10,73,2,2,France,Standard,Travel Agency,75.4,0,754.0
2421,2026-03-06,5,145,4,0,Italy,Superior,OTA,100.61,1,0.0
2422,2025-09-25,10,94,1,2,Greece,Deluxe,Direct,167.49,0,1674.9
2423,2025-01-01,2,27,2,0,Egypt,Standard,Corporate,45.0,0,90.0
2424,2025-12-20,13,135,4,0,Spain,Superior,Direct,139.5,0,1813.5
2425,2025-10-20,5,163,1,0,Turkey,Standard,Travel Agency,74.33,0,371.65
2426,2025-09-05,2,89,2,1,UAE,Standard,OTA,90.0,0,180.0
2427,2025-12-05,4,133,4,0,Turkey,Suite,OTA,259.55,0,1038.2
2428,2026-05-04,5,117,2,0,Spain,Superior,Direct,87.21,1,0.0
2429,2025-01-13,2,103,3,0,Egypt,Deluxe,Corporate,149.5,0,299.0
2430,2025-04-23,8,115,3,0,Spain,Standard,Direct,73.8,1,0.0
2431,2025-06-08,8,168,1,1,Greece,Family,Direct,146.65,0,1173.2
2432,2026-03-23,2,27,2,2,Egypt,Family,Corporate,200.73,0,401.46
2433,2025-04-26,2,145,3,1,Egypt,Family,Travel Agency,166.84,0,333.68
2434,2026-06-18,4,169,2,0,Egypt,Standard,Corporate,50.73,0,202.92
2435,2025-02-12,12,82,1,0,Greece,Deluxe,OTA,150.99,1,0.0
2436,2025-09-19,6,164,3,0,UAE,Family,Travel Agency,139.43,0,836.58
2437,2026-03-27,12,38,3,0,Greece,Deluxe,OTA,138.73,0,1664.76
2438,2025-09-11,10,167,3,2,France,Deluxe,OTA,157.35,1,0.0
2439,2026-02-02,7,168,2,0,Portugal,Family,Travel Agency,137.15,0,960.05
2440,2025-02-14,2,174,2,2,Turkey,Family,Corporate,190.77,0,381.54
2441,2026-05-12,10,53,1,0,Spain,Superior,Travel Agency,112.28,0,1122.8
2442,2025-07-29,3,118,2,1,Egypt,Family,OTA,194.71,0,584.13
2443,2025-09-19,6,17,4,0,Spain,Superior,Travel Agency,129.41,0,776.46
2444,2025-05-09,14,132,2,0,Egypt,Standard,OTA,67.9,0,950.6
2445,2025-01-05,13,139,2,0,Spain,Suite,Corporate,228.55,0,2971.15
2446,2025-05-09,12,2,4,1,Greece,Suite,OTA,251.88,0,3022.56
2447,2026-05-11,13,121,2,1,Italy,Standard,Travel Agency,53.6,0,696.8
2448,2025-05-24,6,32,4,1,Egypt,Superior,Direct,83.75,0,502.5
2449,2025-03-04,1,113,1,0,Italy,Standard,OTA,64.58,0,64.58
2450,2025-10-13,3,49,2,0,Portugal,Superior,Direct,76.3,1,0.0
2451,2025-12-24,12,168,2,1,Portugal,Standard,Corporate,50.48,0,605.76
2452,2025-05-04,11,148,3,1,Italy,Family,Travel Agency,146.21,0,1608.31
2453,2026-03-21,6,102,2,1,Egypt,Deluxe,Direct,141.92,0,851.52
2454,2026-01-22,9,60,2,0,Turkey,Standard,Direct,70.82,0,637.38
2455,2026-01-11,3,41,2,0,Egypt,Deluxe,OTA,173.7,0,521.1
2456,2026-04-15,10,51,4,0,France,Standard,Direct,72.35,0,723.5
2457,2025-09-22,4,159,4,0,Portugal,Standard,Travel Agency,77.62,0,310.48
2458,2025-10-19,8,171,2,1,Spain,Standard,Travel Agency,123.26,0,986.08
2459,2026-05-20,13,163,3,0,Italy,Deluxe,Direct,93.86,0,1220.18
2460,2025-04-09,1,17,2,0,Egypt,Standard,Direct,84.89,0,84.89
2461,2026-06-01,1,34,2,0,Greece,Deluxe,Corporate,144.36,0,144.36
2462,2025-12-11,10,116,3,0,Greece,Deluxe,Travel Agency,157.39,0,1573.9
2463,2026-06-04,9,52,2,1,Italy,Suite,OTA,226.03,1,0.0
2464,2025-04-21,5,146,2,1,Italy,Deluxe,Corporate,142.2,0,711.0
2465,2025-09-06,12,129,2,1,Turkey,Superior,OTA,140.72,0,1688.64
2466,2025-01-24,4,23,2,0,Egypt,Family,Travel Agency,186.53,0,746.12
2467,2025-05-30,13,132,2,0,Egypt,Suite,Travel Agency,233.39,0,3034.07
2468,2025-09-28,14,151,2,1,France,Deluxe,Direct,130.64,1,0.0
2469,2025-02-10,13,8,4,0,Spain,Suite,Corporate,213.52,0,2775.76
2470,2025-02-20,2,77,4,1,Spain,Deluxe,Direct,137.49,0,274.98
2471,2025-01-25,9,86,2,0,France,Family,Direct,105.65,0,950.85
2472,2026-02-15,11,51,4,0,Greece,Superior,Travel Agency,105.51,0,1160.61
2473,2026-03-07,14,167,2,1,Greece,Standard,Direct,123.14,0,1723.96
2474,2025-03-01,1,9,3,0,Greece,Standard,Corporate,83.05,0,83.05
2475,2026-06-18,2,0,2,2,Spain,Superior,OTA,93.32,1,0.0
2476,2025-12-10,12,71,1,0,France,Suite,Direct,183.95,0,2207.4
2477,2025-08-24,1,67,4,0,Portugal,Family,Corporate,154.99,0,154.99
2478,2025-04-01,4,106,2,0,Spain,Suite,Direct,227.53,0,910.12
2479,2025-05-24,3,172,4,1,Italy,Deluxe,Travel Agency,155.43,0,466.29
2480,2026-04-15,12,65,2,0,UAE,Superior,Direct,98.38,0,1180.56
2481,2025-04-01,1,89,4,2,Greece,Superior,Direct,154.57,0,154.57
2482,2026-03-20,8,51,3,1,Turkey,Superior,Direct,103.82,0,830.56
2483,2025-05-08,12,78,2,1,Greece,Family,Corporate,199.63,0,2395.56
2484,2025-12-31,11,7,4,0,Egypt,Family,Corporate,135.35,0,1488.85
2485,2026-05-06,12,25,3,1,Portugal,Family,OTA,173.17,0,2078.04
2486,2026-06-28,9,55,2,0,Egypt,Suite,Travel Agency,220.23,1,0.0
2487,2025-01-26,2,167,2,0,Portugal,Family,OTA,200.4,0,400.8
2488,2025-06-12,3,108,2,1,Portugal,Suite,Direct,229.92,0,689.76
2489,2025-07-19,8,164,2,0,Egypt,Deluxe,OTA,181.52,1,0.0
2490,2025-07-11,9,164,3,2,Spain,Family,Travel Agency,190.42,0,1713.78
2491,2025-09-05,13,81,3,2,Italy,Superior,Travel Agency,96.78,0,1258.14
2492,2025-12-16,10,122,2,1,France,Family,Travel Agency,148.11,0,1481.1
2493,2026-05-23,7,75,1,2,Greece,Suite,Travel Agency,221.6,0,1551.2
2494,2026-06-29,1,81,1,0,Turkey,Standard,Corporate,72.23,1,0.0
2495,2025-04-22,13,99,2,1,Greece,Suite,Direct,255.25,1,0.0
2496,2025-05-23,10,90,2,0,Italy,Suite,Corporate,239.0,0,2390.0
2497,2025-03-24,11,29,2,2,Egypt,Standard,Direct,99.87,0,1098.57
2498,2026-01-05,13,11,1,2,France,Deluxe,Travel Agency,183.73,0,2388.49
2499,2025-07-05,9,114,3,1,UAE,Family,Direct,175.3,0,1577.7
2500,2025-08-27,11,4,2,2,Greece,Standard,Direct,55.48,0,610.28
2501,2025-04-15,12,38,2,0,Italy,Suite,Corporate,248.55,0,2982.6
2502,2025-02-06,8,70,2,2,Spain,Family,Travel Agency,222.93,0,1783.44
2503,2025-06-02,3,41,2,0,Egypt,Suite,OTA,261.38,0,784.14
2504,2025-05-02,11,143,1,1,France,Standard,Direct,86.61,0,952.71
2505,2026-05-26,11,50,1,0,Turkey,Superior,Corporate,88.3,1,0.0
2506,2026-03-10,3,66,4,2,Portugal,Deluxe,OTA,144.66,1,0.0
2507,2026-04-26,13,162,2,0,UAE,Family,Direct,136.68,0,1776.84
2508,2025-10-11,5,100,4,2,UAE,Family,Corporate,146.79,0,733.95
2509,2025-09-19,1,97,3,1,Greece,Deluxe,Travel Agency,159.08,0,159.08
2510,2025-09-17,6,56,2,0,Italy,Deluxe,Corporate,106.97,0,641.82
2511,2026-03-16,9,137,4,1,UAE,Suite,OTA,231.04,0,2079.36
2512,2025-10-02,9,50,2,2,Greece,Deluxe,Corporate,119.38,0,1074.42
2513,2025-06-13,14,106,2,0,Egypt,Family,Travel Agency,147.86,0,2070.04
2514,2026-06-15,6,61,2,0,Portugal,Family,Travel Agency,175.74,0,1054.44
2515,2026-06-22,8,1,3,2,Turkey,Superior,OTA,91.63,0,733.04
2516,2026-02-23,13,156,3,0,Turkey,Deluxe,OTA,115.02,0,1495.26
2517,2026-03-17,10,176,2,2,Spain,Deluxe,Direct,135.95,1,0.0
2518,2025-11-09,6,15,2,0,France,Suite,Travel Agency,204.28,0,1225.68
2519,2026-02-15,8,42,4,0,Spain,Family,OTA,204.73,0,1637.84
2520,2025-10-15,3,154,2,2,Spain,Family,Corporate,191.68,0,575.04
2521,2025-08-21,12,125,2,2,UAE,Deluxe,Travel Agency,166.56,0,1998.72
2522,2025-01-05,4,143,1,0,Egypt,Superior,Travel Agency,89.43,0,357.72
2523,2025-12-26,2,90,1,0,Spain,Deluxe,Travel Agency,159.91,0,319.82
2524,2025-01-24,11,47,3,0,Turkey,Superior,Travel Agency,114.24,0,1256.64
2525,2025-08-21,2,35,2,2,Turkey,Superior,OTA,91.11,0,182.22
2526,2026-05-19,10,84,2,0,Italy,Standard,OTA,77.45,0,774.5
2527,2025-09-02,11,90,3,0,Turkey,Superior,Corporate,70.68,0,777.48
2528,2026-01-02,3,117,2,0,Egypt,Family,OTA,148.69,0,446.07
2529,2025-12-19,2,177,1,2,UAE,Family,OTA,171.78,1,0.0
2530,2026-06-26,4,141,4,0,UAE,Deluxe,Travel Agency,137.27,0,549.08
2531,2025-03-24,5,161,2,0,Italy,Suite,OTA,247.64,0,1238.2
2532,2025-11-28,2,20,2,0,UAE,Deluxe,Travel Agency,131.72,0,263.44
2533,2025-08-14,12,116,4,0,Egypt,Superior,Corporate,100.61,0,1207.32
2534,2025-07-10,9,27,2,1,Greece,Superior,Corporate,108.78,0,979.02
2535,2025-09-14,7,24,2,0,UAE,Family,Travel Agency,154.81,0,1083.67
2536,2026-03-10,12,42,2,0,Italy,Superior,Corporate,100.21,0,1202.52
2537,2025-01-30,9,65,3,0,Portugal,Family,OTA,179.07,0,1611.63
2538,2025-01-15,10,159,1,1,Greece,Standard,Corporate,117.38,0,1173.8
2539,2025-09-04,1,60,3,2,UAE,Standard,Corporate,59.94,0,59.94
2540,2026-05-21,1,79,2,0,UAE,Suite,OTA,227.38,0,227.38
2541,2025-05-09,11,180,4,1,Portugal,Superior,Direct,178.05,0,1958.55
2542,2025-06-27,13,55,2,0,Spain,Deluxe,Travel Agency,171.11,0,2224.43
2543,2025-04-03,11,74,4,0,Spain,Superior,Travel Agency,137.54,0,1512.94
2544,2025-09-06,7,76,2,0,France,Suite,OTA,252.3,0,1766.1
2545,2025-09-01,2,63,2,0,Portugal,Deluxe,Travel Agency,176.82,1,0.0
2546,2026-03-29,7,119,2,2,Italy,Standard,Travel Agency,58.67,0,410.69
2547,2025-10-27,10,6,4,0,Turkey,Superior,Direct,134.13,0,1341.3
2548,2026-06-18,14,51,4,0,Greece,Family,Travel Agency,192.61,0,2696.54
2549,2025-08-19,13,21,1,0,Portugal,Family,Direct,147.56,0,1918.28
2550,2025-04-20,6,4,2,0,Italy,Family,OTA,165.96,0,995.76
2551,2026-02-04,13,86,1,1,Greece,Superior,Direct,58.29,0,757.77
2552,2026-03-14,3,175,3,0,Spain,Suite,Corporate,242.23,1,0.0
2553,2025-08-23,14,158,2,0,Italy,Suite,OTA,263.63,0,3690.82
2554,2026-02-11,10,19,2,1,Greece,Family,Corporate,161.19,0,1611.9
2555,2026-05-11,2,6,2,0,Portugal,Family,Direct,150.07,0,300.14
2556,2026-03-29,11,74,2,2,Italy,Deluxe,OTA,123.52,0,1358.72
2557,2025-02-27,5,70,2,0,Spain,Superior,Direct,108.42,0,542.1
2558,2025-05-15,13,165,2,2,Greece,Suite,Corporate,252.07,0,3276.91
2559,2025-02-05,4,79,4,0,Spain,Superior,Travel Agency,148.0,0,592.0
2560,2026-05-31,7,115,2,0,Greece,Standard,Travel Agency,45.0,0,315.0
2561,2025-01-09,10,52,2,1,Portugal,Deluxe,Travel Agency,184.31,0,1843.1
2562,2025-03-12,9,37,2,1,Italy,Standard,Direct,83.55,0,751.95
2563,2025-09-07,14,140,4,0,Portugal,Superior,Direct,132.33,0,1852.62
2564,2025-02-19,14,80,1,0,Greece,Deluxe,Corporate,166.05,0,2324.7
2565,2025-03-03,2,139,2,0,France,Standard,Direct,79.9,0,159.8
2566,2025-08-29,9,168,3,0,UAE,Superior,OTA,108.97,0,980.73
2567,2025-02-02,13,140,4,0,Italy,Family,Direct,183.36,0,2383.68
2568,2026-02-25,4,106,1,0,Italy,Family,OTA,167.75,0,671.0
2569,2026-01-25,10,3,2,2,Turkey,Family,Corporate,169.64,0,1696.4
2570,2026-05-09,3,11,1,0,UAE,Superior,Direct,45.0,0,135.0
2571,2025-09-21,12,25,1,1,Spain,Family,Direct,188.32,0,2259.84
2572,2026-03-21,4,68,3,0,Spain,Suite,Travel Agency,219.86,0,879.44
2573,2025-04-17,3,55,2,0,UAE,Standard,Direct,104.86,0,314.58
2574,2025-03-24,10,67,4,0,UAE,Deluxe,Travel Agency,172.56,0,1725.6
2575,2026-03-07,10,120,2,2,Egypt,Deluxe,Travel Agency,137.5,0,1375.0
2576,2026-02-03,14,29,3,0,Portugal,Family,Corporate,188.58,0,2640.12
2577,2025-03-22,4,112,2,0,Egypt,Superior,Corporate,120.24,0,480.96
2578,2025-09-04,10,90,2,0,France,Family,Corporate,160.08,0,1600.8
2579,2026-03-28,9,56,1,0,UAE,Family,OTA,190.46,0,1714.14
2580,2026-04-15,2,50,3,2,Portugal,Deluxe,Direct,186.39,1,0.0
2581,2025-06-19,12,35,2,0,Egypt,Standard,Travel Agency,105.79,1,0.0
2582,2025-11-01,13,100,2,0,Portugal,Family,OTA,139.78,1,0.0
2583,2025-08-12,1,75,4,0,Italy,Family,Corporate,186.12,0,186.12
2584,2025-04-10,11,76,2,0,UAE,Superior,Travel Agency,131.27,0,1443.97
2585,2026-06-08,4,28,3,1,Egypt,Superior,Corporate,93.57,1,0.0
2586,2025-09-26,8,6,2,1,UAE,Family,Corporate,199.86,0,1598.88
2587,2026-06-07,8,5,2,1,Greece,Standard,Direct,60.96,0,487.68
2588,2025-10-12,9,56,2,2,Greece,Family,OTA,167.51,0,1507.59
2589,2025-03-22,13,88,3,0,France,Suite,Direct,221.83,0,2883.79
2590,2025-06-21,8,14,2,0,Greece,Deluxe,Direct,128.06,0,1024.48
2591,2025-02-14,5,12,2,0,Italy,Standard,Corporate,88.32,0,441.6
2592,2025-06-24,3,131,2,0,Portugal,Standard,OTA,46.67,1,0.0
2593,2025-01-21,2,137,1,1,Egypt,Standard,Corporate,73.82,0,147.64
2594,2025-12-09,11,114,3,2,Turkey,Suite,Corporate,248.33,0,2731.63
2595,2025-10-19,10,157,2,2,Spain,Deluxe,OTA,132.15,1,0.0
2596,2025-05-19,2,125,1,0,Turkey,Suite,Corporate,269.46,0,538.92
2597,2025-12-10,7,91,3,0,Italy,Standard,Corporate,75.7,0,529.9
2598,2025-03-20,8,54,4,0,Egypt,Superior,Direct,145.95,0,1167.6
2599,2026-02-22,4,24,2,2,Portugal,Deluxe,Travel Agency,190.93,0,763.72
2600,2026-04-05,14,45,4,1,Italy,Family,Travel Agency,139.22,0,1949.08
2601,2026-02-25,4,124,3,2,Italy,Standard,OTA,89.32,0,357.28
2602,2026-06-23,14,176,4,2,Spain,Family,OTA,179.16,0,2508.24
2603,2025-02-18,2,53,4,0,Portugal,Standard,Corporate,69.9,0,139.8
2604,2026-05-21,6,48,4,0,Italy,Family,OTA,175.04,0,1050.24
2605,2025-07-19,7,30,2,0,Portugal,Suite,Travel Agency,307.76,0,2154.32
2606,2025-10-02,10,9,1,0,Spain,Superior,Corporate,123.0,0,1230.0
2607,2025-06-17,10,91,4,0,UAE,Suite,Travel Agency,257.74,0,2577.4
2608,2026-05-31,4,87,4,1,Greece,Suite,Direct,236.49,0,945.96
2609,2025-06-06,8,71,4,0,France,Superior,Travel Agency,119.64,0,957.12
2610,2025-12-17,2,112,2,0,France,Deluxe,Direct,129.75,0,259.5
2611,2025-09-18,14,126,2,0,Italy,Superior,OTA,128.25,0,1795.5
2612,2026-02-20,13,9,1,2,Egypt,Superior,Travel Agency,144.8,0,1882.4
2613,2026-01-02,5,25,2,2,Turkey,Deluxe,OTA,170.25,0,851.25
2614,2025-04-07,6,99,2,0,Greece,Standard,Corporate,61.88,0,371.28
2615,2026-02-14,9,169,4,0,Spain,Suite,Corporate,216.1,0,1944.9
2616,2025-11-10,6,148,3,1,France,Deluxe,Direct,207.94,0,1247.64
2617,2025-06-30,12,27,2,1,Greece,Deluxe,Direct,182.86,0,2194.32
2618,2026-03-05,7,130,1,0,Greece,Superior,Corporate,127.83,0,894.81
2619,2025-07-16,7,115,1,1,France,Standard,Corporate,116.7,0,816.9
2620,2025-08-20,12,75,1,0,Turkey,Superior,OTA,109.24,0,1310.88
2621,2025-06-24,12,69,1,2,Greece,Standard,Corporate,97.35,0,1168.2
2622,2025-09-09,3,60,2,0,Turkey,Standard,Direct,109.16,0,327.48
2623,2025-04-13,11,79,2,0,France,Deluxe,Travel Agency,142.74,0,1570.14
2624,2025-06-09,11,171,1,0,Turkey,Superior,Travel Agency,121.1,0,1332.1
2625,2025-01-08,12,153,2,1,Egypt,Deluxe,Direct,176.0,1,0.0
2626,2025-05-01,11,131,2,0,UAE,Family,Travel Agency,149.53,0,1644.83
2627,2025-01-09,10,147,2,0,Turkey,Family,Travel Agency,165.35,0,1653.5
2628,2025-07-17,10,138,3,0,Greece,Family,Direct,200.38,0,2003.8
2629,2025-11-24,5,162,2,0,UAE,Standard,Direct,84.84,1,0.0
2630,2026-06-05,14,45,2,0,Italy,Standard,OTA,81.49,0,1140.86
2631,2025-11-22,7,81,3,0,France,Suite,OTA,238.55,1,0.0
2632,2025-02-06,11,44,2,1,Egypt,Family,Corporate,203.19,0,2235.09
2633,2026-03-10,10,44,2,2,UAE,Superior,OTA,86.87,0,868.7
2634,2026-01-28,2,145,2,0,Italy,Suite,OTA,228.74,0,457.48
2635,2025-01-17,14,159,2,0,France,Deluxe,OTA,116.49,0,1630.86
2636,2025-10-29,1,96,2,0,Greece,Deluxe,Corporate,142.0,0,142.0
2637,2025-07-15,4,76,4,2,Greece,Superior,Travel Agency,113.61,0,454.44
2638,2025-08-02,8,94,1,2,Egypt,Family,Travel Agency,129.16,0,1033.28
2639,2025-02-08,9,111,2,0,France,Deluxe,OTA,130.1,1,0.0
2640,2025-06-30,7,158,2,2,UAE,Deluxe,Direct,154.8,0,1083.6
2641,2026-04-06,5,52,2,0,UAE,Superior,Travel Agency,120.7,0,603.5
2642,2025-10-06,8,161,1,0,Egypt,Suite,Corporate,283.08,0,2264.64
2643,2025-10-18,6,53,2,2,Italy,Family,Corporate,189.43,1,0.0
2644,2025-12-03,1,66,2,0,Greece,Standard,Direct,75.55,0,75.55
2645,2025-12-15,5,34,3,2,Portugal,Superior,Travel Agency,112.94,0,564.7
2646,2025-10-19,12,156,4,1,Egypt,Suite,Corporate,243.79,0,2925.48
2647,2026-03-17,8,150,3,2,Turkey,Family,Direct,163.78,0,1310.24
2648,2026-02-23,12,27,2,0,Egypt,Suite,Direct,245.86,0,2950.32
2649,2025-03-29,14,66,3,1,Italy,Standard,Direct,67.65,0,947.1
2650,2025-08-09,13,134,2,1,Italy,Deluxe,Corporate,157.1,0,2042.3
2651,2026-05-07,14,91,2,1,UAE,Standard,Travel Agency,78.53,0,1099.42
2652,2025-03-20,9,129,2,0,Italy,Family,Corporate,169.48,0,1525.32
2653,2025-10-27,5,144,4,0,Greece,Deluxe,OTA,145.16,0,725.8
2654,2026-01-12,10,163,2,2,UAE,Standard,Travel Agency,98.61,1,0.0
2655,2025-11-28,13,4,4,0,Egypt,Family,OTA,191.05,1,0.0
2656,2026-05-12,6,79,1,0,Turkey,Superior,Corporate,103.24,0,619.44
2657,2025-03-15,8,179,3,2,France,Deluxe,Corporate,167.59,0,1340.72
2658,2025-05-08,5,8,2,0,Spain,Superior,Travel Agency,108.05,0,540.25
2659,2026-05-18,7,44,2,0,Italy,Family,OTA,173.43,0,1214.01
2660,2026-06-14,11,73,3,0,Egypt,Suite,Direct,228.8,0,2516.8
2661,2026-01-30,4,82,3,0,Greece,Standard,Direct,119.82,0,479.28
2662,2025-01-23,13,20,2,1,Egypt,Suite,Travel Agency,276.63,1,0.0
2663,2025-03-28,13,156,4,0,Spain,Deluxe,Travel Agency,133.73,0,1738.49
2664,2025-05-31,14,125,2,0,Egypt,Family,Direct,166.83,0,2335.62
2665,2025-08-10,7,83,2,0,Spain,Superior,Corporate,119.01,0,833.07
2666,2025-08-09,5,77,4,0,Greece,Suite,Travel Agency,253.53,1,0.0
2667,2026-02-17,9,153,2,0,Greece,Standard,Direct,54.98,0,494.82
2668,2025-06-04,4,56,2,1,Egypt,Standard,Corporate,58.62,0,234.48
2669,2025-02-18,8,56,1,1,Turkey,Deluxe,Travel Agency,78.75,0,630.0
2670,2026-04-18,8,109,2,1,France,Family,OTA,188.61,0,1508.88
2671,2026-02-06,8,137,2,0,Portugal,Family,Travel Agency,139.59,0,1116.72
2672,2026-05-23,13,95,3,0,Turkey,Superior,Travel Agency,93.93,0,1221.09
2673,2026-05-30,12,85,2,2,UAE,Superior,Corporate,131.5,0,1578.0
2674,2026-04-16,13,64,1,0,Portugal,Family,Corporate,195.26,0,2538.38
2675,2026-03-06,9,121,2,0,Turkey,Superior,Direct,148.17,0,1333.53
2676,2026-05-07,7,119,2,0,Turkey,Suite,Corporate,287.56,0,2012.92
2677,2025-12-26,4,76,1,0,UAE,Family,OTA,245.61,0,982.44
2678,2025-08-01,1,159,3,0,Spain,Standard,Travel Agency,71.14,1,0.0
2679,2025-02-04,13,104,2,1,UAE,Suite,OTA,225.45,1,0.0
2680,2025-09-05,12,74,4,0,UAE,Superior,Travel Agency,119.98,0,1439.76
2681,2026-03-09,6,62,2,0,Greece,Superior,Corporate,77.0,0,462.0
2682,2026-03-17,1,161,4,0,Spain,Deluxe,Corporate,144.03,0,144.03
2683,2025-01-30,14,146,4,0,Italy,Standard,OTA,83.54,0,1169.56
2684,2025-11-12,10,170,2,1,Italy,Standard,Corporate,91.88,0,918.8
2685,2025-11-18,2,22,3,0,UAE,Suite,OTA,254.61,0,509.22
2686,2026-04-04,13,70,2,1,Italy,Deluxe,Travel Agency,143.3,0,1862.9
2687,2026-04-27,8,108,1,2,Egypt,Suite,Corporate,210.15,1,0.0
2688,2025-01-01,5,118,4,2,Egypt,Family,Corporate,149.68,0,748.4
2689,2025-05-31,12,157,1,0,France,Deluxe,Corporate,101.61,0,1219.32
2690,2025-12-18,10,150,2,0,Italy,Deluxe,OTA,136.27,0,1362.7
2691,2025-08-27,12,59,1,0,France,Family,Corporate,141.5,0,1698.0
2692,2025-10-20,14,4,2,0,Portugal,Superior,Corporate,97.86,0,1370.04
2693,2025-06-28,3,17,2,0,UAE,Standard,OTA,89.72,0,269.16
2694,2025-04-01,9,99,2,0,Turkey,Family,Travel Agency,145.65,0,1310.85
2695,2026-04-07,14,62,2,2,Italy,Deluxe,Corporate,152.14,0,2129.96
2696,2026-05-28,6,42,2,1,Turkey,Deluxe,OTA,143.04,0,858.24
2697,2025-01-03,4,83,3,0,Turkey,Standard,Direct,88.38,0,353.52
2698,2025-06-20,12,57,3,1,Greece,Deluxe,Direct,164.12,0,1969.44
2699,2026-02-21,7,79,2,1,Turkey,Standard,OTA,71.55,1,0.0
2700,2025-04-03,4,93,1,2,Greece,Standard,OTA,80.06,0,320.24
2701,2025-12-30,9,95,2,0,Egypt,Deluxe,Direct,143.13,0,1288.17
2702,2025-12-24,4,159,3,2,UAE,Superior,Direct,98.57,1,0.0
2703,2026-05-16,9,154,2,0,Spain,Suite,Travel Agency,222.77,0,2004.93
2704,2025-03-19,3,141,2,0,UAE,Suite,Direct,251.69,0,755.07
2705,2026-01-21,8,88,3,0,Greece,Suite,OTA,272.77,1,0.0
2706,2025-04-10,10,56,2,2,Italy,Suite,Direct,269.28,0,2692.8
2707,2025-02-26,4,136,1,0,Egypt,Superior,Travel Agency,78.59,0,314.36
2708,2025-05-11,12,155,2,0,France,Standard,Travel Agency,112.23,0,1346.76
2709,2026-04-20,12,61,1,2,Italy,Superior,Direct,87.34,0,1048.08
2710,2026-06-12,6,39,2,0,Turkey,Standard,Direct,83.55,0,501.3
2711,2025-10-30,12,102,1,0,Greece,Standard,Travel Agency,87.84,0,1054.08
2712,2025-12-31,6,50,1,0,UAE,Superior,Direct,72.88,0,437.28
2713,2025-07-14,1,78,2,0,Portugal,Family,Direct,170.63,0,170.63
2714,2025-04-13,1,157,4,1,UAE,Suite,Travel Agency,274.0,0,274.0
2715,2025-11-17,6,116,2,1,Greece,Deluxe,Travel Agency,94.54,0,567.24
2716,2025-11-07,2,142,4,0,Italy,Superior,Corporate,170.47,0,340.94
2717,2025-10-01,6,39,1,1,Turkey,Standard,Direct,45.0,0,270.0
2718,2025-01-24,7,26,4,1,Egypt,Suite,Direct,247.2,1,0.0
2719,2025-01-18,1,179,4,2,France,Superior,Travel Agency,73.9,0,73.9
2720,2025-05-18,13,31,2,2,France,Family,OTA,186.12,0,2419.56
2721,2025-06-05,11,21,4,1,UAE,Family,OTA,203.02,0,2233.22
2722,2026-01-26,14,158,3,1,France,Standard,OTA,100.14,0,1401.96
2723,2025-10-05,8,146,4,0,Spain,Standard,Travel Agency,45.0,0,360.0
2724,2025-08-24,3,169,4,0,Portugal,Superior,OTA,134.45,0,403.35
2725,2026-04-12,1,180,2,0,France,Standard,Direct,73.24,1,0.0
2726,2026-04-20,14,68,3,0,Portugal,Superior,Travel Agency,75.26,0,1053.64
2727,2025-07-15,9,118,1,0,UAE,Standard,Travel Agency,113.8,0,1024.2
2728,2025-12-09,3,11,2,2,Spain,Superior,Corporate,162.49,0,487.47
2729,2025-01-17,13,97,1,0,Spain,Superior,OTA,112.28,0,1459.64
2730,2025-09-26,1,107,2,0,Portugal,Deluxe,Corporate,140.49,0,140.49
2731,2026-02-13,12,155,2,0,Spain,Deluxe,Direct,130.5,0,1566.0
2732,2026-05-30,12,149,3,0,Egypt,Family,Travel Agency,193.38,0,2320.56
2733,2025-07-29,1,24,2,0,UAE,Family,OTA,200.76,0,200.76
2734,2025-08-14,9,143,2,2,Portugal,Family,Travel Agency,165.5,0,1489.5
2735,2026-03-12,12,157,3,0,Italy,Superior,Corporate,149.93,0,1799.16
2736,2025-02-23,7,165,2,0,Spain,Standard,Direct,96.12,0,672.84
2737,2025-07-18,9,97,1,0,Portugal,Suite,Travel Agency,242.0,0,2178.0
2738,2026-04-03,2,147,3,0,Greece,Suite,Direct,248.02,0,496.04
2739,2025-08-01,6,31,4,0,UAE,Superior,OTA,85.3,0,511.8
2740,2025-10-24,5,18,3,0,Turkey,Family,Direct,193.08,0,965.4
2741,2026-01-06,4,78,2,0,Greece,Suite,Travel Agency,216.78,0,867.12
2742,2025-04-06,12,104,2,0,Spain,Suite,Travel Agency,227.4,1,0.0
2743,2025-08-15,3,168,4,1,Portugal,Standard,Travel Agency,78.18,1,0.0
2744,2026-06-07,13,132,2,2,Egypt,Deluxe,Corporate,197.23,0,2563.99
2745,2025-06-02,10,42,2,2,France,Superior,OTA,115.95,1,0.0
2746,2025-01-02,13,28,3,0,France,Superior,Travel Agency,88.98,0,1156.74
2747,2025-08-03,1,111,3,2,UAE,Family,Travel Agency,183.12,1,0.0
2748,2026-03-09,8,104,4,1,Spain,Suite,Corporate,254.51,0,2036.08
2749,2025-10-13,6,141,2,1,Turkey,Deluxe,Travel Agency,180.23,0,1081.38
2750,2026-05-02,6,37,1,0,UAE,Superior,Direct,109.39,0,656.34
2751,2026-05-05,6,88,4,0,France,Suite,Corporate,222.31,1,0.0
2752,2025-10-09,9,117,2,0,Italy,Deluxe,Corporate,205.25,1,0.0
2753,2025-06-10,7,113,2,0,Italy,Suite,Corporate,248.17,0,1737.19
2754,2026-03-11,5,85,2,0,Egypt,Deluxe,Travel Agency,129.12,0,645.6
2755,2025-03-15,13,91,4,1,Turkey,Standard,Corporate,79.17,0,1029.21
2756,2026-03-28,9,153,2,0,Spain,Standard,OTA,67.41,0,606.69
2757,2025-12-26,12,129,2,0,Italy,Family,OTA,206.95,0,2483.4
2758,2025-02-08,2,83,3,1,France,Superior,Travel Agency,124.26,0,248.52
2759,2025-05-29,3,134,2,2,Greece,Deluxe,OTA,142.18,0,426.54
2760,2026-05-07,7,105,3,0,Turkey,Family,Direct,200.77,0,1405.39
2761,2025-03-26,13,162,3,0,Turkey,Standard,OTA,77.16,0,1003.08
2762,2025-07-21,5,141,1,0,UAE,Superior,Corporate,108.6,0,543.0
2763,2025-09-05,6,134,2,1,Portugal,Standard,Travel Agency,61.68,0,370.08
2764,2025-12-01,5,69,2,0,UAE,Superior,OTA,91.49,0,457.45
2765,2026-02-07,1,157,2,1,Turkey,Family,OTA,228.02,0,228.02
2766,2026-05-23,3,12,4,0,Greece,Family,Travel Agency,199.45,0,598.35
2767,2025-03-06,2,153,4,0,UAE,Family,Corporate,129.7,0,259.4
2768,2025-06-07,13,128,2,0,France,Standard,Travel Agency,56.23,0,730.99
2769,2025-11-25,12,166,4,0,Greece,Standard,Corporate,51.45,0,617.4
2770,2026-04-10,6,81,3,0,Italy,Superior,Corporate,111.5,0,669.0
2771,2025-07-06,7,66,2,2,UAE,Family,Corporate,164.63,0,1152.41
2772,2026-06-09,5,73,4,1,Spain,Family,Direct,212.55,0,1062.75
2773,2026-05-08,14,87,1,2,Italy,Suite,Direct,231.83,0,3245.62
2774,2026-04-13,8,95,2,0,France,Suite,Travel Agency,289.63,0,2317.04
2775,2025-11-03,2,78,3,0,UAE,Superior,Direct,107.91,0,215.82
2776,2026-03-16,5,158,3,0,Greece,Suite,Travel Agency,296.35,0,1481.75
2777,2026-05-03,5,112,2,1,UAE,Family,Travel Agency,169.94,0,849.7
2778,2025-02-07,8,4,2,0,Turkey,Suite,Travel Agency,235.42,0,1883.36
2779,2025-08-04,11,78,2,1,Portugal,Family,Direct,198.83,0,2187.13
2780,2025-12-11,14,105,3,0,France,Standard,Travel Agency,99.73,0,1396.22
2781,2025-02-25,8,103,4,0,Turkey,Standard,Travel Agency,47.67,0,381.36
2782,2025-08-04,6,151,2,1,Italy,Standard,Direct,82.1,0,492.6
2783,2025-04-23,2,85,4,0,Portugal,Family,OTA,164.41,0,328.82
2784,2025-10-22,10,67,2,0,Turkey,Suite,Corporate,227.77,0,2277.7
2785,2025-05-17,3,90,2,1,UAE,Family,Travel Agency,176.98,0,530.94
2786,2025-04-17,4,87,2,1,Turkey,Standard,Corporate,72.8,0,291.2
2787,2025-12-03,11,95,2,0,UAE,Superior,OTA,114.58,0,1260.38
2788,2025-05-29,9,93,2,0,Spain,Suite,Travel Agency,215.21,0,1936.89
2789,2026-05-13,12,153,2,1,UAE,Suite,Direct,202.42,0,2429.04
2790,2026-02-23,7,11,2,2,Turkey,Standard,OTA,104.89,1,0.0
2791,2026-02-25,3,61,2,0,Portugal,Standard,Travel Agency,109.11,0,327.33
2792,2025-01-19,8,26,2,1,Portugal,Standard,Travel Agency,103.14,0,825.12
2793,2026-05-20,11,151,2,0,Turkey,Standard,Travel Agency,80.86,0,889.46
2794,2025-11-24,10,87,1,2,Greece,Family,Travel Agency,165.94,0,1659.4
2795,2026-01-17,12,103,1,0,Portugal,Standard,OTA,64.54,0,774.48
2796,2026-02-02,2,4,1,1,UAE,Suite,Direct,220.13,0,440.26
2797,2025-02-10,13,26,2,0,Egypt,Family,Travel Agency,172.93,0,2248.09
2798,2025-02-04,8,139,2,2,France,Suite,Travel Agency,268.4,0,2147.2
2799,2025-11-18,11,25,2,0,Italy,Deluxe,OTA,132.57,0,1458.27
2800,2026-03-11,8,102,4,0,UAE,Superior,Corporate,138.45,0,1107.6
2801,2026-05-14,4,94,4,0,Egypt,Standard,Corporate,45.0,0,180.0
2802,2025-03-01,8,32,2,2,Greece,Deluxe,Direct,155.88,0,1247.04
2803,2025-08-07,4,88,1,0,Spain,Standard,Travel Agency,91.01,0,364.04
2804,2025-07-14,1,154,2,0,France,Family,Travel Agency,161.98,1,0.0
2805,2025-08-21,7,103,4,0,UAE,Family,Corporate,148.74,1,0.0
2806,2026-03-29,13,16,4,0,Spain,Superior,Direct,131.15,0,1704.95
2807,2025-02-22,8,172,4,0,UAE,Family,Travel Agency,176.05,0,1408.4
2808,2025-06-07,7,6,3,0,UAE,Superior,Corporate,175.92,1,0.0
2809,2025-08-31,12,120,3,0,Italy,Superior,Corporate,138.84,0,1666.08
2810,2026-03-16,10,26,1,0,France,Superior,OTA,139.06,0,1390.6
2811,2025-03-19,5,160,4,0,UAE,Superior,Corporate,50.1,0,250.5
2812,2025-03-26,2,149,2,2,France,Deluxe,Travel Agency,133.03,0,266.06
2813,2026-02-08,13,81,2,0,Turkey,Family,Travel Agency,146.06,0,1898.78
2814,2025-08-08,3,95,4,0,Turkey,Deluxe,Direct,100.48,1,0.0
2815,2025-04-23,9,24,4,2,UAE,Standard,OTA,79.04,0,711.36
2816,2026-01-27,8,48,3,0,UAE,Superior,Direct,130.47,0,1043.76
2817,2025-07-31,9,165,4,2,Italy,Suite,OTA,215.92,0,1943.28
2818,2026-04-01,14,109,3,0,Italy,Suite,Travel Agency,191.7,0,2683.8
2819,2026-05-24,2,66,2,0,France,Standard,Direct,57.78,0,115.56
2820,2025-09-25,11,133,2,0,Greece,Deluxe,Travel Agency,146.01,0,1606.11
2821,2025-03-03,2,28,2,1,France,Suite,OTA,234.19,0,468.38
2822,2026-02-03,1,50,1,2,Portugal,Family,Travel Agency,175.26,0,175.26
2823,2026-04-25,8,11,4,2,Spain,Family,Corporate,185.47,0,1483.76
2824,2026-03-22,2,139,2,1,Egypt,Superior,Travel Agency,109.65,0,219.3
2825,2025-01-03,8,107,4,1,Italy,Family,OTA,196.98,0,1575.84
2826,2025-04-07,8,37,1,0,Egypt,Suite,Direct,216.34,0,1730.72
2827,2025-11-03,2,128,2,2,Greece,Standard,OTA,73.17,0,146.34
2828,2025-06-15,7,76,4,0,Egypt,Deluxe,Corporate,164.63,0,1152.41
2829,2026-04-24,5,27,3,2,Italy,Family,Direct,182.03,0,910.15
2830,2025-11-27,12,175,2,2,Spain,Family,Travel Agency,220.81,0,2649.72
2831,2025-02-03,10,124,4,0,Greece,Deluxe,OTA,127.29,0,1272.9
2832,2025-12-11,14,169,1,2,Portugal,Standard,Direct,95.1,0,1331.4
2833,2025-03-12,12,95,3,2,Italy,Superior,Corporate,94.25,0,1131.0
2834,2025-05-26,10,100,2,0,Portugal,Deluxe,OTA,131.65,0,1316.5
2835,2025-05-01,6,63,1,2,Greece,Family,OTA,202.11,0,1212.66
2836,2025-12-16,3,102,1,0,France,Standard,Corporate,79.37,0,238.11
2837,2025-01-26,9,130,2,0,Turkey,Suite,Direct,246.59,0,2219.31
2838,2025-05-25,14,154,2,0,UAE,Suite,OTA,226.03,0,3164.42
2839,2026-05-31,14,76,2,2,Italy,Standard,Corporate,67.39,0,943.46
2840,2026-01-06,8,61,2,0,Portugal,Deluxe,Travel Agency,112.0,0,896.0
2841,2025-09-17,7,146,2,0,Italy,Standard,OTA,84.55,1,0.0
2842,2025-03-25,5,12,1,0,Greece,Superior,Direct,84.1,0,420.5
2843,2025-12-05,6,131,4,2,Portugal,Suite,Direct,236.46,0,1418.76
2844,2025-08-14,6,154,2,0,Portugal,Family,Direct,196.95,0,1181.7
2845,2026-05-13,12,6,2,0,UAE,Family,Corporate,130.8,0,1569.6
2846,2025-02-28,10,77,1,0,Turkey,Family,Direct,249.82,0,2498.2
2847,2025-12-04,2,100,2,2,Greece,Suite,Travel Agency,221.17,0,442.34
2848,2025-08-02,4,114,2,2,Turkey,Standard,Corporate,77.16,0,308.64
2849,2026-02-18,8,118,4,1,Spain,Standard,Corporate,86.56,0,692.48
2850,2025-10-14,4,79,2,2,Portugal,Superior,Direct,90.4,0,361.6
2851,2026-04-29,13,60,1,0,Greece,Superior,Travel Agency,98.23,0,1276.99
2852,2026-03-07,12,115,2,1,Turkey,Deluxe,Direct,178.03,0,2136.36
2853,2025-01-01,5,138,2,2,Spain,Suite,Travel Agency,258.93,0,1294.65
2854,2026-03-26,12,55,1,2,Italy,Deluxe,Corporate,143.68,0,1724.16
2855,2025-01-21,14,87,2,0,Portugal,Standard,Corporate,79.95,0,1119.3
2856,2026-01-04,14,148,4,0,Portugal,Family,Direct,178.5,0,2499.0
2857,2025-04-18,2,13,2,2,Portugal,Family,Travel Agency,188.94,0,377.88
2858,2026-04-06,6,74,4,0,Egypt,Deluxe,Corporate,165.81,0,994.86
2859,2025-06-03,9,144,2,0,France,Family,OTA,190.1,0,1710.9
2860,2025-10-31,9,86,2,0,Greece,Suite,Direct,229.75,0,2067.75
2861,2026-06-04,5,175,2,2,UAE,Family,Direct,177.69,0,888.45
2862,2026-03-21,7,151,4,2,France,Family,Direct,199.96,0,1399.72
2863,2025-08-12,9,33,2,2,Portugal,Standard,Corporate,135.16,0,1216.44
2864,2026-03-28,8,112,3,0,Portugal,Standard,OTA,81.99,0,655.92
2865,2026-02-21,3,96,2,1,Portugal,Suite,OTA,226.49,1,0.0
2866,2026-03-31,2,171,1,0,Portugal,Superior,Travel Agency,89.96,0,179.92
2867,2025-05-07,3,141,3,1,France,Superior,Direct,125.31,0,375.93
2868,2026-02-21,9,167,2,0,Greece,Superior,OTA,71.01,1,0.0
2869,2025-07-17,11,61,1,0,Greece,Suite,OTA,255.57,0,2811.27
2870,2025-09-16,5,97,1,1,Spain,Family,Travel Agency,191.04,0,955.2
2871,2025-08-21,11,0,2,2,UAE,Superior,OTA,97.33,0,1070.63
2872,2025-12-16,8,137,2,0,France,Suite,Travel Agency,246.0,0,1968.0
2873,2025-04-03,3,129,2,0,Portugal,Standard,Direct,74.48,0,223.44
2874,2026-01-27,14,67,2,2,UAE,Deluxe,Corporate,116.68,0,1633.52
2875,2025-12-15,4,27,1,2,Spain,Deluxe,OTA,163.62,0,654.48
2876,2026-01-06,6,79,2,2,Spain,Deluxe,OTA,161.24,0,967.44
2877,2026-03-31,7,77,2,0,UAE,Standard,Corporate,69.18,0,484.26
2878,2026-03-11,9,135,4,1,Egypt,Standard,OTA,134.64,0,1211.76
2879,2025-02-13,4,151,2,0,Italy,Superior,Direct,110.16,0,440.64
2880,2026-05-08,1,23,3,0,Egypt,Family,OTA,128.79,0,128.79
2881,2025-05-15,9,120,3,2,Portugal,Superior,Corporate,136.4,0,1227.6
2882,2025-07-27,14,179,1,0,France,Deluxe,Travel Agency,169.71,0,2375.94
2883,2026-02-23,3,147,1,1,Egypt,Deluxe,Travel Agency,172.85,0,518.55
2884,2025-04-28,7,2,2,0,France,Suite,Direct,215.32,0,1507.24
2885,2026-04-28,1,4,2,0,Spain,Superior,Corporate,115.32,0,115.32
2886,2025-11-16,6,175,1,0,Spain,Superior,OTA,109.74,0,658.44
2887,2025-01-04,2,125,2,0,UAE,Deluxe,Direct,145.65,0,291.3
2888,2026-02-12,5,135,2,2,France,Standard,Direct,113.46,0,567.3
2889,2025-10-03,7,106,2,1,UAE,Standard,Direct,80.5,0,563.5
2890,2025-12-31,3,103,4,2,Portugal,Deluxe,Travel Agency,140.0,0,420.0
2891,2025-06-24,14,13,2,1,Spain,Family,Travel Agency,164.77,0,2306.78
2892,2025-10-27,12,138,2,0,Spain,Suite,Travel Agency,213.6,0,2563.2
2893,2026-06-04,8,36,2,2,Greece,Family,Direct,177.87,0,1422.96
2894,2026-03-13,1,22,2,0,Portugal,Suite,OTA,275.68,0,275.68
2895,2025-08-23,3,102,2,0,Turkey,Suite,Travel Agency,231.92,0,695.76
2896,2026-05-28,12,25,3,1,Spain,Standard,Travel Agency,86.72,0,1040.64
2897,2025-02-15,12,27,3,1,Portugal,Suite,Corporate,235.27,0,2823.24
2898,2025-05-16,1,158,2,0,Italy,Suite,OTA,237.84,0,237.84
2899,2025-02-17,2,143,2,2,UAE,Superior,OTA,130.91,0,261.82
2900,2025-08-21,12,38,3,1,Spain,Deluxe,OTA,123.31,0,1479.72
2901,2026-05-04,10,87,3,0,Italy,Deluxe,Travel Agency,113.08,0,1130.8
2902,2025-11-27,13,31,1,1,Greece,Suite,Corporate,266.45,1,0.0
2903,2025-03-27,5,153,2,0,Portugal,Deluxe,Corporate,136.7,0,683.5
2904,2025-11-06,12,28,2,0,Turkey,Suite,Corporate,230.29,0,2763.48
2905,2025-09-01,10,105,2,1,France,Deluxe,Direct,211.5,0,2115.0
2906,2026-06-14,9,60,4,0,France,Deluxe,Corporate,169.54,1,0.0
2907,2026-04-06,4,165,2,1,Portugal,Superior,Travel Agency,88.39,0,353.56
2908,2025-11-01,4,162,2,0,UAE,Deluxe,Corporate,178.39,0,713.56
2909,2026-06-16,8,42,3,1,UAE,Family,Direct,195.17,0,1561.36
2910,2025-12-12,7,78,2,2,Spain,Superior,Direct,45.0,0,315.0
2911,2025-08-20,5,136,4,0,Turkey,Superior,Travel Agency,113.79,0,568.95
2912,2026-04-28,10,107,1,0,Spain,Suite,Travel Agency,214.41,0,2144.1
2913,2025-01-10,10,16,2,0,Portugal,Superior,Corporate,107.79,0,1077.9
2914,2026-03-02,3,73,2,1,Egypt,Superior,OTA,165.27,0,495.81
2915,2026-01-10,5,152,2,0,Greece,Family,OTA,197.06,0,985.3
2916,2025-02-24,10,21,4,0,Spain,Standard,Travel Agency,105.69,0,1056.9
2917,2025-06-01,8,61,1,0,Portugal,Superior,OTA,105.32,0,842.56
2918,2026-02-10,5,16,2,1,UAE,Family,Direct,200.82,0,1004.1
2919,2025-01-12,11,16,3,0,France,Suite,OTA,221.96,0,2441.56
2920,2025-08-11,6,156,3,0,Portugal,Deluxe,OTA,153.47,1,0.0
2921,2025-06-11,10,137,4,0,UAE,Suite,Corporate,260.79,0,2607.9
2922,2026-03-02,12,123,2,0,UAE,Superior,Direct,129.95,1,0.0
2923,2025-06-22,3,110,2,0,Portugal,Superior,Corporate,74.4,0,223.2
2924,2025-11-29,1,10,4,0,France,Suite,Direct,287.79,1,0.0
2925,2025-02-08,12,162,1,1,Turkey,Family,Corporate,152.43,1,0.0
2926,2025-03-11,14,165,2,0,France,Family,Corporate,242.46,0,3394.44
2927,2025-09-13,14,180,2,0,Turkey,Standard,Travel Agency,101.6,0,1422.4
2928,2025-06-30,11,63,1,1,Portugal,Suite,OTA,259.23,0,2851.53
2929,2025-03-04,12,110,2,0,Turkey,Suite,OTA,219.37,0,2632.44
2930,2025-07-21,5,59,4,2,Egypt,Suite,Direct,227.68,0,1138.4
2931,2025-10-11,6,54,4,2,France,Deluxe,OTA,195.19,0,1171.14
2932,2026-06-10,8,142,4,0,UAE,Family,OTA,216.04,0,1728.32
2933,2025-09-12,14,130,1,0,Greece,Standard,Corporate,76.0,1,0.0
2934,2025-08-27,5,87,2,0,Spain,Superior,OTA,103.91,0,519.55
2935,2026-03-10,5,25,2,0,Turkey,Family,Travel Agency,169.62,0,848.1
2936,2025-01-23,11,145,3,0,Greece,Family,OTA,203.58,0,2239.38
2937,2025-02-26,4,58,2,0,UAE,Standard,Corporate,105.78,0,423.12
2938,2025-02-19,3,63,2,0,Italy,Standard,Corporate,89.7,0,269.1
2939,2025-04-02,6,91,2,2,Portugal,Standard,Travel Agency,83.72,0,502.32
2940,2025-02-23,5,38,2,0,UAE,Family,Travel Agency,170.72,0,853.6
2941,2025-03-14,2,151,3,0,UAE,Deluxe,Direct,214.59,0,429.18
2942,2025-05-15,6,59,3,0,Portugal,Suite,Direct,206.74,0,1240.44
2943,2025-04-04,14,63,4,0,Spain,Deluxe,OTA,140.59,0,1968.26
2944,2025-11-14,10,65,1,2,Portugal,Standard,Travel Agency,87.9,0,879.0
2945,2026-05-25,14,80,2,1,Italy,Family,Corporate,137.32,0,1922.48
2946,2025-08-25,3,131,4,0,Turkey,Family,OTA,161.08,0,483.24
2947,2025-01-18,14,110,1,1,France,Standard,Travel Agency,134.84,1,0.0
2948,2026-03-19,4,80,2,0,Spain,Family,Corporate,198.89,0,795.56
2949,2025-03-16,6,10,2,0,Spain,Deluxe,Corporate,135.89,0,815.34
2950,2026-05-28,13,91,4,1,Portugal,Family,Direct,160.18,0,2082.34
2951,2025-11-10,4,175,2,1,Spain,Suite,Direct,206.91,0,827.64
2952,2025-02-08,2,11,1,0,Egypt,Standard,Direct,69.1,0,138.2
2953,2025-08-10,10,38,2,2,Italy,Suite,OTA,254.22,0,2542.2
2954,2025-02-09,5,100,4,0,Egypt,Superior,Direct,119.57,0,597.85
2955,2026-02-22,9,121,4,2,UAE,Standard,Travel Agency,70.35,0,633.15
2956,2026-03-07,10,11,2,0,Egypt,Deluxe,Corporate,127.11,0,1271.1
2957,2025-06-14,7,122,2,2,Spain,Standard,Corporate,75.39,0,527.73
2958,2025-06-09,12,124,2,0,Italy,Deluxe,Corporate,144.85,0,1738.2
2959,2025-06-08,11,49,2,0,UAE,Family,Travel Agency,195.24,0,2147.64
2960,2025-01-19,8,132,2,0,Greece,Standard,Corporate,85.77,0,686.16
2961,2026-03-31,9,153,3,2,UAE,Standard,Travel Agency,82.32,0,740.88
2962,2025-12-21,5,155,3,0,Egypt,Family,Direct,206.07,0,1030.35
2963,2025-09-24,7,123,2,2,Spain,Family,Corporate,215.75,0,1510.25
2964,2026-06-24,9,106,2,0,Italy,Suite,Travel Agency,249.26,0,2243.34
2965,2026-05-19,2,21,2,0,UAE,Family,Direct,184.9,0,369.8
2966,2025-12-26,11,155,2,1,Greece,Deluxe,OTA,147.07,0,1617.77
2967,2025-04-02,9,12,4,1,Greece,Suite,OTA,219.07,0,1971.63
2968,2025-01-17,12,8,2,0,UAE,Family,Travel Agency,197.39,0,2368.68
2969,2025-08-08,4,120,4,1,Portugal,Superior,Direct,126.91,0,507.64
2970,2025-07-24,2,96,2,2,Portugal,Standard,OTA,79.06,1,0.0
2971,2026-03-02,2,95,2,2,Portugal,Superior,Direct,115.85,0,231.7
2972,2025-04-16,3,67,4,0,France,Deluxe,Travel Agency,179.12,0,537.36
2973,2025-12-12,6,6,4,0,UAE,Deluxe,Direct,183.81,0,1102.86
2974,2026-06-04,12,9,4,2,Greece,Suite,Corporate,180.88,0,2170.56
2975,2026-02-16,11,117,2,2,Portugal,Superior,Travel Agency,94.32,0,1037.52
2976,2026-01-22,2,100,2,0,Greece,Deluxe,OTA,148.98,0,297.96
2977,2026-06-23,4,171,1,0,Spain,Suite,Direct,213.55,1,0.0
2978,2025-10-26,4,80,2,2,Turkey,Suite,OTA,246.52,0,986.08
2979,2025-01-19,8,177,4,0,Italy,Family,Corporate,160.54,0,1284.32
2980,2025-11-18,5,105,2,0,Portugal,Superior,Travel Agency,117.38,0,586.9
2981,2025-04-13,9,155,2,0,France,Deluxe,OTA,136.25,1,0.0
2982,2026-04-09,13,83,4,1,Spain,Standard,OTA,67.25,0,874.25
2983,2025-05-11,4,9,2,0,Turkey,Standard,Travel Agency,87.18,0,348.72
2984,2026-01-27,12,119,2,0,France,Deluxe,Direct,173.59,0,2083.08
2985,2026-01-13,9,144,4,0,Turkey,Standard,OTA,95.34,0,858.06
2986,2026-06-04,1,86,1,1,Egypt,Family,Direct,174.19,0,174.19
2987,2025-04-28,14,46,2,2,France,Family,Travel Agency,130.51,0,1827.14
2988,2025-10-10,8,162,3,0,Egypt,Superior,Corporate,96.67,1,0.0
2989,2025-03-26,6,35,2,1,UAE,Suite,Travel Agency,224.08,0,1344.48
2990,2025-11-07,5,39,1,0,France,Deluxe,OTA,168.53,1,0.0
2991,2025-09-15,9,139,2,0,Italy,Superior,Corporate,113.94,0,1025.46
2992,2025-08-29,8,19,2,0,Spain,Superior,Direct,114.87,0,918.96
2993,2025-04-23,9,8,4,0,Egypt,Family,Direct,155.11,0,1395.99
2994,2025-09-27,13,31,3,0,Egypt,Standard,Corporate,114.99,0,1494.87
2995,2025-03-29,1,67,2,0,Italy,Standard,OTA,84.7,0,84.7
2996,2025-11-19,14,96,4,2,France,Deluxe,Corporate,128.72,0,1802.08
2997,2026-02-24,9,141,4,0,Turkey,Standard,Direct,60.34,0,543.06
2998,2025-08-14,5,20,2,0,Greece,Standard,Direct,88.31,0,441.55
2999,2025-04-24,14,143,4,0,Turkey,Standard,Travel Agency,57.86,1,0.0
3000,2025-03-29,12,180,2,0,UAE,Standard,Corporate,64.38,0,772.56
3001,2025-01-03,5,79,2,0,UAE,Family,Direct,147.47,0,737.35
3002,2025-10-09,13,12,2,1,Italy,Deluxe,Corporate,168.3,0,2187.9
3003,2026-06-24,4,17,1,0,Italy,Deluxe,Travel Agency,128.39,0,513.56
3004,2026-02-04,5,80,2,0,France,Family,Travel Agency,214.74,0,1073.7
3005,2026-04-29,10,68,1,1,Turkey,Standard,OTA,91.46,0,914.6
3006,2025-08-08,14,115,2,0,Portugal,Standard,OTA,52.38,0,733.32
3007,2025-09-10,10,27,4,0,Egypt,Suite,Travel Agency,255.09,0,2550.9
3008,2025-04-02,3,161,2,0,Italy,Standard,Corporate,115.04,0,345.12
3009,2025-01-18,4,42,2,1,UAE,Superior,Direct,108.11,0,432.44
3010,2025-02-16,6,125,2,0,Italy,Standard,Direct,118.44,0,710.64
3011,2025-01-28,9,154,2,0,Turkey,Family,Direct,186.95,0,1682.55
3012,2025-06-19,6,57,2,0,Egypt,Deluxe,Direct,135.57,0,813.42
3013,2025-03-04,5,112,2,2,Egypt,Family,Travel Agency,230.36,0,1151.8
3014,2026-01-23,13,162,4,2,Turkey,Suite,Travel Agency,206.31,0,2682.03
3015,2026-06-14,2,119,1,0,Egypt,Standard,Direct,71.96,0,143.92
3016,2025-02-24,8,119,1,0,Portugal,Family,OTA,174.19,0,1393.52
3017,2026-05-08,6,146,2,2,Greece,Superior,Direct,159.59,0,957.54
3018,2026-03-31,9,26,1,0,Portugal,Standard,Corporate,98.93,0,890.37
3019,2025-02-23,1,71,3,0,France,Standard,Travel Agency,94.28,0,94.28
3020,2025-10-21,5,22,2,0,Egypt,Family,Travel Agency,156.91,0,784.55
3021,2025-08-21,4,59,4,2,Turkey,Suite,Corporate,237.17,0,948.68
3022,2025-12-17,6,41,2,2,Italy,Family,Direct,161.12,0,966.72
3023,2025-08-05,12,59,2,0,Spain,Standard,Travel Agency,93.39,0,1120.68
3024,2025-07-04,7,160,2,0,Greece,Family,Direct,205.23,0,1436.61
3025,2026-05-05,11,116,2,0,Portugal,Superior,Travel Agency,172.64,0,1899.04
3026,2026-03-14,12,39,2,2,Portugal,Superior,OTA,98.71,0,1184.52
3027,2025-12-24,14,134,2,0,Greece,Suite,OTA,205.69,0,2879.66
3028,2026-05-06,11,99,3,1,Italy,Deluxe,Direct,142.36,1,0.0
3029,2025-09-05,5,147,2,0,Portugal,Suite,Corporate,266.21,0,1331.05
3030,2026-03-27,1,110,1,0,UAE,Suite,Direct,219.05,0,219.05
3031,2026-05-05,14,58,2,1,France,Standard,Direct,80.08,0,1121.12
3032,2026-02-02,3,86,1,1,Greece,Deluxe,Travel Agency,164.62,0,493.86
3033,2026-02-07,5,102,2,2,Portugal,Standard,Direct,69.19,0,345.95
3034,2025-10-31,11,160,4,0,UAE,Family,Direct,180.79,1,0.0
3035,2025-08-25,10,60,2,0,Portugal,Standard,Corporate,56.82,0,568.2
3036,2026-02-12,12,149,2,0,UAE,Superior,Direct,142.21,0,1706.52
3037,2025-12-04,1,159,2,1,Spain,Standard,Direct,74.16,0,74.16
3038,2025-03-24,13,28,4,0,Italy,Deluxe,Corporate,155.05,0,2015.65
3039,2025-03-17,7,18,3,1,Greece,Suite,Travel Agency,196.38,0,1374.66
3040,2025-09-16,13,159,4,2,Italy,Superior,Direct,83.62,1,0.0
3041,2025-08-25,1,12,4,2,France,Superior,Travel Agency,135.26,1,0.0
3042,2026-01-20,14,146,3,0,Egypt,Family,OTA,163.86,0,2294.04
3043,2025-07-21,11,55,1,0,Turkey,Deluxe,Direct,127.95,0,1407.45
3044,2026-05-21,11,119,4,0,Egypt,Deluxe,Travel Agency,113.93,0,1253.23
3045,2026-03-06,2,155,2,0,Italy,Suite,OTA,271.66,1,0.0
3046,2025-05-24,1,105,2,0,Egypt,Deluxe,Direct,167.75,0,167.75
3047,2026-05-08,7,16,4,0,Spain,Superior,OTA,125.96,0,881.72
3048,2026-02-28,5,29,4,1,Greece,Family,OTA,217.44,0,1087.2
3049,2025-11-21,11,156,3,0,Egypt,Family,Corporate,166.98,0,1836.78
3050,2025-10-08,1,62,2,0,Italy,Suite,OTA,205.95,1,0.0
3051,2025-07-03,6,35,3,0,Egypt,Family,Direct,176.52,1,0.0
3052,2025-06-29,7,154,2,1,Turkey,Suite,Travel Agency,288.16,0,2017.12
3053,2025-06-19,3,80,2,2,Egypt,Deluxe,Travel Agency,152.03,0,456.09
3054,2025-11-05,11,133,2,0,Egypt,Suite,Corporate,269.47,0,2964.17
3055,2026-06-04,2,29,1,0,Greece,Superior,Direct,76.77,0,153.54
3056,2026-03-13,5,6,3,2,Spain,Deluxe,Corporate,131.44,0,657.2
3057,2026-05-06,2,85,2,0,Spain,Family,OTA,198.57,0,397.14
3058,2026-05-09,9,122,3,0,France,Deluxe,Direct,154.53,0,1390.77
3059,2025-06-05,1,68,2,0,Portugal,Superior,Direct,107.65,0,107.65
3060,2026-02-27,3,101,2,0,Greece,Superior,OTA,139.08,0,417.24
3061,2025-11-28,9,76,1,2,Spain,Superior,Travel Agency,133.2,0,1198.8
3062,2025-12-19,11,158,3,2,Portugal,Family,OTA,180.21,1,0.0
3063,2026-04-12,13,146,2,2,UAE,Family,Travel Agency,116.14,0,1509.82
3064,2025-12-21,2,144,4,0,Turkey,Family,Travel Agency,175.46,0,350.92
3065,2025-03-29,2,16,2,0,Egypt,Family,Direct,186.15,0,372.3
3066,2025-08-12,12,135,2,0,UAE,Family,Corporate,131.94,0,1583.28
3067,2026-03-18,2,26,2,0,Turkey,Superior,OTA,120.26,0,240.52
3068,2025-08-01,1,3,3,0,UAE,Family,OTA,205.37,0,205.37
3069,2025-02-02,12,130,4,0,France,Deluxe,OTA,150.41,1,0.0
3070,2026-06-08,8,57,2,0,Spain,Family,OTA,150.33,0,1202.64
3071,2025-03-27,3,162,2,0,Egypt,Deluxe,Travel Agency,93.61,1,0.0
3072,2025-12-24,3,47,1,1,France,Standard,Direct,90.78,0,272.34
3073,2026-04-05,14,5,3,0,France,Suite,Corporate,199.52,0,2793.28
3074,2025-09-17,14,172,1,1,France,Family,Corporate,190.74,0,2670.36
3075,2025-08-03,11,101,2,0,France,Suite,Travel Agency,286.6,1,0.0
3076,2025-12-28,6,23,4,0,Spain,Deluxe,Direct,96.46,0,578.76
3077,2025-02-03,9,29,3,0,Turkey,Superior,OTA,92.51,0,832.59
3078,2026-03-16,3,53,4,0,Spain,Superior,Corporate,104.77,0,314.31
3079,2025-01-11,8,34,2,0,UAE,Standard,OTA,128.4,1,0.0
3080,2026-06-26,4,0,4,0,Turkey,Superior,Travel Agency,113.4,0,453.6
3081,2025-07-22,8,84,2,2,Italy,Family,OTA,164.09,0,1312.72
3082,2025-01-31,14,155,1,1,Egypt,Superior,Direct,136.2,0,1906.8
3083,2026-03-09,14,109,3,1,Portugal,Deluxe,Direct,140.4,0,1965.6
3084,2025-09-12,4,0,2,0,Turkey,Deluxe,Direct,130.95,0,523.8
3085,2025-01-20,7,25,2,1,Turkey,Suite,Corporate,255.33,0,1787.31
3086,2025-01-05,1,175,3,0,Turkey,Deluxe,Direct,178.44,0,178.44
3087,2025-04-13,6,167,1,1,Egypt,Deluxe,OTA,87.28,0,523.68
3088,2026-02-27,14,177,2,2,Spain,Suite,OTA,220.78,0,3090.92
3089,2025-10-30,2,30,2,0,UAE,Standard,Corporate,85.47,0,170.94
3090,2026-03-02,2,49,1,0,France,Deluxe,Travel Agency,145.83,1,0.0
3091,2025-06-13,12,62,4,0,France,Suite,Direct,239.7,0,2876.4
3092,2025-11-29,9,140,2,1,Portugal,Deluxe,OTA,125.55,0,1129.95
3093,2025-12-25,5,14,4,0,Portugal,Family,OTA,192.34,0,961.7
3094,2025-12-15,12,173,2,2,UAE,Standard,Direct,119.61,1,0.0
3095,2025-03-31,2,84,2,0,UAE,Suite,Corporate,220.25,0,440.5
3096,2025-07-05,8,114,4,2,France,Family,Direct,192.32,0,1538.56
3097,2025-08-15,2,113,2,2,Spain,Superior,Direct,135.55,0,271.1
3098,2025-09-18,6,136,3,0,Portugal,Standard,Corporate,85.28,0,511.68
3099,2025-03-11,13,79,2,0,Greece,Deluxe,Travel Agency,166.17,0,2160.21
3100,2025-10-30,11,93,3,0,Spain,Deluxe,Travel Agency,132.89,0,1461.79
3101,2026-02-21,8,82,2,1,Italy,Standard,OTA,117.89,0,943.12
3102,2026-04-05,10,140,2,0,Turkey,Deluxe,Corporate,178.66,0,1786.6
3103,2026-02-26,3,113,2,0,Italy,Standard,Corporate,111.87,1,0.0
3104,2025-01-01,9,145,2,2,Portugal,Standard,Direct,51.61,0,464.49
3105,2025-12-23,11,42,2,0,Greece,Superior,Corporate,122.73,0,1350.03
3106,2026-06-19,10,96,1,0,Greece,Deluxe,Corporate,134.6,1,0.0
3107,2026-03-20,11,18,2,2,Greece,Standard,Corporate,120.43,0,1324.73
3108,2025-10-15,7,27,4,0,Greece,Suite,Corporate,220.74,0,1545.18
3109,2025-05-10,8,26,4,0,Egypt,Standard,OTA,86.3,0,690.4
3110,2025-08-05,9,173,2,2,UAE,Superior,Travel Agency,60.74,0,546.66
3111,2026-06-09,7,131,4,0,Turkey,Superior,Corporate,116.17,0,813.19
3112,2026-02-10,12,62,1,2,Spain,Standard,Corporate,51.87,0,622.44
3113,2025-08-31,8,150,2,2,Turkey,Deluxe,Travel Agency,164.07,0,1312.56
3114,2026-04-19,11,164,4,0,Turkey,Deluxe,Direct,146.56,0,1612.16
3115,2025-02-14,8,103,3,0,Egypt,Superior,Corporate,101.1,0,808.8
3116,2025-12-18,5,167,2,0,Portugal,Deluxe,Direct,191.2,0,956.0
3117,2026-02-05,1,66,2,0,Greece,Suite,Travel Agency,297.65,0,297.65
3118,2025-02-25,8,155,4,2,Egypt,Deluxe,Travel Agency,115.02,0,920.16
3119,2026-04-07,9,57,4,1,UAE,Family,Direct,166.88,0,1501.92
3120,2026-01-23,8,134,2,0,Turkey,Standard,Corporate,101.49,0,811.92
3121,2025-08-04,1,113,4,0,Portugal,Family,Corporate,184.62,0,184.62
3122,2025-04-07,11,163,2,0,Spain,Standard,Corporate,99.96,0,1099.56
3123,2026-06-05,9,55,2,2,France,Superior,OTA,108.31,0,974.79
3124,2025-07-22,12,128,2,0,Spain,Superior,OTA,139.84,0,1678.08
3125,2026-02-23,10,150,3,0,France,Suite,Travel Agency,245.19,0,2451.9
3126,2025-02-14,12,47,2,0,France,Family,Travel Agency,186.14,0,2233.68
3127,2025-07-20,3,117,2,0,UAE,Standard,Travel Agency,51.9,0,155.7
3128,2026-04-07,3,67,3,0,Greece,Superior,OTA,112.56,0,337.68
3129,2025-09-09,5,123,2,0,Turkey,Family,Travel Agency,196.79,0,983.95
3130,2025-02-04,10,62,4,0,UAE,Deluxe,Travel Agency,158.18,0,1581.8
3131,2026-04-08,1,38,1,0,Egypt,Standard,Corporate,130.93,0,130.93
3132,2025-09-15,2,49,2,0,Turkey,Deluxe,Travel Agency,153.68,0,307.36
3133,2026-04-27,13,100,1,0,Italy,Suite,OTA,252.76,0,3285.88
3134,2025-04-06,11,37,2,0,Egypt,Deluxe,Direct,155.04,0,1705.44
3135,2026-03-25,12,103,1,0,France,Superior,OTA,109.14,0,1309.68
3136,2025-01-28,6,98,2,0,Egypt,Suite,Travel Agency,262.64,0,1575.84
3137,2025-09-12,11,1,2,0,UAE,Deluxe,Travel Agency,147.4,0,1621.4
3138,2025-12-07,1,32,2,0,UAE,Family,Direct,145.49,1,0.0
3139,2026-05-27,8,124,3,2,Turkey,Superior,OTA,149.8,0,1198.4
3140,2025-05-21,8,104,2,2,Spain,Deluxe,Corporate,135.31,0,1082.48
3141,2025-02-06,1,133,2,0,Egypt,Suite,Corporate,203.92,0,203.92
3142,2025-05-26,7,144,1,0,France,Superior,Direct,125.95,0,881.65
3143,2026-03-31,6,86,4,0,Egypt,Standard,Corporate,123.61,0,741.66
3144,2025-02-08,7,164,2,0,Italy,Deluxe,Direct,166.59,0,1166.13
3145,2025-06-26,1,14,2,2,Greece,Deluxe,Travel Agency,185.37,1,0.0
3146,2025-02-03,8,111,3,1,France,Standard,Corporate,58.15,0,465.2
3147,2025-07-06,12,18,3,0,Greece,Superior,Direct,80.8,1,0.0
3148,2025-06-11,10,96,4,2,France,Standard,Direct,71.79,0,717.9
3149,2025-12-12,4,6,2,0,France,Superior,Corporate,137.69,0,550.76
3150,2025-02-13,14,14,3,0,France,Suite,OTA,254.17,0,3558.38
3151,2026-04-20,8,71,2,1,Spain,Deluxe,Travel Agency,166.11,0,1328.88
3152,2025-11-28,8,138,3,1,France,Suite,OTA,243.66,0,1949.28
3153,2025-03-05,7,49,2,0,Spain,Standard,OTA,72.26,0,505.82
3154,2026-03-08,10,141,1,0,Turkey,Family,Corporate,179.8,0,1798.0
3155,2026-01-10,9,148,2,0,Turkey,Family,Corporate,171.54,0,1543.86
3156,2025-01-14,14,145,2,0,Egypt,Deluxe,Corporate,140.56,0,1967.84
3157,2025-06-09,12,160,2,0,France,Deluxe,Corporate,160.33,0,1923.96
3158,2025-08-11,8,140,2,0,Portugal,Family,Travel Agency,169.17,1,0.0
3159,2025-01-15,8,0,4,2,Turkey,Family,Travel Agency,182.32,0,1458.56
3160,2026-05-06,8,117,1,1,Italy,Superior,Corporate,62.99,0,503.92
3161,2025-06-06,9,78,2,1,Spain,Suite,OTA,245.18,0,2206.62
3162,2026-06-09,13,37,2,0,Egypt,Deluxe,Direct,144.02,0,1872.26
3163,2026-03-25,1,0,2,0,Portugal,Standard,Corporate,116.95,0,116.95
3164,2025-02-04,6,99,4,1,Spain,Superior,Direct,72.94,0,437.64
3165,2026-02-16,7,78,2,2,UAE,Standard,OTA,83.28,0,582.96
3166,2026-04-23,10,134,2,0,France,Deluxe,OTA,172.12,0,1721.2
3167,2026-01-05,4,95,4,0,Italy,Family,Direct,172.52,0,690.08
3168,2025-03-28,10,154,1,2,Turkey,Suite,Direct,233.19,0,2331.9
3169,2026-06-19,8,0,4,0,Portugal,Standard,Corporate,102.03,0,816.24
3170,2026-05-13,14,26,2,0,Spain,Family,Corporate,188.51,0,2639.14
3171,2025-04-16,12,14,2,0,Spain,Deluxe,OTA,165.48,0,1985.76
3172,2025-08-19,7,140,3,0,Portugal,Suite,Corporate,230.61,0,1614.27
3173,2026-04-09,12,38,4,0,Egypt,Standard,Direct,67.57,0,810.84
3174,2025-12-02,2,23,1,2,Spain,Standard,Corporate,87.35,0,174.7
3175,2025-02-22,14,27,2,2,UAE,Standard,OTA,104.29,0,1460.06
3176,2025-01-13,6,12,2,0,Turkey,Suite,Corporate,207.62,0,1245.72
3177,2025-06-17,11,160,2,2,France,Standard,Direct,78.39,0,862.29
3178,2025-01-13,11,44,3,1,UAE,Suite,Corporate,228.62,0,2514.82
3179,2025-10-03,11,117,4,0,Greece,Suite,Corporate,241.31,0,2654.41
3180,2025-11-26,10,115,4,0,Turkey,Superior,Travel Agency,129.5,0,1295.0
3181,2025-06-04,7,169,4,2,Turkey,Superior,Direct,90.3,0,632.1
3182,2025-10-16,2,103,2,0,UAE,Superior,Corporate,126.42,0,252.84
3183,2025-10-26,1,174,2,0,Greece,Superior,Corporate,101.42,0,101.42
3184,2025-08-24,14,113,2,1,Portugal,Family,Direct,203.56,0,2849.84
3185,2026-01-21,13,1,3,0,UAE,Family,Direct,156.63,0,2036.19
3186,2026-04-14,5,153,4,0,UAE,Suite,Travel Agency,263.9,0,1319.5
3187,2026-02-05,9,130,1,0,Turkey,Suite,Direct,209.9,0,1889.1
3188,2026-06-12,1,54,2,2,Egypt,Superior,Travel Agency,115.63,0,115.63
3189,2025-02-16,11,91,2,0,Turkey,Deluxe,Direct,166.98,1,0.0
3190,2026-03-24,4,46,2,0,Greece,Deluxe,OTA,132.25,0,529.0
3191,2026-03-28,12,151,1,0,Italy,Standard,Direct,45.0,0,540.0
3192,2026-06-15,6,177,1,2,Turkey,Family,Corporate,164.4,0,986.4
3193,2026-06-08,10,141,4,0,Greece,Superior,Direct,111.58,0,1115.8
3194,2025-09-06,6,147,2,0,Greece,Standard,Corporate,73.1,0,438.6
3195,2025-07-23,11,70,4,2,Spain,Standard,OTA,67.15,0,738.65
3196,2025-06-01,11,107,2,0,UAE,Suite,Corporate,262.44,0,2886.84
3197,2025-05-18,1,85,2,0,France,Suite,Corporate,271.4,0,271.4
3198,2025-04-15,12,156,2,0,Turkey,Family,Travel Agency,204.69,0,2456.28
3199,2025-10-14,8,78,2,0,Turkey,Superior,OTA,122.42,0,979.36
3200,2026-04-12,2,123,4,2,Turkey,Family,OTA,190.88,0,381.76
3201,2025-03-24,5,110,1,1,France,Family,Travel Agency,153.33,0,766.65
3202,2025-02-18,13,69,2,0,France,Family,Corporate,174.26,0,2265.38
3203,2026-03-15,10,128,3,2,Portugal,Suite,Corporate,243.61,0,2436.1
3204,2026-04-27,6,75,2,0,Turkey,Family,Travel Agency,183.27,0,1099.62
3205,2025-03-12,4,71,1,0,France,Suite,OTA,247.82,0,991.28
3206,2026-03-02,1,176,2,2,Egypt,Superior,Corporate,111.64,1,0.0
3207,2025-12-07,11,16,4,2,Greece,Deluxe,Corporate,162.11,0,1783.21
3208,2025-09-13,9,154,1,0,France,Deluxe,Travel Agency,156.69,0,1410.21
3209,2025-10-29,8,154,2,1,UAE,Family,Direct,181.63,0,1453.04
3210,2025-03-13,6,104,3,1,France,Superior,OTA,93.78,0,562.68
3211,2025-03-05,13,119,1,1,UAE,Suite,Travel Agency,212.96,0,2768.48
3212,2026-06-15,1,80,2,0,Egypt,Standard,OTA,88.4,0,88.4
3213,2025-05-14,8,162,2,0,Greece,Standard,OTA,70.43,0,563.44
3214,2026-03-27,11,45,4,1,Italy,Suite,Corporate,224.85,0,2473.35
3215,2025-06-15,5,76,2,0,Egypt,Superior,Direct,127.66,0,638.3
3216,2025-04-18,3,160,1,0,Spain,Family,OTA,174.52,0,523.56
3217,2026-05-15,9,12,2,1,Italy,Deluxe,Travel Agency,185.5,0,1669.5
3218,2025-12-22,10,130,2,2,Egypt,Family,OTA,189.8,0,1898.0
3219,2025-12-29,7,83,4,0,Italy,Suite,Direct,222.33,1,0.0
3220,2025-06-19,11,141,4,2,France,Deluxe,OTA,167.99,0,1847.89
3221,2025-03-19,3,169,3,2,Egypt,Family,Direct,185.88,0,557.64
3222,2025-11-20,14,157,2,1,Turkey,Superior,OTA,91.46,1,0.0
3223,2026-06-30,5,114,1,0,France,Standard,OTA,67.51,0,337.55
3224,2025-03-23,11,56,4,0,Portugal,Standard,OTA,96.73,0,1064.03
3225,2025-08-03,12,40,1,0,Egypt,Family,Corporate,133.37,1,0.0
3226,2025-10-28,3,113,4,1,Egypt,Superior,Corporate,59.96,0,179.88
3227,2025-12-13,3,120,2,2,Portugal,Family,Direct,180.2,0,540.6
3228,2025-09-07,3,1,3,1,Portugal,Suite,OTA,243.31,0,729.93
3229,2025-10-03,8,20,4,0,Egypt,Superior,OTA,117.4,0,939.2
3230,2025-08-16,5,163,4,0,UAE,Family,OTA,178.39,0,891.95
3231,2025-12-17,7,44,2,0,Portugal,Family,Direct,186.78,1,0.0
3232,2025-02-27,5,84,2,0,UAE,Suite,Corporate,271.8,0,1359.0
3233,2025-08-12,1,32,2,0,France,Superior,Travel Agency,111.11,0,111.11
3234,2026-04-04,1,79,4,0,Turkey,Standard,OTA,45.85,0,45.85
3235,2025-12-06,6,86,2,1,Greece,Suite,Corporate,195.8,0,1174.8
3236,2026-04-15,11,9,2,0,Italy,Family,Corporate,167.48,0,1842.28
3237,2025-03-12,6,149,2,0,Egypt,Family,OTA,168.1,1,0.0
3238,2026-06-25,7,87,2,2,Spain,Deluxe,Travel Agency,119.39,0,835.73
3239,2026-06-12,11,67,4,1,Portugal,Superior,OTA,56.09,0,616.99
3240,2025-07-11,12,45,3,0,France,Deluxe,Travel Agency,140.72,0,1688.64
3241,2025-12-27,9,119,4,1,Spain,Standard,Corporate,123.45,0,1111.05
3242,2025-06-15,4,173,3,0,UAE,Suite,Travel Agency,250.72,0,1002.88
3243,2025-06-13,7,70,1,1,Egypt,Standard,Travel Agency,88.47,1,0.0
3244,2025-07-31,1,21,2,0,Greece,Superior,Direct,106.79,0,106.79
3245,2025-05-01,4,129,2,0,Egypt,Superior,OTA,102.44,0,409.76
3246,2025-09-11,6,108,3,2,Spain,Deluxe,Direct,163.27,0,979.62
3247,2025-02-09,9,172,1,0,UAE,Superior,OTA,81.92,0,737.28
3248,2026-04-14,5,50,2,1,Portugal,Standard,OTA,131.14,0,655.7
3249,2026-04-06,8,42,3,1,Italy,Deluxe,Corporate,123.56,0,988.48
3250,2026-01-10,10,110,4,2,UAE,Family,Travel Agency,190.58,0,1905.8
3251,2025-12-28,8,87,3,0,UAE,Deluxe,Direct,125.58,0,1004.64
3252,2025-12-17,6,166,2,1,France,Suite,Direct,244.01,0,1464.06
3253,2026-03-30,2,76,3,0,Turkey,Standard,OTA,98.35,0,196.7
3254,2025-12-20,3,176,2,0,UAE,Superior,Direct,71.56,0,214.68
3255,2026-04-10,11,135,4,2,France,Standard,Corporate,58.01,0,638.11
3256,2025-11-17,2,17,3,0,Italy,Deluxe,Travel Agency,129.49,1,0.0
3257,2026-05-19,5,75,2,0,Spain,Superior,Direct,104.42,0,522.1
3258,2025-05-19,8,161,2,2,Turkey,Family,OTA,182.05,0,1456.4
3259,2025-01-27,9,140,2,0,Spain,Superior,Travel Agency,154.07,0,1386.63
3260,2025-09-05,3,23,2,0,Turkey,Standard,OTA,67.31,0,201.93
3261,2025-07-25,13,111,2,0,Spain,Suite,Travel Agency,282.08,1,0.0
3262,2025-04-03,3,22,3,0,UAE,Superior,Travel Agency,119.82,1,0.0
3263,2026-05-05,10,81,3,2,Spain,Standard,Travel Agency,52.81,0,528.1
3264,2026-05-05,10,64,1,0,Greece,Superior,Travel Agency,106.9,0,1069.0
3265,2025-11-06,7,2,1,2,Italy,Standard,OTA,46.22,0,323.54
3266,2025-11-06,12,59,2,2,UAE,Family,Direct,167.5,1,0.0
3267,2025-07-26,4,153,4,2,Egypt,Superior,Corporate,100.84,1,0.0
3268,2026-03-14,9,106,1,0,Portugal,Superior,Travel Agency,114.42,0,1029.78
3269,2025-05-12,2,29,2,0,France,Suite,Direct,255.67,0,511.34
3270,2025-07-28,9,21,2,0,Italy,Deluxe,Travel Agency,148.78,0,1339.02
3271,2025-02-05,3,158,3,2,Spain,Suite,Direct,215.29,0,645.87
3272,2026-01-24,11,105,2,0,France,Superior,Direct,166.02,0,1826.22
3273,2025-04-21,11,147,3,0,France,Standard,OTA,115.38,0,1269.18
3274,2025-07-16,6,100,3,0,Italy,Family,OTA,221.05,1,0.0
3275,2025-08-28,13,110,4,1,Portugal,Standard,Travel Agency,76.37,0,992.81
3276,2025-03-12,8,21,1,0,Italy,Suite,Direct,248.68,1,0.0
3277,2026-06-03,13,122,2,0,UAE,Standard,Direct,75.02,0,975.26
3278,2025-09-02,12,52,2,0,Greece,Deluxe,Travel Agency,154.62,0,1855.44
3279,2026-01-12,7,7,2,0,Turkey,Suite,Corporate,245.94,0,1721.58
3280,2026-02-05,6,14,4,1,Portugal,Deluxe,OTA,119.73,1,0.0
3281,2026-01-02,12,167,2,0,Greece,Standard,Corporate,72.94,0,875.28
3282,2025-08-02,2,100,1,0,Portugal,Suite,Direct,266.27,0,532.54
3283,2025-04-06,11,171,4,0,UAE,Family,Direct,198.83,0,2187.13
3284,2025-07-12,13,146,3,1,Greece,Standard,Corporate,72.5,0,942.5
3285,2026-02-13,14,118,1,0,UAE,Suite,Travel Agency,246.42,0,3449.88
3286,2026-02-17,10,101,2,2,Greece,Superior,OTA,104.29,1,0.0
3287,2025-08-12,12,118,1,0,Portugal,Standard,Travel Agency,96.68,0,1160.16
3288,2026-06-20,14,2,1,2,Portugal,Standard,Travel Agency,45.0,0,630.0
3289,2025-02-19,9,107,2,0,France,Superior,Travel Agency,123.34,0,1110.06
3290,2025-08-09,14,7,2,0,Portugal,Deluxe,Travel Agency,187.32,0,2622.48
3291,2026-06-23,9,49,3,0,Greece,Family,Travel Agency,158.52,0,1426.68
3292,2025-01-06,14,147,2,0,France,Suite,Travel Agency,273.22,0,3825.08
3293,2025-05-25,11,95,3,0,Turkey,Deluxe,Travel Agency,157.68,0,1734.48
3294,2025-04-26,4,158,1,2,Egypt,Standard,OTA,78.72,0,314.88
3295,2025-11-15,9,42,2,1,Portugal,Suite,OTA,232.32,0,2090.88
3296,2026-05-16,4,101,3,0,France,Superior,Direct,144.23,0,576.92
3297,2025-02-03,5,177,2,1,Turkey,Family,Travel Agency,169.37,0,846.85
3298,2026-06-16,5,105,2,0,Egypt,Family,Travel Agency,216.67,0,1083.35
3299,2025-04-11,7,59,2,0,France,Standard,Corporate,118.11,0,826.77
3300,2025-08-22,2,117,2,0,France,Suite,Corporate,228.88,0,457.76
3301,2026-05-08,7,9,1,0,UAE,Suite,Travel Agency,236.13,1,0.0
3302,2025-01-05,9,26,1,0,Turkey,Standard,Travel Agency,45.0,0,405.0
3303,2026-03-26,3,139,1,0,Greece,Family,Direct,174.52,1,0.0
3304,2025-03-16,7,137,2,0,Italy,Deluxe,Corporate,152.54,0,1067.78
3305,2025-02-01,14,50,2,0,Italy,Suite,OTA,269.18,0,3768.52
3306,2026-02-14,12,5,2,0,UAE,Deluxe,Corporate,189.71,0,2276.52
3307,2025-12-26,5,44,4,1,Greece,Family,Travel Agency,194.14,0,970.7
3308,2025-08-26,8,115,1,0,Spain,Superior,Travel Agency,136.84,0,1094.72
3309,2025-10-07,11,175,2,0,UAE,Suite,Travel Agency,236.11,0,2597.21
3310,2026-02-25,13,108,1,0,Greece,Standard,Direct,51.11,0,664.43
3311,2025-04-05,10,105,4,0,France,Family,OTA,182.63,1,0.0
3312,2025-08-14,9,96,3,1,Turkey,Superior,Direct,138.7,0,1248.3
3313,2026-04-01,12,53,2,2,Greece,Suite,Travel Agency,176.98,1,0.0
3314,2025-02-26,10,83,4,1,Spain,Suite,OTA,243.72,0,2437.2
3315,2025-09-22,1,154,3,0,Egypt,Deluxe,Direct,107.48,0,107.48
3316,2025-04-27,2,48,2,0,Spain,Superior,Travel Agency,91.63,0,183.26
3317,2026-06-25,11,64,3,0,Greece,Family,Corporate,179.72,0,1976.92
3318,2025-02-04,1,176,2,0,Portugal,Suite,Travel Agency,280.2,0,280.2
3319,2025-12-10,12,31,2,0,UAE,Deluxe,Travel Agency,151.18,0,1814.16
3320,2026-02-01,7,147,2,0,France,Standard,Corporate,97.37,0,681.59
3321,2025-12-29,14,111,2,1,UAE,Superior,Direct,117.38,1,0.0
3322,2025-01-13,2,106,4,0,Portugal,Superior,Travel Agency,93.01,0,186.02
3323,2025-11-10,8,148,4,0,UAE,Suite,OTA,252.23,0,2017.84
3324,2025-08-28,6,172,1,1,Greece,Suite,OTA,210.51,0,1263.06
3325,2025-06-16,7,71,4,2,Portugal,Standard,Direct,80.83,0,565.81
3326,2025-02-24,2,113,1,1,Italy,Superior,Travel Agency,143.67,0,287.34
3327,2025-12-12,8,103,1,0,Spain,Deluxe,Travel Agency,155.42,0,1243.36
3328,2025-10-16,2,178,2,0,Greece,Deluxe,Travel Agency,157.39,0,314.78
3329,2025-06-03,13,138,2,0,Portugal,Superior,Corporate,102.46,0,1331.98
3330,2026-01-03,14,103,4,1,Italy,Superior,Direct,72.89,0,1020.46
3331,2025-05-22,7,83,2,0,Portugal,Family,Direct,170.17,1,0.0
3332,2025-03-26,6,132,3,0,Italy,Suite,Corporate,262.42,0,1574.52
3333,2025-02-08,11,133,3,0,Italy,Standard,Corporate,90.56,1,0.0
3334,2025-05-04,2,106,1,0,Turkey,Family,Travel Agency,146.78,0,293.56
3335,2025-09-18,7,166,1,0,Greece,Standard,Corporate,45.0,0,315.0
3336,2026-01-07,13,77,2,0,Portugal,Superior,Travel Agency,92.74,0,1205.62
3337,2025-07-09,4,127,4,1,Turkey,Suite,Corporate,235.41,0,941.64
3338,2026-04-15,1,14,2,2,Italy,Superior,Travel Agency,107.13,0,107.13
3339,2025-09-06,3,85,1,0,Italy,Suite,Direct,237.45,0,712.35
3340,2025-06-17,13,42,2,1,Spain,Suite,Corporate,240.94,0,3132.22
3341,2026-02-20,7,4,2,2,Egypt,Deluxe,OTA,161.41,1,0.0
3342,2025-08-09,14,146,4,0,Portugal,Standard,Corporate,70.82,0,991.48
3343,2025-11-11,7,171,3,0,Italy,Standard,Direct,57.59,0,403.13
3344,2025-07-13,11,120,1,2,Spain,Family,Direct,189.34,0,2082.74
3345,2025-09-09,8,133,1,2,Egypt,Family,OTA,198.07,0,1584.56
3346,2025-06-18,1,127,4,0,Greece,Deluxe,Travel Agency,136.98,0,136.98
3347,2025-06-08,11,177,4,1,Portugal,Deluxe,Corporate,201.36,0,2214.96
3348,2026-02-24,11,45,3,1,UAE,Standard,Corporate,118.57,0,1304.27
3349,2025-10-21,11,68,2,1,UAE,Family,OTA,148.36,0,1631.96
3350,2026-03-14,8,101,2,0,Italy,Suite,OTA,197.91,0,1583.28
3351,2026-05-30,2,114,3,0,Portugal,Family,Travel Agency,171.46,0,342.92
3352,2025-01-04,14,10,2,0,UAE,Superior,OTA,117.56,0,1645.84
3353,2025-03-04,3,111,2,1,Greece,Standard,OTA,130.89,1,0.0
3354,2025-05-09,14,99,4,0,UAE,Superior,Travel Agency,159.8,0,2237.2
3355,2026-03-30,4,61,1,2,Spain,Family,Travel Agency,192.43,0,769.72
3356,2025-02-10,12,97,2,0,Italy,Family,Travel Agency,166.31,0,1995.72
3357,2025-05-31,11,38,2,1,Egypt,Family,Travel Agency,205.41,0,2259.51
3358,2025-05-06,3,87,4,2,Greece,Family,Direct,178.89,0,536.67
3359,2025-03-05,12,91,2,1,Egypt,Suite,OTA,208.43,1,0.0
3360,2025-07-18,3,126,2,0,Greece,Deluxe,OTA,119.26,0,357.78
3361,2025-06-03,9,90,4,1,France,Suite,OTA,231.47,0,2083.23
3362,2026-04-22,3,56,2,0,France,Deluxe,OTA,175.55,0,526.65
3363,2025-04-15,1,59,2,1,Spain,Standard,Travel Agency,55.23,0,55.23
3364,2025-05-26,11,53,2,0,Greece,Family,Direct,166.42,0,1830.62
3365,2025-10-01,4,48,2,0,Italy,Suite,OTA,278.31,1,0.0
3366,2025-10-15,6,102,4,0,France,Deluxe,Corporate,160.51,0,963.06
3367,2025-01-13,5,118,2,1,Italy,Suite,Travel Agency,286.2,0,1431.0
3368,2025-04-27,8,107,3,1,Spain,Family,Travel Agency,188.5,1,0.0
3369,2026-01-14,14,180,2,0,Turkey,Superior,Direct,136.55,0,1911.7
3370,2026-01-12,8,170,4,2,Greece,Family,OTA,166.91,0,1335.28
3371,2026-03-22,5,7,2,0,France,Family,OTA,215.32,0,1076.6
3372,2026-03-15,9,135,2,2,Greece,Deluxe,OTA,168.23,1,0.0
3373,2026-06-23,9,54,4,2,Spain,Superior,Corporate,107.92,0,971.28
3374,2026-04-25,11,172,3,0,Greece,Standard,Travel Agency,114.43,0,1258.73
3375,2025-01-24,4,42,1,2,UAE,Suite,Corporate,257.04,0,1028.16
3376,2025-12-20,13,92,1,0,France,Deluxe,Direct,150.35,0,1954.55
3377,2026-02-10,7,111,4,2,Egypt,Standard,Corporate,94.27,0,659.89
3378,2026-04-14,4,76,2,1,Portugal,Standard,Travel Agency,59.64,0,238.56
3379,2026-06-29,7,63,2,2,UAE,Suite,Direct,270.51,0,1893.57
3380,2025-01-01,4,135,2,0,Turkey,Superior,Corporate,160.34,0,641.36
3381,2026-01-26,3,39,1,0,UAE,Suite,Corporate,201.92,0,605.76
3382,2025-09-05,11,113,2,0,Egypt,Superior,Travel Agency,96.71,0,1063.81
3383,2025-12-11,10,73,1,0,UAE,Deluxe,Travel Agency,134.72,1,0.0
3384,2026-03-01,6,111,4,0,Greece,Standard,Corporate,99.91,0,599.46
3385,2025-03-01,9,125,2,0,Spain,Superior,Direct,116.22,0,1045.98
3386,2025-01-17,11,37,4,1,Greece,Family,Corporate,165.22,0,1817.42
3387,2025-08-15,11,42,2,1,Portugal,Superior,OTA,103.8,0,1141.8
3388,2025-06-24,12,52,2,2,Portugal,Deluxe,OTA,138.0,1,0.0
3389,2025-03-08,7,170,2,0,Italy,Suite,Direct,256.47,0,1795.29
3390,2025-02-04,10,2,2,2,Egypt,Family,Direct,180.8,0,1808.0
3391,2026-03-29,4,39,2,0,Turkey,Family,OTA,167.62,0,670.48
3392,2026-04-26,9,91,3,0,Turkey,Standard,Corporate,68.43,0,615.87
3393,2026-03-18,13,14,3,0,Greece,Family,Direct,209.95,0,2729.35
3394,2026-03-01,5,168,4,0,Italy,Standard,Travel Agency,109.78,1,0.0
3395,2025-12-25,13,125,2,0,Egypt,Family,Travel Agency,191.78,0,2493.14
3396,2025-09-19,8,54,4,0,Portugal,Suite,Direct,266.7,0,2133.6
3397,2025-11-30,3,128,3,0,UAE,Family,Corporate,143.65,0,430.95
3398,2025-12-20,2,141,2,1,Turkey,Family,Corporate,150.03,0,300.06
3399,2025-04-03,10,135,3,2,Greece,Family,Travel Agency,147.53,0,1475.3
3400,2025-09-09,14,67,2,0,Egypt,Suite,Travel Agency,241.11,0,3375.54
3401,2025-08-08,9,10,2,0,UAE,Standard,OTA,107.62,0,968.58
3402,2025-09-03,1,130,3,2,Egypt,Deluxe,Corporate,140.56,0,140.56
3403,2025-06-19,5,56,2,0,UAE,Deluxe,Corporate,181.44,0,907.2
3404,2025-12-04,3,28,2,0,UAE,Family,Direct,161.66,0,484.98
3405,2025-08-29,9,115,1,0,Spain,Superior,Travel Agency,107.62,0,968.58
3406,2025-11-14,7,159,2,1,Egypt,Standard,Travel Agency,70.29,0,492.03
3407,2025-03-02,4,122,2,0,Portugal,Deluxe,Corporate,145.72,0,582.88
3408,2026-03-17,12,149,1,0,Egypt,Standard,OTA,78.35,1,0.0
3409,2025-07-01,2,86,1,0,Egypt,Deluxe,Travel Agency,107.27,1,0.0
3410,2026-02-23,12,128,4,0,Spain,Standard,Travel Agency,89.79,1,0.0
3411,2025-05-06,6,133,3,0,Greece,Superior,Travel Agency,107.77,0,646.62
3412,2025-05-15,14,139,2,1,Spain,Standard,OTA,120.26,0,1683.64
3413,2026-06-12,6,80,4,0,Spain,Superior,Travel Agency,125.45,0,752.7
3414,2026-05-09,4,132,1,0,Spain,Standard,OTA,88.66,0,354.64
3415,2025-10-29,13,90,2,0,Italy,Deluxe,Direct,188.43,0,2449.59
3416,2026-01-30,12,167,1,2,Turkey,Suite,Direct,275.35,0,3304.2
3417,2025-07-14,7,160,4,0,Spain,Deluxe,Travel Agency,191.6,0,1341.2
3418,2025-05-04,10,24,4,2,Greece,Suite,Corporate,228.1,1,0.0
3419,2026-06-30,8,20,3,1,Portugal,Standard,Corporate,51.98,1,0.0
3420,2025-01-08,9,2,4,0,France,Suite,OTA,197.38,0,1776.42
3421,2025-06-16,13,142,4,0,Spain,Family,Direct,201.31,1,0.0
3422,2026-03-09,2,39,3,0,Greece,Superior,Direct,63.93,0,127.86
3423,2025-07-19,5,147,2,0,France,Standard,Travel Agency,86.18,0,430.9
3424,2025-02-12,11,13,2,1,Italy,Family,Corporate,197.16,0,2168.76
3425,2026-01-07,9,142,2,1,France,Family,Travel Agency,138.72,0,1248.48
3426,2025-01-08,7,102,1,0,France,Family,OTA,151.89,0,1063.23
3427,2025-02-03,11,58,1,1,UAE,Standard,Corporate,110.33,0,1213.63
3428,2025-11-22,8,172,1,0,Italy,Standard,Corporate,93.32,0,746.56
3429,2025-02-19,14,164,1,2,Italy,Standard,OTA,110.16,0,1542.24
3430,2025-08-24,14,173,3,2,Greece,Superior,Direct,116.73,1,0.0
3431,2025-07-06,6,91,3,2,Portugal,Suite,OTA,217.5,0,1305.0
3432,2025-03-02,7,38,2,0,Turkey,Deluxe,Corporate,139.66,0,977.62
3433,2026-06-02,12,154,1,0,Egypt,Standard,Corporate,103.47,0,1241.64
3434,2025-02-19,5,91,1,0,France,Standard,Direct,45.0,0,225.0
3435,2025-05-25,13,12,2,1,Spain,Suite,Direct,227.71,0,2960.23
3436,2026-02-19,13,70,1,2,Spain,Deluxe,Travel Agency,134.32,0,1746.16
3437,2026-02-21,14,10,3,0,Portugal,Standard,Travel Agency,78.68,1,0.0
3438,2025-02-09,13,141,2,0,Egypt,Suite,Travel Agency,256.34,0,3332.42
3439,2025-09-27,5,144,2,0,Egypt,Standard,Travel Agency,109.43,0,547.15
3440,2026-05-29,1,105,2,1,Turkey,Deluxe,Corporate,117.19,0,117.19
3441,2026-03-19,10,142,2,2,UAE,Suite,Direct,219.04,0,2190.4
3442,2026-05-14,5,36,3,0,Italy,Deluxe,OTA,119.68,0,598.4
3443,2025-01-17,5,158,2,1,Portugal,Family,OTA,174.66,1,0.0
3444,2025-11-20,14,48,4,2,Turkey,Family,Corporate,147.33,0,2062.62
3445,2026-02-04,10,21,3,0,Greece,Standard,Direct,89.59,0,895.9
3446,2026-02-05,14,73,2,0,Egypt,Standard,Corporate,55.22,0,773.08
3447,2025-10-28,11,96,3,0,Spain,Superior,Corporate,143.24,0,1575.64
3448,2025-05-13,10,114,2,0,Italy,Family,Corporate,133.11,1,0.0
3449,2025-05-21,13,138,2,1,Spain,Superior,Travel Agency,89.84,0,1167.92
3450,2026-06-19,3,69,2,2,Egypt,Family,Direct,216.93,0,650.79
3451,2025-05-08,7,94,2,0,Portugal,Family,Travel Agency,180.48,0,1263.36
3452,2025-02-15,3,16,2,1,France,Superior,Direct,98.12,0,294.36
3453,2025-06-01,6,37,2,0,Greece,Deluxe,OTA,219.21,0,1315.26
3454,2025-12-16,14,99,1,0,UAE,Suite,Travel Agency,233.71,0,3271.94
3455,2026-02-04,2,115,2,0,UAE,Standard,Travel Agency,95.28,0,190.56
3456,2025-06-03,1,160,2,0,UAE,Superior,Direct,90.84,1,0.0
3457,2025-07-12,12,30,3,0,UAE,Family,Direct,151.67,0,1820.04
3458,2025-12-04,10,159,2,0,France,Superior,OTA,126.84,0,1268.4
3459,2025-05-10,12,31,1,2,Italy,Superior,Travel Agency,154.68,0,1856.16
3460,2025-09-22,12,57,4,0,Turkey,Standard,Travel Agency,69.15,0,829.8
3461,2025-02-01,13,137,2,2,Greece,Deluxe,OTA,124.97,0,1624.61
3462,2026-04-22,14,123,3,2,France,Deluxe,Direct,175.83,0,2461.62
3463,2025-06-02,2,29,2,2,France,Superior,Direct,99.39,1,0.0
3464,2025-08-11,8,159,3,2,Italy,Suite,Direct,249.94,1,0.0
3465,2025-01-16,1,174,3,1,France,Deluxe,OTA,138.43,0,138.43
3466,2026-02-23,6,118,3,2,Egypt,Superior,Travel Agency,102.32,0,613.92
3467,2026-01-06,9,121,2,0,UAE,Superior,Corporate,88.92,0,800.28
3468,2025-08-07,13,179,2,2,France,Superior,Corporate,127.55,0,1658.15
3469,2025-06-02,6,79,2,0,France,Deluxe,OTA,160.71,0,964.26
3470,2025-12-01,2,17,2,2,France,Suite,Direct,249.8,0,499.6
3471,2025-12-06,1,63,2,0,UAE,Superior,OTA,93.19,0,93.19
3472,2026-06-08,8,40,1,0,Portugal,Family,Corporate,183.41,0,1467.28
3473,2026-03-22,7,96,4,0,France,Suite,Corporate,288.83,0,2021.81
3474,2025-11-03,6,180,4,2,Portugal,Standard,OTA,55.13,1,0.0
3475,2025-02-26,11,120,2,0,Italy,Superior,Corporate,91.0,0,1001.0
3476,2026-01-04,10,48,1,0,France,Family,OTA,157.25,0,1572.5
3477,2025-04-08,11,167,1,1,Turkey,Standard,Travel Agency,83.25,0,915.75
3478,2025-09-27,4,0,4,0,Spain,Family,Direct,148.42,0,593.68
3479,2025-10-12,5,91,2,2,Egypt,Deluxe,Travel Agency,163.36,0,816.8
3480,2026-04-18,5,69,2,0,Italy,Suite,Corporate,195.79,0,978.95
3481,2025-04-10,13,31,4,0,Greece,Superior,OTA,130.75,0,1699.75
3482,2025-10-11,13,148,2,0,Egypt,Suite,Corporate,249.32,0,3241.16
3483,2025-01-30,2,6,1,0,Turkey,Superior,Travel Agency,158.09,0,316.18
3484,2025-11-05,10,153,2,0,UAE,Suite,Corporate,216.17,1,0.0
3485,2025-03-12,12,135,3,2,Italy,Family,Corporate,201.95,0,2423.4
3486,2025-02-24,12,33,1,0,France,Family,Travel Agency,172.84,0,2074.08
3487,2025-08-11,8,111,2,2,France,Family,Travel Agency,167.88,0,1343.04
3488,2025-02-16,4,54,1,0,France,Superior,OTA,85.07,0,340.28
3489,2025-11-26,5,142,1,1,Spain,Deluxe,Corporate,138.78,0,693.9
3490,2025-07-31,11,30,2,2,Greece,Family,Corporate,164.85,0,1813.35
3491,2025-11-14,8,120,4,1,Turkey,Standard,Corporate,45.0,0,360.0
3492,2025-01-19,4,103,2,1,UAE,Family,Direct,184.05,0,736.2
3493,2025-01-04,11,115,2,0,France,Suite,OTA,245.63,0,2701.93
3494,2025-05-04,14,46,4,2,France,Standard,OTA,95.17,0,1332.38
3495,2026-05-31,7,137,2,1,Turkey,Family,OTA,160.64,0,1124.48
3496,2026-03-13,5,55,3,0,Greece,Standard,Travel Agency,101.79,0,508.95
3497,2026-01-04,11,150,2,2,France,Standard,Corporate,114.79,0,1262.69
3498,2026-02-15,11,101,1,0,UAE,Superior,Direct,104.69,0,1151.59
3499,2025-07-06,4,64,4,0,Greece,Deluxe,Travel Agency,126.64,0,506.56
3500,2025-04-04,2,133,4,0,Egypt,Deluxe,Direct,151.94,0,303.88
3501,2025-06-07,5,46,1,0,Egypt,Superior,Corporate,110.78,0,553.9
3502,2025-04-01,8,4,2,2,Greece,Family,Travel Agency,170.96,0,1367.68
3503,2026-06-26,2,21,4,1,UAE,Suite,Travel Agency,255.23,0,510.46
3504,2026-01-06,12,141,4,0,Turkey,Superior,Direct,101.7,0,1220.4
3505,2025-09-10,8,146,2,0,Greece,Family,OTA,149.82,0,1198.56
3506,2026-02-08,6,147,2,0,Portugal,Family,Corporate,179.21,0,1075.26
3507,2026-03-14,9,126,2,1,UAE,Suite,OTA,256.51,0,2308.59
3508,2026-01-05,13,143,2,0,Greece,Deluxe,Direct,168.69,1,0.0
3509,2026-05-13,5,152,1,2,UAE,Superior,Direct,100.12,1,0.0
3510,2025-11-01,3,110,2,0,Greece,Superior,Direct,117.73,1,0.0
3511,2026-05-17,14,103,1,0,Spain,Standard,Direct,115.6,0,1618.4
3512,2025-03-18,2,57,3,0,UAE,Deluxe,Direct,185.34,0,370.68
3513,2025-11-12,5,46,4,0,Egypt,Deluxe,Corporate,177.77,0,888.85
3514,2025-06-10,13,19,2,2,Spain,Standard,Direct,45.0,0,585.0
3515,2026-06-22,7,24,2,0,Portugal,Suite,Direct,231.92,0,1623.44
3516,2025-11-16,14,160,4,2,Italy,Deluxe,Corporate,183.39,0,2567.46
3517,2025-08-18,9,169,1,1,Portugal,Suite,Corporate,202.35,0,1821.15
3518,2026-04-18,11,59,2,1,France,Standard,Corporate,78.75,1,0.0
3519,2025-05-02,1,46,2,1,France,Family,Travel Agency,160.25,0,160.25
3520,2025-08-18,11,44,1,0,Egypt,Suite,Corporate,248.28,0,2731.08
3521,2025-06-12,5,92,3,1,Italy,Deluxe,Travel Agency,98.38,0,491.9
3522,2026-03-31,10,50,2,1,Portugal,Standard,Direct,110.55,1,0.0
3523,2025-04-29,11,85,2,2,Italy,Family,Corporate,174.94,0,1924.34
3524,2025-07-30,11,46,4,1,Spain,Suite,Corporate,213.31,0,2346.41
3525,2026-06-05,6,104,3,2,Egypt,Standard,Direct,61.92,1,0.0
3526,2026-06-21,6,172,3,1,Greece,Deluxe,Corporate,159.17,0,955.02
3527,2026-05-06,14,151,2,0,Greece,Family,Travel Agency,155.11,0,2171.54
3528,2025-10-06,8,13,2,1,Greece,Superior,Corporate,153.66,0,1229.28
3529,2026-02-10,14,126,4,1,UAE,Suite,Corporate,237.01,0,3318.14
3530,2025-09-28,12,85,3,1,Egypt,Family,Travel Agency,212.86,1,0.0
3531,2025-09-29,8,20,2,0,Greece,Deluxe,Corporate,154.25,0,1234.0
3532,2025-09-16,14,81,4,0,France,Deluxe,Direct,167.55,0,2345.7
3533,2026-01-09,4,113,2,0,Spain,Suite,Travel Agency,255.92,0,1023.68
3534,2026-06-21,10,101,2,0,Turkey,Deluxe,Direct,138.12,0,1381.2
3535,2025-08-31,8,89,2,2,Spain,Family,Direct,192.88,1,0.0
3536,2026-01-19,4,136,2,0,UAE,Family,OTA,165.17,1,0.0
3537,2025-07-11,12,155,1,0,Egypt,Suite,Corporate,200.32,0,2403.84
3538,2025-11-07,12,134,1,0,Spain,Family,OTA,169.82,0,2037.84
3539,2026-04-15,4,14,2,0,UAE,Standard,Corporate,50.05,0,200.2
3540,2025-08-12,3,180,2,0,UAE,Standard,Direct,69.34,0,208.02
3541,2025-05-25,7,92,3,0,Portugal,Suite,Corporate,239.13,1,0.0
3542,2025-07-30,4,74,2,1,Turkey,Family,Travel Agency,152.32,0,609.28
3543,2026-02-08,14,110,4,0,Greece,Superior,OTA,123.97,0,1735.58
3544,2026-05-13,4,146,3,1,Turkey,Standard,Travel Agency,69.88,0,279.52
3545,2025-05-31,13,13,4,2,Turkey,Standard,Direct,49.39,0,642.07
3546,2025-04-01,1,45,4,1,Egypt,Standard,Corporate,57.68,0,57.68
3547,2025-04-23,11,152,2,0,Egypt,Deluxe,Travel Agency,152.69,0,1679.59
3548,2026-04-18,8,144,4,1,Greece,Suite,OTA,233.75,0,1870.0
3549,2025-08-30,14,5,2,0,Turkey,Deluxe,OTA,157.3,0,2202.2
3550,2025-11-26,8,167,2,0,Portugal,Suite,OTA,242.87,0,1942.96
3551,2025-12-16,1,88,4,0,Egypt,Standard,OTA,55.55,0,55.55
3552,2026-04-24,1,103,3,1,UAE,Family,Corporate,159.69,0,159.69
3553,2025-03-03,8,21,4,2,Italy,Superior,OTA,131.57,1,0.0
3554,2025-09-02,12,102,1,0,Italy,Superior,OTA,89.25,0,1071.0
3555,2026-05-19,8,64,2,2,Turkey,Standard,OTA,118.56,1,0.0
3556,2025-09-12,8,105,3,1,Spain,Deluxe,Direct,114.5,0,916.0
3557,2026-05-17,10,16,1,1,UAE,Standard,Direct,100.67,0,1006.7
3558,2026-03-14,5,10,2,0,Portugal,Suite,OTA,237.4,0,1187.0
3559,2025-11-05,8,135,4,0,Greece,Standard,OTA,55.7,0,445.6
3560,2025-09-18,9,89,2,0,Egypt,Deluxe,Travel Agency,151.99,0,1367.91
3561,2025-01-08,14,74,2,2,France,Family,OTA,154.99,0,2169.86
3562,2026-06-11,1,157,1,0,Italy,Family,OTA,161.18,0,161.18
3563,2026-02-04,13,65,2,0,Egypt,Family,Travel Agency,165.46,0,2150.98
3564,2026-05-30,14,68,2,0,Spain,Suite,Travel Agency,258.5,0,3619.0
3565,2025-08-09,1,51,2,0,Portugal,Deluxe,Corporate,134.36,0,134.36
3566,2025-01-06,14,87,2,1,Spain,Standard,Travel Agency,85.75,0,1200.5
3567,2025-06-12,4,166,1,0,Egypt,Family,OTA,194.53,0,778.12
3568,2025-08-13,1,153,2,0,UAE,Family,Travel Agency,176.31,0,176.31
3569,2025-09-29,1,62,1,1,Italy,Deluxe,Travel Agency,159.53,0,159.53
3570,2025-03-03,13,46,4,1,Greece,Superior,Direct,108.98,0,1416.74
3571,2025-05-01,3,160,3,0,Greece,Standard,Travel Agency,93.42,1,0.0
3572,2025-01-05,1,74,2,0,Italy,Suite,OTA,208.76,0,208.76
3573,2025-02-09,13,177,2,2,France,Standard,Travel Agency,115.84,0,1505.92
3574,2026-06-26,14,31,4,0,Greece,Standard,Travel Agency,45.0,0,630.0
3575,2025-11-01,9,73,4,1,Greece,Suite,Travel Agency,222.88,0,2005.92
3576,2026-03-31,13,124,3,1,Greece,Suite,OTA,237.64,0,3089.32
3577,2025-10-05,14,84,4,0,Greece,Suite,Direct,193.54,0,2709.56
3578,2026-01-19,14,21,3,0,Portugal,Superior,OTA,97.31,0,1362.34
3579,2026-06-12,14,35,2,0,France,Suite,Travel Agency,246.79,0,3455.06
3580,2025-04-11,9,87,2,0,UAE,Family,Corporate,214.77,0,1932.93
3581,2026-06-25,13,134,4,0,UAE,Deluxe,Direct,164.6,0,2139.8
3582,2025-09-07,1,131,1,2,Egypt,Suite,Travel Agency,229.12,0,229.12
3583,2025-11-07,5,128,2,1,Italy,Deluxe,Direct,112.7,0,563.5
3584,2025-10-29,9,141,2,2,Italy,Deluxe,Direct,182.38,0,1641.42
3585,2026-06-07,10,34,4,0,Turkey,Family,Travel Agency,162.99,0,1629.9
3586,2025-02-12,4,85,1,1,Egypt,Suite,Travel Agency,246.72,0,986.88
3587,2025-12-21,13,90,3,0,UAE,Deluxe,Direct,139.18,0,1809.34
3588,2025-03-05,9,34,4,0,Portugal,Family,Travel Agency,184.81,0,1663.29
3589,2025-11-04,8,115,4,1,Portugal,Deluxe,Travel Agency,181.07,0,1448.56
3590,2025-07-04,6,72,4,0,France,Superior,Corporate,128.18,0,769.08
3591,2025-06-01,14,73,4,2,Greece,Family,Corporate,168.31,0,2356.34
3592,2025-02-09,1,126,1,0,UAE,Deluxe,Travel Agency,183.07,0,183.07
3593,2025-11-14,10,176,4,1,Portugal,Deluxe,Direct,196.2,0,1962.0
3594,2026-03-23,7,33,2,2,UAE,Family,Corporate,199.77,0,1398.39
3595,2025-05-01,3,84,2,2,Greece,Deluxe,Direct,139.91,0,419.73
3596,2025-06-22,13,115,2,1,Turkey,Suite,Direct,260.73,0,3389.49
3597,2026-01-20,5,31,2,0,Portugal,Superior,Corporate,134.48,0,672.4
3598,2026-02-11,6,50,1,0,UAE,Standard,OTA,73.76,0,442.56
3599,2025-10-10,2,127,4,0,Spain,Deluxe,Travel Agency,196.2,1,0.0
3600,2026-01-09,6,142,2,0,UAE,Deluxe,Travel Agency,179.76,0,1078.56
3601,2026-01-08,7,47,1,1,Greece,Superior,Travel Agency,104.98,0,734.86
3602,2026-05-11,12,106,2,2,Spain,Suite,Travel Agency,229.88,0,2758.56
3603,2025-01-08,5,148,1,0,Egypt,Standard,Travel Agency,103.84,0,519.2
3604,2025-07-25,2,121,1,0,UAE,Family,Travel Agency,229.3,0,458.6
3605,2025-06-12,2,160,4,2,Portugal,Suite,OTA,210.28,1,0.0
3606,2025-08-17,7,142,2,0,Greece,Standard,Corporate,91.04,0,637.28
3607,2025-02-06,9,147,3,2,UAE,Standard,Direct,100.23,0,902.07
3608,2025-02-04,6,95,3,0,Italy,Standard,Direct,110.81,0,664.86
3609,2026-01-14,14,52,2,0,France,Family,Travel Agency,195.5,0,2737.0
3610,2025-02-19,1,156,4,0,Greece,Superior,Corporate,98.31,0,98.31
3611,2025-09-06,8,150,1,0,Spain,Superior,Corporate,77.76,1,0.0
3612,2026-06-16,3,167,1,2,Greece,Suite,Travel Agency,232.46,0,697.38
3613,2025-10-18,8,133,1,1,Portugal,Family,Corporate,194.58,0,1556.64
3614,2025-09-12,12,69,2,0,Greece,Deluxe,Direct,135.78,1,0.0
3615,2025-07-10,5,47,4,1,Egypt,Deluxe,Corporate,185.22,0,926.1
3616,2025-10-12,3,105,2,0,Spain,Deluxe,Corporate,146.86,0,440.58
3617,2025-07-18,13,175,2,1,Egypt,Family,OTA,159.31,0,2071.03
3618,2026-03-29,10,166,2,2,Italy,Suite,Corporate,188.66,0,1886.6
3619,2026-03-31,14,77,2,2,France,Deluxe,Corporate,163.9,0,2294.6
3620,2026-06-24,8,169,1,0,Turkey,Family,OTA,169.34,0,1354.72
3621,2025-12-09,4,23,2,0,Egypt,Family,Travel Agency,164.24,0,656.96
3622,2025-05-28,4,157,2,0,France,Family,Direct,225.21,0,900.84
3623,2026-01-20,5,150,2,1,Egypt,Suite,Direct,225.63,1,0.0
3624,2025-05-05,11,137,2,0,France,Superior,OTA,101.61,0,1117.71
3625,2025-09-30,7,143,2,0,France,Standard,OTA,94.28,1,0.0
3626,2026-04-24,4,58,2,2,Turkey,Standard,Corporate,114.77,0,459.08
3627,2025-03-07,4,131,2,1,Turkey,Suite,Travel Agency,251.75,0,1007.0
3628,2026-05-23,9,62,1,0,UAE,Deluxe,Corporate,152.58,0,1373.22
3629,2025-11-30,11,115,4,1,UAE,Family,Corporate,228.91,1,0.0
3630,2025-01-03,1,90,2,0,France,Family,Corporate,165.48,1,0.0
3631,2026-03-11,5,163,2,2,Turkey,Superior,Corporate,100.6,0,503.0
3632,2025-08-18,3,119,1,0,Egypt,Standard,Travel Agency,65.97,0,197.91
3633,2026-03-21,6,49,2,0,France,Standard,Direct,90.13,0,540.78
3634,2025-10-26,3,22,4,2,Egypt,Family,Travel Agency,153.86,0,461.58
3635,2026-04-12,12,25,2,0,Spain,Superior,Travel Agency,82.95,0,995.4
3636,2025-03-26,11,147,1,2,UAE,Standard,Travel Agency,71.53,0,786.83
3637,2026-02-23,6,160,1,0,Greece,Deluxe,Travel Agency,111.69,0,670.14
3638,2025-02-20,9,22,4,0,Greece,Superior,OTA,116.73,0,1050.57
3639,2026-05-28,14,121,2,1,Greece,Superior,Corporate,120.19,0,1682.66
3640,2025-02-18,13,71,2,0,Greece,Suite,Direct,254.52,0,3308.76
3641,2025-01-02,7,10,4,2,Italy,Family,Direct,196.92,1,0.0
3642,2025-02-09,6,38,2,2,Italy,Suite,Travel Agency,232.21,0,1393.26
3643,2025-12-24,8,167,2,2,Egypt,Deluxe,Direct,181.31,1,0.0
3644,2025-12-08,14,33,2,0,France,Deluxe,Corporate,178.41,0,2497.74
3645,2025-04-08,2,74,2,0,Greece,Standard,Travel Agency,55.68,0,111.36
3646,2025-01-07,11,123,2,0,Italy,Superior,Direct,109.06,0,1199.66
3647,2026-03-15,2,2,3,0,France,Standard,Corporate,45.0,1,0.0
3648,2026-04-12,5,86,2,1,Italy,Deluxe,Corporate,181.72,0,908.6
3649,2025-09-02,14,39,1,0,Greece,Standard,OTA,101.43,0,1420.02
3650,2026-03-31,5,63,1,0,Egypt,Family,Corporate,213.12,0,1065.6
3651,2025-12-26,7,11,2,0,Greece,Family,Direct,139.33,0,975.31
3652,2026-02-28,6,86,3,0,Egypt,Superior,Travel Agency,122.48,0,734.88
3653,2026-04-10,6,84,2,0,Egypt,Family,OTA,162.52,0,975.12
3654,2025-02-25,11,61,2,1,Spain,Superior,Corporate,63.17,0,694.87
3655,2025-11-18,2,1,1,0,Egypt,Suite,Corporate,265.38,0,530.76
3656,2025-02-12,7,148,1,0,Portugal,Standard,Direct,50.7,0,354.9
3657,2025-07-02,2,178,3,0,Egypt,Family,OTA,184.06,1,0.0
3658,2025-07-04,4,93,2,2,Greece,Superior,Direct,97.25,1,0.0
3659,2026-01-15,5,135,2,2,UAE,Standard,Corporate,84.55,0,422.75
3660,2025-12-05,8,14,2,2,Turkey,Superior,OTA,132.3,0,1058.4
3661,2025-04-21,12,135,2,0,France,Deluxe,OTA,154.62,0,1855.44
3662,2026-02-10,11,67,2,2,UAE,Deluxe,Direct,210.04,0,2310.44
3663,2025-01-26,3,8,2,0,Italy,Deluxe,Travel Agency,128.42,0,385.26
3664,2026-06-01,1,80,1,0,Greece,Superior,Travel Agency,161.0,0,161.0
3665,2026-02-05,13,93,4,0,Greece,Family,OTA,167.55,1,0.0
3666,2025-09-01,1,80,2,0,Turkey,Superior,Corporate,92.7,1,0.0
3667,2025-02-24,1,147,3,0,Italy,Family,Travel Agency,173.29,0,173.29
3668,2025-08-27,8,114,1,0,Italy,Family,Direct,139.83,0,1118.64
3669,2025-10-04,8,15,1,0,UAE,Suite,OTA,224.72,0,1797.76
3670,2025-08-18,14,54,4,2,Portugal,Standard,Corporate,73.98,0,1035.72
3671,2026-01-19,7,135,1,1,Egypt,Suite,Corporate,246.61,1,0.0
3672,2026-01-19,1,90,3,0,Portugal,Superior,OTA,111.59,0,111.59
3673,2025-02-01,13,179,1,0,UAE,Deluxe,Direct,162.55,0,2113.15
3674,2026-01-23,10,140,2,0,Italy,Family,OTA,174.28,0,1742.8
3675,2026-01-20,5,164,2,0,Turkey,Deluxe,Direct,178.09,0,890.45
3676,2026-01-30,6,180,4,0,UAE,Superior,Travel Agency,126.92,0,761.52
3677,2025-07-27,14,94,2,0,Portugal,Family,Travel Agency,185.51,0,2597.14
3678,2025-01-07,10,66,2,0,Spain,Family,Travel Agency,207.62,0,2076.2
3679,2026-03-12,3,167,4,0,Portugal,Standard,OTA,112.62,0,337.86
3680,2026-02-25,1,32,4,1,Italy,Standard,Corporate,83.38,0,83.38
3681,2026-06-09,14,5,4,0,Spain,Suite,OTA,231.38,0,3239.32
3682,2026-03-23,14,0,3,0,Turkey,Suite,Direct,245.68,0,3439.52
3683,2025-03-10,11,119,1,0,Greece,Superior,Corporate,107.16,0,1178.76
3684,2026-02-20,11,43,3,0,UAE,Suite,Corporate,230.44,1,0.0
3685,2026-04-22,14,125,2,0,Italy,Deluxe,Corporate,154.68,0,2165.52
3686,2025-05-18,12,98,3,0,Italy,Standard,Travel Agency,89.71,0,1076.52
3687,2026-03-14,11,167,4,2,Egypt,Deluxe,Corporate,165.64,0,1822.04
3688,2025-01-29,8,115,2,0,UAE,Family,Direct,212.12,0,1696.96
3689,2025-06-21,3,9,2,0,Greece,Deluxe,Corporate,157.1,0,471.3
3690,2025-09-03,14,145,4,1,Turkey,Suite,OTA,239.82,0,3357.48
3691,2025-12-27,1,12,2,0,Italy,Family,Corporate,199.69,0,199.69
3692,2025-09-30,13,134,2,1,Greece,Deluxe,Direct,130.61,0,1697.93
3693,2025-05-14,12,28,2,1,Turkey,Suite,Corporate,192.93,0,2315.16
3694,2025-10-16,8,115,3,0,UAE,Suite,Travel Agency,201.91,0,1615.28
3695,2025-11-11,4,137,2,0,Egypt,Suite,Corporate,252.12,0,1008.48
3696,2025-05-08,3,89,2,0,Italy,Suite,OTA,232.46,0,697.38
3697,2025-03-05,12,97,2,1,Italy,Superior,Corporate,104.23,0,1250.76
3698,2026-05-18,2,147,1,2,Egypt,Suite,OTA,220.08,0,440.16
3699,2025-08-04,6,61,4,0,Greece,Standard,OTA,110.09,0,660.54
3700,2026-05-05,9,55,1,0,Egypt,Suite,OTA,202.77,0,1824.93
3701,2026-06-12,13,122,2,0,Greece,Deluxe,Travel Agency,164.68,0,2140.84
3702,2025-07-02,7,176,2,0,France,Suite,Travel Agency,240.16,0,1681.12
3703,2026-05-18,5,122,3,0,Italy,Superior,OTA,148.95,0,744.75
3704,2026-02-17,10,170,3,0,Turkey,Deluxe,Direct,174.82,0,1748.2
3705,2026-04-08,4,146,2,0,France,Suite,OTA,213.83,0,855.32
3706,2025-03-26,8,165,2,2,Egypt,Deluxe,Direct,166.95,0,1335.6
3707,2025-09-08,10,166,2,1,UAE,Standard,Travel Agency,91.37,0,913.7
3708,2025-11-30,8,177,4,1,Portugal,Suite,Direct,238.35,0,1906.8
3709,2026-04-15,5,52,1,0,Turkey,Superior,Travel Agency,124.87,0,624.35
3710,2025-11-23,4,89,2,2,Italy,Standard,Travel Agency,64.67,1,0.0
3711,2026-05-22,6,8,3,0,Portugal,Superior,Direct,112.58,0,675.48
3712,2025-10-06,9,8,4,0,Egypt,Suite,Travel Agency,240.6,0,2165.4
3713,2026-04-07,11,90,2,0,Turkey,Superior,OTA,91.23,1,0.0
3714,2025-04-13,7,137,2,1,Spain,Suite,Travel Agency,232.51,0,1627.57
3715,2025-11-29,1,102,3,0,Greece,Suite,Travel Agency,228.44,0,228.44
3716,2025-09-30,13,27,1,0,Spain,Deluxe,OTA,159.69,0,2075.97
3717,2026-05-14,13,151,2,0,Greece,Deluxe,Travel Agency,181.74,0,2362.62
3718,2025-06-03,2,0,1,2,Italy,Suite,Corporate,208.87,0,417.74
3719,2025-04-27,4,39,4,2,Greece,Deluxe,Corporate,160.46,1,0.0
3720,2025-11-25,4,135,2,2,Italy,Standard,Direct,67.58,0,270.32
3721,2025-11-29,12,127,1,0,Turkey,Family,Travel Agency,198.08,0,2376.96
3722,2026-02-10,1,164,1,1,Turkey,Superior,Corporate,120.15,0,120.15
3723,2025-07-11,5,85,2,0,Egypt,Superior,Direct,73.49,0,367.45
3724,2025-07-02,2,59,2,0,Egypt,Suite,OTA,244.7,0,489.4
3725,2025-05-28,11,63,3,0,Spain,Family,Direct,172.05,0,1892.55
3726,2026-04-01,4,170,2,0,Turkey,Family,Corporate,146.08,0,584.32
3727,2025-03-05,13,159,2,0,Portugal,Standard,Direct,67.88,0,882.44
3728,2026-03-04,1,63,3,2,Italy,Standard,Corporate,83.59,0,83.59
3729,2026-01-02,2,100,2,0,France,Standard,Travel Agency,68.56,0,137.12
3730,2025-03-29,12,45,1,0,France,Deluxe,Direct,176.17,0,2114.04
3731,2026-05-15,6,102,1,1,Spain,Suite,Travel Agency,236.83,0,1420.98
3732,2026-03-23,5,170,1,2,UAE,Deluxe,Direct,136.22,0,681.1
3733,2025-07-16,4,172,2,1,Egypt,Deluxe,Direct,154.96,1,0.0
3734,2025-05-24,9,87,3,0,UAE,Family,Travel Agency,183.13,0,1648.17
3735,2025-04-30,8,165,3,0,UAE,Family,OTA,198.33,0,1586.64
3736,2025-03-02,12,84,2,0,France,Superior,Direct,111.59,0,1339.08
3737,2025-04-29,11,175,1,0,France,Suite,Travel Agency,141.94,0,1561.34
3738,2026-05-31,2,74,1,0,Spain,Standard,OTA,87.09,0,174.18
3739,2026-06-10,6,177,4,1,Greece,Suite,Direct,232.45,0,1394.7
3740,2025-10-19,14,43,2,0,France,Standard,Direct,119.69,0,1675.66
3741,2025-06-16,14,7,1,1,Turkey,Standard,OTA,90.0,0,1260.0
3742,2025-02-22,10,129,4,0,Turkey,Family,Corporate,179.15,0,1791.5
3743,2026-02-17,6,159,2,2,Italy,Suite,OTA,228.56,0,1371.36
3744,2026-04-20,3,153,1,0,Egypt,Family,Travel Agency,201.79,0,605.37
3745,2025-04-15,7,79,2,2,Italy,Deluxe,OTA,111.31,0,779.17
3746,2025-06-03,12,29,3,0,Italy,Standard,OTA,85.1,0,1021.2
3747,2025-03-05,9,80,2,0,Italy,Deluxe,Corporate,110.88,0,997.92
3748,2025-06-24,4,74,2,2,Turkey,Standard,OTA,64.98,1,0.0
3749,2025-06-01,12,64,2,0,Egypt,Family,Direct,195.57,0,2346.84
3750,2025-09-06,13,40,1,0,UAE,Superior,Travel Agency,118.38,0,1538.94
3751,2025-06-12,4,137,2,1,Spain,Family,Corporate,179.51,0,718.04
3752,2026-01-30,1,79,2,2,Greece,Suite,Corporate,216.1,0,216.1
3753,2026-03-13,12,101,2,0,Spain,Suite,Corporate,238.71,0,2864.52
3754,2026-05-14,14,34,1,0,Portugal,Deluxe,OTA,159.38,0,2231.32
3755,2025-10-27,14,176,1,0,Greece,Superior,Direct,133.35,0,1866.9
3756,2026-01-15,14,18,1,2,Portugal,Superior,Travel Agency,122.58,0,1716.12
3757,2026-04-19,13,35,2,0,France,Family,Travel Agency,195.56,0,2542.28
3758,2025-10-24,2,111,4,2,Greece,Suite,OTA,207.21,1,0.0
3759,2026-05-13,14,111,4,0,UAE,Superior,OTA,113.93,0,1595.02
3760,2025-04-16,13,141,2,2,Greece,Family,OTA,199.41,0,2592.33
3761,2025-06-20,13,117,3,1,Spain,Family,Direct,123.2,0,1601.6
3762,2025-10-08,3,166,2,0,Portugal,Superior,Direct,104.88,0,314.64
3763,2026-06-18,10,154,2,2,Greece,Standard,Direct,89.63,0,896.3
3764,2026-03-13,11,148,3,0,Italy,Superior,Travel Agency,138.02,0,1518.22
3765,2025-09-13,5,119,4,0,UAE,Standard,Corporate,82.86,0,414.3
3766,2025-01-04,8,122,2,0,Turkey,Suite,Travel Agency,240.05,0,1920.4
3767,2026-02-14,4,88,2,1,Egypt,Family,OTA,182.38,1,0.0
3768,2025-03-14,4,139,1,0,UAE,Standard,Travel Agency,89.87,0,359.48
3769,2025-10-14,12,91,2,0,France,Deluxe,Travel Agency,129.84,0,1558.08
3770,2025-12-11,2,50,2,0,UAE,Suite,Direct,228.52,0,457.04
3771,2025-12-26,5,24,3,1,Greece,Deluxe,Direct,107.8,0,539.0
3772,2025-04-12,1,152,2,1,Turkey,Deluxe,Direct,134.98,0,134.98
3773,2025-08-24,14,109,2,1,UAE,Suite,Direct,214.53,0,3003.42
3774,2025-12-10,12,7,2,0,Portugal,Superior,Corporate,89.63,0,1075.56
3775,2025-05-26,3,60,2,0,Egypt,Family,Corporate,229.14,0,687.42
3776,2025-02-10,12,50,4,0,Greece,Suite,Direct,266.37,0,3196.44
3777,2025-05-24,9,20,2,0,Greece,Deluxe,Travel Agency,125.03,0,1125.27
3778,2026-03-30,12,174,4,0,France,Standard,Direct,49.44,0,593.28
3779,2025-06-15,8,81,3,1,Greece,Family,OTA,161.32,0,1290.56
3780,2025-03-14,2,78,3,0,Greece,Standard,Direct,48.72,1,0.0
3781,2026-05-31,7,41,2,0,Egypt,Deluxe,Travel Agency,156.71,0,1096.97
3782,2025-01-27,1,60,3,0,Spain,Superior,Corporate,116.27,1,0.0
3783,2025-11-01,9,95,4,0,Spain,Standard,OTA,59.3,0,533.7
3784,2025-03-11,9,39,2,0,Turkey,Standard,Direct,97.14,1,0.0
3785,2026-04-04,1,34,3,0,Egypt,Standard,Corporate,97.17,0,97.17
3786,2026-04-27,9,114,4,0,France,Standard,Travel Agency,63.95,0,575.55
3787,2026-05-05,14,2,2,0,Spain,Deluxe,OTA,128.56,1,0.0
3788,2025-11-15,11,126,2,0,Greece,Deluxe,Travel Agency,140.38,0,1544.18
3789,2025-05-13,2,11,2,0,Italy,Standard,Direct,93.89,0,187.78
3790,2025-10-29,14,101,1,0,Spain,Deluxe,Direct,201.35,0,2818.9
3791,2025-07-24,2,60,2,0,UAE,Family,Travel Agency,188.27,0,376.54
3792,2025-05-17,1,120,2,0,Greece,Suite,Travel Agency,213.17,0,213.17
3793,2026-03-10,13,177,2,0,Italy,Family,Corporate,183.04,0,2379.52
3794,2025-03-20,12,133,3,2,Portugal,Suite,Corporate,242.91,0,2914.92
3795,2026-05-18,7,121,4,1,UAE,Standard,OTA,81.47,0,570.29
3796,2026-05-28,8,118,4,0,France,Superior,Direct,79.3,0,634.4
3797,2026-06-30,10,57,3,1,France,Standard,Travel Agency,87.97,0,879.7
3798,2026-06-03,8,57,1,0,UAE,Standard,Travel Agency,79.48,0,635.84
3799,2025-11-23,6,128,2,2,Italy,Family,OTA,147.26,1,0.0
3800,2025-10-15,2,137,3,0,Portugal,Suite,Corporate,282.82,0,565.64
3801,2025-11-16,12,173,1,0,Italy,Deluxe,Corporate,120.02,0,1440.24
3802,2025-11-23,9,84,3,0,Italy,Suite,Travel Agency,251.19,0,2260.71
3803,2025-09-02,11,100,4,0,Spain,Deluxe,Travel Agency,146.49,0,1611.39
3804,2025-11-10,10,48,2,2,France,Family,Direct,166.61,0,1666.1
3805,2025-11-20,5,7,2,0,UAE,Family,Corporate,206.3,0,1031.5
3806,2025-01-09,3,13,4,1,Italy,Deluxe,OTA,172.9,1,0.0
3807,2026-04-15,9,168,2,0,Spain,Deluxe,Travel Agency,146.59,0,1319.31
3808,2025-12-23,12,86,2,0,Turkey,Deluxe,Direct,130.54,0,1566.48
3809,2026-04-06,13,132,4,2,Egypt,Family,Corporate,163.91,0,2130.83
3810,2026-05-31,14,134,3,2,France,Superior,Direct,103.24,0,1445.36
3811,2025-02-02,12,9,2,0,Spain,Deluxe,Direct,173.37,0,2080.44
3812,2025-11-14,8,17,1,0,Turkey,Family,Direct,184.25,0,1474.0
3813,2026-03-31,6,171,2,2,Spain,Deluxe,Direct,174.26,0,1045.56
3814,2025-01-24,12,79,3,1,Egypt,Family,Direct,143.54,0,1722.48
3815,2026-06-19,7,65,2,0,Egypt,Superior,Travel Agency,136.55,0,955.85
3816,2025-11-04,14,127,1,0,Egypt,Family,Direct,210.35,0,2944.9
3817,2025-04-28,13,4,1,2,Portugal,Family,Direct,157.05,0,2041.65
3818,2025-08-25,4,40,2,1,Spain,Deluxe,Travel Agency,169.9,0,679.6
3819,2025-08-18,13,7,2,0,France,Deluxe,Corporate,182.9,0,2377.7
3820,2026-03-10,13,135,3,2,Portugal,Deluxe,Direct,136.53,1,0.0
3821,2025-08-07,11,14,2,0,Italy,Family,Corporate,149.26,0,1641.86
3822,2026-05-28,10,146,2,0,Egypt,Suite,OTA,245.67,0,2456.7
3823,2025-10-18,8,5,2,2,Italy,Standard,OTA,45.0,1,0.0
3824,2025-03-02,2,130,2,0,Greece,Superior,OTA,136.17,0,272.34
3825,2025-03-27,14,67,2,1,UAE,Standard,Direct,59.14,0,827.96
3826,2025-06-20,8,94,3,0,Portugal,Standard,Direct,74.14,0,593.12
3827,2025-09-09,5,61,2,0,Greece,Superior,Travel Agency,127.21,0,636.05
3828,2026-01-26,13,174,2,0,Spain,Deluxe,OTA,163.69,0,2127.97
3829,2026-01-25,3,80,1,0,Greece,Standard,Direct,96.42,0,289.26
3830,2025-12-11,5,27,4,0,Italy,Suite,Direct,221.94,0,1109.7
3831,2025-05-21,1,97,1,1,Italy,Superior,Corporate,117.8,0,117.8
3832,2025-07-28,1,8,2,0,France,Standard,Travel Agency,101.46,0,101.46
3833,2025-09-29,3,165,2,1,Greece,Deluxe,OTA,135.81,0,407.43
3834,2025-09-29,11,34,2,1,Italy,Standard,Corporate,125.04,0,1375.44
3835,2025-04-22,11,80,4,2,Turkey,Deluxe,OTA,145.18,0,1596.98
3836,2026-02-28,13,179,1,2,Turkey,Deluxe,Travel Agency,105.45,0,1370.85
3837,2025-08-03,8,81,3,0,Egypt,Suite,OTA,235.05,0,1880.4
3838,2026-01-13,1,136,1,0,Turkey,Standard,OTA,112.52,0,112.52
3839,2025-07-16,3,49,2,2,UAE,Suite,OTA,217.75,0,653.25
3840,2025-12-23,9,14,4,0,UAE,Superior,Direct,85.98,0,773.82
3841,2025-12-11,1,126,2,0,Portugal,Suite,Direct,249.8,0,249.8
3842,2026-04-07,13,54,2,0,Turkey,Superior,Travel Agency,84.14,0,1093.82
3843,2025-07-05,5,180,4,1,Portugal,Family,Corporate,148.23,0,741.15
3844,2025-09-17,5,70,3,1,Turkey,Suite,OTA,220.39,0,1101.95
3845,2025-02-04,5,109,2,0,Spain,Family,Direct,214.73,0,1073.65
3846,2026-01-31,10,136,3,0,Egypt,Deluxe,Corporate,162.53,1,0.0
3847,2025-05-09,12,171,2,0,UAE,Superior,Corporate,111.58,0,1338.96
3848,2026-04-19,10,58,3,0,Turkey,Family,Direct,156.79,0,1567.9
3849,2025-04-14,3,31,1,0,Spain,Family,OTA,196.13,0,588.39
3850,2026-01-05,5,90,4,0,Egypt,Standard,Direct,95.09,0,475.45
3851,2026-03-21,1,146,3,0,France,Deluxe,Corporate,191.86,0,191.86
3852,2025-02-01,8,144,2,1,France,Deluxe,Direct,127.48,0,1019.84
3853,2026-05-04,5,51,1,1,Spain,Superior,OTA,84.68,1,0.0
3854,2026-01-16,1,166,2,2,Turkey,Superior,Travel Agency,66.0,0,66.0
3855,2025-10-01,3,117,3,2,UAE,Superior,OTA,123.15,0,369.45
3856,2026-03-14,2,127,3,0,Egypt,Deluxe,Travel Agency,156.1,0,312.2
3857,2025-11-10,10,178,4,0,UAE,Family,Direct,165.71,0,1657.1
3858,2025-06-27,8,49,4,0,Portugal,Deluxe,OTA,105.6,0,844.8
3859,2026-03-26,12,27,3,0,France,Superior,Travel Agency,145.84,0,1750.08
3860,2025-01-25,3,54,3,0,Egypt,Superior,Corporate,114.79,0,344.37
3861,2026-02-01,2,118,2,0,Spain,Deluxe,Direct,179.86,0,359.72
3862,2025-10-12,12,99,2,0,Italy,Standard,OTA,112.53,0,1350.36
3863,2026-01-22,4,129,1,0,Spain,Deluxe,Direct,162.39,0,649.56
3864,2025-05-20,12,33,3,2,France,Standard,Corporate,96.11,1,0.0
3865,2025-10-26,11,162,2,2,UAE,Superior,OTA,95.07,0,1045.77
3866,2026-03-29,13,107,2,1,Turkey,Superior,OTA,112.76,0,1465.88
3867,2025-08-04,6,178,2,0,Greece,Family,OTA,200.02,0,1200.12
3868,2025-05-17,12,112,3,0,Egypt,Suite,OTA,220.46,0,2645.52
3869,2025-03-23,14,88,1,0,Spain,Superior,Corporate,133.05,0,1862.7
3870,2025-01-02,8,112,2,0,Turkey,Superior,Travel Agency,131.29,0,1050.32
3871,2026-06-19,7,145,4,1,UAE,Superior,Corporate,130.57,0,913.99
3872,2025-03-11,6,91,2,0,Italy,Standard,Travel Agency,81.04,0,486.24
3873,2025-07-05,1,143,3,2,Greece,Standard,Corporate,62.13,0,62.13
3874,2025-08-16,1,170,3,0,Spain,Family,OTA,219.86,0,219.86
3875,2025-08-27,8,115,2,0,France,Suite,Corporate,274.03,0,2192.24
3876,2025-07-17,5,21,4,0,UAE,Standard,OTA,81.62,0,408.1
3877,2026-04-10,11,95,3,0,France,Family,Direct,181.14,0,1992.54
3878,2025-01-01,10,15,2,0,France,Standard,Corporate,73.62,0,736.2
3879,2025-03-29,14,40,1,2,Turkey,Deluxe,OTA,107.38,0,1503.32
3880,2025-09-09,10,164,4,0,Egypt,Standard,OTA,77.92,0,779.2
3881,2025-08-29,4,19,2,2,Portugal,Deluxe,Direct,162.61,0,650.44
3882,2026-04-17,6,114,3,0,Greece,Superior,OTA,96.47,0,578.82
3883,2025-01-15,14,141,3,2,Spain,Family,Direct,167.39,0,2343.46
3884,2025-10-17,2,119,2,0,France,Deluxe,Direct,142.18,0,284.36
3885,2025-08-15,1,12,2,2,Egypt,Family,Travel Agency,178.09,0,178.09
3886,2026-06-13,12,124,2,0,UAE,Standard,Travel Agency,74.58,1,0.0
3887,2025-04-10,5,85,1,0,Portugal,Superior,OTA,89.29,0,446.45
3888,2026-02-05,7,159,2,1,France,Family,OTA,178.0,0,1246.0
3889,2026-05-29,7,86,1,2,Italy,Deluxe,OTA,161.27,0,1128.89
3890,2025-02-10,5,57,4,2,Turkey,Deluxe,Direct,155.24,0,776.2
3891,2025-09-23,7,37,1,1,Egypt,Deluxe,OTA,105.7,0,739.9
3892,2025-10-30,10,51,3,0,Italy,Family,Corporate,190.92,0,1909.2
3893,2026-04-05,5,8,2,2,Egypt,Suite,Travel Agency,212.39,0,1061.95
3894,2026-06-30,6,114,2,2,Italy,Standard,Direct,90.84,0,545.04
3895,2026-02-09,11,111,2,0,Egypt,Deluxe,Direct,161.95,0,1781.45
3896,2026-06-01,8,159,2,2,Portugal,Suite,Travel Agency,204.01,0,1632.08
3897,2025-08-10,8,121,1,0,France,Deluxe,OTA,172.14,0,1377.12
3898,2025-04-23,7,68,2,2,France,Deluxe,OTA,194.54,1,0.0
3899,2026-03-26,9,3,2,1,Spain,Deluxe,Direct,143.09,1,0.0
3900,2026-05-10,11,150,2,1,UAE,Standard,Corporate,90.84,0,999.24
3901,2026-01-18,7,148,2,1,France,Standard,OTA,68.98,1,0.0
3902,2025-06-12,8,53,2,1,Italy,Superior,Travel Agency,82.09,0,656.72
3903,2026-02-03,8,47,1,0,Greece,Standard,Direct,104.7,0,837.6
3904,2025-12-16,8,168,3,2,UAE,Suite,Direct,251.48,0,2011.84
3905,2026-01-12,4,36,4,0,France,Deluxe,Corporate,133.58,0,534.32
3906,2026-01-25,1,1,3,2,Spain,Deluxe,Corporate,123.04,0,123.04
3907,2025-08-06,7,167,3,0,Greece,Standard,OTA,126.22,0,883.54
3908,2025-10-03,2,62,4,1,UAE,Superior,OTA,77.31,0,154.62
3909,2026-06-12,6,111,4,2,Turkey,Suite,Corporate,254.98,0,1529.88
3910,2026-03-28,14,7,4,1,Spain,Family,Direct,179.39,0,2511.46
3911,2025-01-26,8,69,2,0,Turkey,Superior,OTA,129.25,1,0.0
3912,2026-04-01,1,13,2,2,Italy,Family,Travel Agency,212.65,0,212.65
3913,2025-10-18,4,99,3,1,Italy,Family,OTA,113.55,1,0.0
3914,2026-05-31,12,117,2,0,Italy,Deluxe,Corporate,125.48,0,1505.76
3915,2026-05-17,13,77,1,0,Turkey,Deluxe,Corporate,147.16,0,1913.08
3916,2026-03-16,2,134,2,0,Portugal,Deluxe,Direct,189.98,0,379.96
3917,2025-10-08,3,125,3,0,Greece,Standard,Travel Agency,70.0,0,210.0
3918,2025-04-22,12,154,3,2,Portugal,Superior,Corporate,95.42,0,1145.04
3919,2025-08-01,12,66,4,2,France,Standard,OTA,45.0,0,540.0
3920,2025-05-20,4,56,3,2,France,Standard,Travel Agency,63.16,0,252.64
3921,2025-01-25,1,118,4,0,Greece,Superior,Direct,124.07,0,124.07
3922,2025-10-24,12,69,3,0,UAE,Family,Corporate,172.31,0,2067.72
3923,2026-05-10,2,93,4,0,Italy,Family,Corporate,157.59,0,315.18
3924,2026-02-04,1,75,2,1,Greece,Suite,Direct,286.6,1,0.0
3925,2025-04-12,7,175,4,0,UAE,Family,Corporate,167.97,0,1175.79
3926,2026-05-19,13,170,2,1,UAE,Family,Corporate,178.09,0,2315.17
3927,2026-01-30,7,64,2,1,Spain,Suite,Travel Agency,221.17,0,1548.19
3928,2025-05-09,1,128,4,0,France,Suite,Corporate,211.93,0,211.93
3929,2025-11-15,6,82,2,0,Portugal,Deluxe,Direct,167.48,0,1004.88
3930,2025-10-22,10,159,3,2,Portugal,Suite,OTA,199.81,1,0.0
3931,2026-05-29,8,36,2,0,Turkey,Deluxe,OTA,161.82,1,0.0
3932,2025-06-20,1,110,1,2,UAE,Standard,Corporate,45.0,0,45.0
3933,2025-06-24,10,137,2,0,Egypt,Deluxe,Direct,158.11,0,1581.1
3934,2025-03-05,7,122,2,0,Egypt,Family,OTA,149.09,1,0.0
3935,2025-02-08,4,41,1,0,Greece,Standard,OTA,58.61,0,234.44
3936,2025-04-02,9,178,2,2,Greece,Superior,Direct,103.16,0,928.44
3937,2025-03-22,2,28,3,0,Spain,Family,Travel Agency,145.17,0,290.34
3938,2025-09-15,9,136,2,0,Portugal,Deluxe,Travel Agency,104.17,0,937.53
3939,2025-05-17,12,74,2,0,Egypt,Standard,Travel Agency,75.53,0,906.36
3940,2025-03-18,5,49,2,2,Portugal,Deluxe,Travel Agency,168.82,0,844.1
3941,2026-04-11,12,133,2,0,Italy,Family,OTA,180.66,0,2167.92
3942,2026-05-29,8,22,4,0,UAE,Deluxe,Corporate,177.95,0,1423.6
3943,2026-03-11,10,110,2,0,UAE,Suite,Corporate,196.69,0,1966.9
3944,2025-09-14,2,118,4,2,France,Deluxe,Corporate,140.17,0,280.34
3945,2025-02-17,12,31,3,2,Italy,Family,OTA,175.86,0,2110.32
3946,2025-09-28,14,108,3,0,Portugal,Family,OTA,153.63,0,2150.82
3947,2025-07-20,7,175,3,0,France,Family,Travel Agency,176.93,0,1238.51
3948,2025-04-30,8,151,2,0,Egypt,Family,Direct,201.39,0,1611.12
3949,2025-04-03,14,1,2,1,Italy,Suite,Direct,252.56,0,3535.84
3950,2025-11-17,14,173,2,0,Greece,Suite,Corporate,270.3,0,3784.2
3951,2025-06-12,2,32,1,0,Italy,Suite,Direct,247.08,0,494.16
3952,2025-10-08,6,97,2,0,Turkey,Family,OTA,172.45,0,1034.7
3953,2025-06-04,1,24,2,0,Egypt,Family,OTA,212.98,0,212.98
3954,2025-08-30,10,54,4,0,Spain,Suite,OTA,242.92,1,0.0
3955,2025-10-22,4,33,2,0,UAE,Superior,Direct,154.25,0,617.0
3956,2025-10-11,1,60,1,1,UAE,Deluxe,Travel Agency,172.75,0,172.75
3957,2025-03-09,11,70,2,0,France,Deluxe,Travel Agency,133.47,0,1468.17
3958,2025-07-14,13,88,1,1,Turkey,Deluxe,Direct,144.99,0,1884.87
3959,2025-08-06,12,63,2,2,Spain,Suite,Corporate,277.72,0,3332.64
3960,2025-01-26,3,67,2,0,Turkey,Superior,Direct,137.96,0,413.88
3961,2025-01-25,10,3,2,1,Italy,Suite,OTA,258.42,0,2584.2
3962,2025-08-30,11,84,4,0,France,Family,Corporate,190.47,0,2095.17
3963,2025-08-14,8,111,2,0,Turkey,Family,Corporate,143.07,0,1144.56
3964,2025-03-08,8,32,2,0,Portugal,Superior,Travel Agency,82.92,0,663.36
3965,2025-11-25,5,142,1,0,Portugal,Standard,OTA,85.84,1,0.0
3966,2026-02-03,7,109,1,0,Greece,Suite,OTA,292.92,0,2050.44
3967,2025-05-11,10,68,2,1,Spain,Superior,Direct,89.1,0,891.0
3968,2025-12-21,1,164,1,0,Turkey,Superior,OTA,103.35,0,103.35
3969,2025-02-21,7,40,2,2,UAE,Suite,OTA,231.63,1,0.0
3970,2025-10-22,13,114,2,0,Greece,Suite,Direct,254.14,0,3303.82
3971,2025-05-15,10,154,1,0,Portugal,Standard,Direct,86.81,0,868.1
3972,2025-06-01,8,88,3,0,UAE,Deluxe,Corporate,175.76,0,1406.08
3973,2025-03-31,5,46,1,0,Egypt,Superior,OTA,117.29,0,586.45
3974,2025-02-04,14,180,2,0,Italy,Standard,Direct,85.35,0,1194.9
3975,2025-10-10,14,64,2,1,Turkey,Superior,Corporate,109.98,0,1539.72
3976,2025-10-01,5,64,2,0,Egypt,Suite,Direct,269.92,0,1349.6
3977,2025-09-16,3,40,4,0,Spain,Family,OTA,175.25,0,525.75
3978,2025-06-19,8,101,4,2,Greece,Deluxe,OTA,132.78,0,1062.24
3979,2026-04-18,9,12,4,2,Portugal,Suite,Travel Agency,256.74,0,2310.66
3980,2026-05-09,2,14,3,0,Greece,Suite,Travel Agency,237.2,0,474.4
3981,2025-08-12,1,3,1,2,Spain,Standard,Corporate,102.41,0,102.41
3982,2025-08-05,11,35,2,2,Egypt,Family,Corporate,106.49,0,1171.39
3983,2025-12-05,5,103,2,2,Egypt,Standard,Corporate,112.9,0,564.5
3984,2025-06-19,9,168,2,1,Spain,Superior,Travel Agency,105.04,0,945.36
3985,2025-10-08,13,107,4,0,Greece,Superior,Travel Agency,141.87,0,1844.31
3986,2026-01-23,6,166,4,1,Turkey,Standard,Travel Agency,103.12,1,0.0
3987,2025-10-31,12,105,4,0,UAE,Standard,Corporate,66.68,0,800.16
3988,2025-11-17,8,52,2,0,UAE,Standard,Corporate,59.52,0,476.16
3989,2026-02-10,10,172,2,0,UAE,Suite,Corporate,217.65,0,2176.5
3990,2025-12-02,13,105,1,0,Greece,Superior,Corporate,82.4,0,1071.2
3991,2025-11-19,3,46,3,1,Turkey,Suite,Travel Agency,269.04,0,807.12
3992,2025-05-24,2,2,3,0,France,Superior,Travel Agency,105.38,0,210.76
3993,2025-04-05,12,67,2,0,Portugal,Suite,Travel Agency,282.14,0,3385.68
3994,2025-07-22,8,164,2,0,Portugal,Family,Corporate,158.84,0,1270.72
3995,2025-02-16,5,17,2,0,Egypt,Deluxe,OTA,138.04,1,0.0
3996,2025-02-28,3,158,2,0,Italy,Superior,Corporate,122.89,0,368.67
3997,2025-06-08,3,151,3,0,Italy,Standard,OTA,120.55,0,361.65
3998,2026-01-06,11,38,2,0,France,Superior,Travel Agency,97.0,0,1067.0
3999,2025-02-03,2,172,4,0,Egypt,Superior,Travel Agency,129.98,0,259.96
4000,2025-01-27,8,110,4,2,UAE,Superior,Direct,110.15,0,881.2
4001,2026-04-25,9,54,4,0,Portugal,Family,Corporate,188.2,0,1693.8
4002,2025-01-25,1,112,3,0,Turkey,Deluxe,Corporate,130.79,0,130.79
4003,2026-03-18,7,96,3,0,Greece,Family,Direct,192.15,0,1345.05
4004,2025-11-13,4,132,2,2,France,Deluxe,Direct,143.44,1,0.0
4005,2026-06-27,6,85,3,0,UAE,Family,OTA,164.11,0,984.66
4006,2026-05-04,13,47,2,1,France,Superior,OTA,109.18,0,1419.34
4007,2025-12-02,8,40,2,0,Turkey,Family,OTA,189.78,0,1518.24
4008,2026-04-30,1,174,2,1,France,Superior,OTA,106.09,0,106.09
4009,2025-09-17,11,64,2,1,Egypt,Standard,Direct,69.34,0,762.74
4010,2025-12-28,2,76,3,1,Italy,Suite,Direct,236.88,1,0.0
4011,2026-01-23,14,131,2,0,Egypt,Suite,Corporate,236.29,1,0.0
4012,2025-06-23,5,64,3,0,Spain,Superior,Travel Agency,122.63,0,613.15
4013,2025-03-27,9,109,3,0,Egypt,Standard,OTA,70.82,0,637.38
4014,2025-11-03,5,12,3,2,Greece,Superior,Direct,100.24,0,501.2
4015,2025-09-11,9,7,1,1,Greece,Deluxe,Corporate,130.98,0,1178.82
4016,2026-03-07,10,17,2,0,Portugal,Family,OTA,189.27,0,1892.7
4017,2025-01-03,2,172,2,0,Spain,Standard,Corporate,83.43,0,166.86
4018,2025-08-09,2,128,2,0,Spain,Standard,OTA,109.74,0,219.48
4019,2025-09-04,10,25,2,0,Greece,Standard,OTA,106.05,0,1060.5
4020,2025-09-06,14,101,4,0,Italy,Deluxe,Direct,155.83,0,2181.62
4021,2025-07-01,2,42,2,0,France,Superior,Direct,107.66,1,0.0
4022,2026-03-13,8,47,1,0,France,Suite,Travel Agency,240.23,0,1921.84
4023,2025-01-19,14,62,1,1,Portugal,Deluxe,Corporate,135.33,0,1894.62
4024,2025-01-15,1,178,1,0,Italy,Family,Corporate,156.22,0,156.22
4025,2025-12-17,14,54,2,0,Turkey,Suite,OTA,218.01,1,0.0
4026,2025-09-21,4,130,2,0,UAE,Standard,Travel Agency,75.64,0,302.56
4027,2025-10-19,12,126,2,1,Italy,Standard,Corporate,45.0,0,540.0
4028,2025-03-01,12,176,3,1,Spain,Superior,Corporate,149.36,0,1792.32
4029,2025-05-25,9,47,1,0,Spain,Standard,OTA,127.69,0,1149.21
4030,2026-06-17,1,139,4,0,Turkey,Suite,Direct,215.57,0,215.57
4031,2025-07-03,14,52,2,0,Egypt,Standard,Direct,127.19,0,1780.66
4032,2026-01-19,14,153,4,0,France,Deluxe,Direct,125.87,0,1762.18
4033,2025-08-28,3,174,4,0,France,Family,Corporate,175.37,0,526.11
4034,2025-06-14,6,37,4,0,France,Standard,OTA,89.65,0,537.9
4035,2025-04-25,2,111,2,2,UAE,Deluxe,OTA,152.48,0,304.96
4036,2026-06-26,12,55,2,1,Portugal,Standard,Direct,66.94,1,0.0
4037,2025-03-27,7,114,3,0,Italy,Family,Corporate,160.83,0,1125.81
4038,2026-02-26,12,34,3,0,France,Deluxe,Direct,170.27,0,2043.24
4039,2025-12-08,4,129,2,0,France,Family,Corporate,205.57,0,822.28
4040,2025-08-28,13,4,2,0,Spain,Suite,Travel Agency,198.28,0,2577.64
4041,2025-03-27,8,175,2,0,Spain,Deluxe,Direct,156.3,0,1250.4
4042,2026-01-05,13,50,1,2,Turkey,Standard,Direct,94.98,0,1234.74
4043,2025-12-17,1,114,2,0,Spain,Suite,Travel Agency,244.56,0,244.56
4044,2026-05-29,6,41,3,0,Egypt,Family,Corporate,142.15,0,852.9
4045,2025-03-05,4,127,3,0,Egypt,Family,Corporate,187.9,0,751.6
4046,2025-02-20,12,1,3,0,Spain,Family,Corporate,201.64,0,2419.68
4047,2025-10-07,11,75,1,0,Greece,Deluxe,Travel Agency,130.63,0,1436.93
4048,2025-01-08,2,127,2,1,France,Family,Corporate,161.68,0,323.36
4049,2025-09-06,12,35,3,0,Spain,Standard,OTA,85.0,0,1020.0
4050,2025-05-14,1,92,1,0,France,Standard,OTA,78.32,0,78.32
4051,2025-09-19,1,109,2,1,Spain,Standard,Direct,66.81,0,66.81
4052,2026-01-08,1,45,2,0,Egypt,Deluxe,Direct,121.82,1,0.0
4053,2025-03-09,11,120,4,0,Portugal,Standard,Direct,68.73,0,756.03
4054,2026-04-17,1,171,2,0,UAE,Family,Corporate,124.96,0,124.96
4055,2026-06-07,9,103,2,0,France,Deluxe,Direct,165.44,0,1488.96
4056,2026-04-04,12,169,3,0,Turkey,Deluxe,Direct,133.16,0,1597.92
4057,2025-09-10,9,168,3,0,Spain,Standard,Direct,99.53,0,895.77
4058,2025-10-08,14,85,4,1,Portugal,Family,Corporate,169.62,0,2374.68
4059,2026-03-26,7,18,3,0,France,Deluxe,Corporate,153.53,1,0.0
4060,2025-01-30,2,123,1,2,France,Standard,Corporate,45.0,0,90.0
4061,2026-03-09,5,84,1,1,Portugal,Standard,OTA,97.36,0,486.8
4062,2025-06-06,11,52,3,0,Turkey,Deluxe,OTA,214.32,0,2357.52
4063,2025-11-09,8,129,2,1,Portugal,Superior,Travel Agency,100.97,1,0.0
4064,2025-07-14,12,38,1,2,UAE,Suite,OTA,243.06,0,2916.72
4065,2026-06-29,5,134,3,2,Portugal,Superior,Travel Agency,116.13,0,580.65
4066,2026-05-30,8,44,2,0,Greece,Superior,Travel Agency,78.94,0,631.52
4067,2026-04-29,11,160,1,0,Turkey,Standard,OTA,54.61,0,600.71
4068,2026-05-31,7,170,2,0,Turkey,Family,Travel Agency,188.46,0,1319.22
4069,2025-10-20,5,34,4,1,Greece,Suite,OTA,220.64,1,0.0
4070,2025-11-23,12,100,4,0,France,Superior,Direct,104.41,0,1252.92
4071,2026-03-03,11,116,2,0,France,Family,OTA,178.59,0,1964.49
4072,2025-12-08,14,57,2,0,Spain,Family,OTA,189.38,0,2651.32
4073,2025-02-27,14,26,2,1,Greece,Superior,Travel Agency,105.7,0,1479.8
4074,2025-03-02,2,67,4,0,Italy,Deluxe,Corporate,146.33,0,292.66
4075,2025-07-20,5,176,2,0,Egypt,Superior,Corporate,168.73,0,843.65
4076,2025-06-25,13,135,3,1,France,Superior,OTA,133.75,1,0.0
4077,2026-01-09,8,8,2,0,Turkey,Deluxe,Travel Agency,141.62,0,1132.96
4078,2025-05-01,12,167,2,0,Turkey,Deluxe,OTA,146.62,1,0.0
4079,2025-03-28,2,26,2,0,Turkey,Suite,Travel Agency,285.29,0,570.58
4080,2025-10-28,10,85,2,0,France,Standard,Travel Agency,94.48,0,944.8
4081,2025-07-03,14,160,2,1,Greece,Suite,Direct,267.24,0,3741.36
4082,2026-01-11,2,41,3,0,Italy,Family,Travel Agency,166.02,0,332.04
4083,2026-05-18,11,156,2,0,Egypt,Deluxe,OTA,138.24,0,1520.64
4084,2026-05-29,8,44,2,1,Greece,Deluxe,OTA,187.46,0,1499.68
4085,2026-06-25,8,95,4,2,Italy,Deluxe,OTA,148.42,0,1187.36
4086,2025-01-03,1,118,2,0,Turkey,Deluxe,Direct,148.04,0,148.04
4087,2026-06-26,4,71,2,2,France,Superior,Direct,99.46,1,0.0
4088,2025-12-14,8,142,2,0,UAE,Superior,Direct,136.13,0,1089.04
4089,2025-01-27,12,128,1,0,Turkey,Family,Travel Agency,203.87,0,2446.44
4090,2025-09-02,12,122,3,1,France,Deluxe,OTA,154.84,0,1858.08
4091,2025-02-18,14,162,1,0,Egypt,Standard,Corporate,53.23,1,0.0
4092,2026-03-07,12,151,2,0,Spain,Family,Corporate,161.81,0,1941.72
4093,2025-09-06,12,114,2,2,Italy,Superior,Direct,141.81,0,1701.72
4094,2026-06-16,8,153,4,0,Egypt,Deluxe,Direct,155.44,0,1243.52
4095,2026-03-11,2,68,2,0,UAE,Suite,Direct,266.41,0,532.82
4096,2025-04-15,2,42,2,0,France,Superior,Direct,119.94,0,239.88
4097,2026-03-02,1,0,2,0,France,Family,OTA,151.14,1,0.0
4098,2026-03-02,13,130,2,0,Italy,Superior,Direct,122.67,0,1594.71
4099,2026-02-05,2,67,4,2,Turkey,Superior,Travel Agency,108.99,0,217.98
4100,2025-02-07,14,118,3,1,Egypt,Suite,Corporate,227.45,0,3184.3
4101,2026-06-02,5,41,1,0,Italy,Deluxe,Direct,139.44,0,697.2
4102,2025-10-12,14,69,2,0,Egypt,Standard,Corporate,105.69,0,1479.66
4103,2025-08-17,14,125,2,0,Egypt,Standard,Travel Agency,86.28,0,1207.92
4104,2026-01-13,3,132,4,0,Turkey,Family,Travel Agency,179.49,0,538.47
4105,2026-04-27,12,111,2,1,France,Suite,OTA,280.41,1,0.0
4106,2025-01-30,6,80,2,1,Portugal,Suite,OTA,223.52,0,1341.12
4107,2026-02-04,8,111,1,1,Turkey,Standard,Direct,77.82,0,622.56
4108,2026-01-13,10,55,3,0,Italy,Deluxe,Direct,135.42,1,0.0
4109,2025-10-15,14,58,3,0,Greece,Deluxe,Corporate,162.17,0,2270.38
4110,2025-01-27,14,34,3,0,Egypt,Suite,Corporate,244.93,0,3429.02
4111,2026-03-12,12,3,3,1,Greece,Deluxe,Travel Agency,141.49,0,1697.88
4112,2026-04-25,7,4,2,0,Italy,Superior,Direct,104.36,0,730.52
4113,2025-02-28,2,128,2,0,Egypt,Superior,OTA,132.89,0,265.78
4114,2026-01-24,5,167,2,0,Spain,Superior,Travel Agency,139.66,0,698.3
4115,2025-12-20,10,75,1,2,UAE,Suite,OTA,226.7,0,2267.0
4116,2025-11-26,7,95,2,0,France,Deluxe,OTA,215.81,0,1510.67
4117,2026-04-27,13,116,4,2,UAE,Standard,Corporate,48.33,0,628.29
4118,2026-03-04,11,92,2,1,Greece,Family,Travel Agency,150.26,0,1652.86
4119,2025-12-28,12,39,2,0,France,Superior,Travel Agency,103.3,1,0.0
4120,2025-10-25,7,117,3,0,Italy,Family,Travel Agency,157.28,0,1100.96
4121,2025-06-23,14,40,2,2,France,Suite,Travel Agency,219.52,0,3073.28
4122,2026-03-15,6,41,2,2,Egypt,Family,Travel Agency,203.96,0,1223.76
4123,2025-02-24,3,15,2,2,UAE,Deluxe,Direct,163.1,1,0.0
4124,2026-03-25,1,15,3,0,Italy,Deluxe,Direct,152.32,0,152.32
4125,2025-05-12,5,36,2,2,UAE,Family,Travel Agency,162.57,0,812.85
4126,2025-08-15,14,177,3,0,Italy,Superior,Corporate,86.17,0,1206.38
4127,2026-01-20,12,63,2,0,Turkey,Family,Direct,150.15,0,1801.8
4128,2025-11-16,3,111,4,0,Spain,Deluxe,Direct,178.82,0,536.46
4129,2026-06-08,6,36,1,1,Greece,Superior,Travel Agency,137.66,0,825.96
4130,2026-02-22,2,17,3,2,Portugal,Suite,Corporate,233.85,1,0.0
4131,2025-07-13,8,36,3,0,Egypt,Deluxe,OTA,116.56,0,932.48
4132,2025-08-12,12,129,1,0,Italy,Suite,Direct,255.3,0,3063.6
4133,2026-05-08,2,98,1,0,Greece,Superior,Direct,103.94,0,207.88
4134,2026-06-01,14,95,2,0,Italy,Suite,Travel Agency,264.06,0,3696.84
4135,2025-09-13,7,167,2,0,France,Standard,OTA,54.8,0,383.6
4136,2025-03-31,4,120,3,2,Spain,Superior,Direct,112.12,1,0.0
4137,2025-02-02,10,61,2,1,Egypt,Family,Corporate,147.8,0,1478.0
4138,2026-04-20,8,61,2,0,Portugal,Family,Travel Agency,157.89,0,1263.12
4139,2026-01-01,6,76,2,2,Spain,Superior,Travel Agency,92.36,0,554.16
4140,2026-06-01,2,157,2,0,Greece,Deluxe,Direct,143.48,0,286.96
4141,2025-04-21,1,35,2,2,Greece,Suite,Travel Agency,271.18,0,271.18
4142,2026-01-16,4,60,1,2,France,Superior,OTA,113.39,0,453.56
4143,2025-07-13,11,21,2,0,Italy,Deluxe,Travel Agency,169.44,0,1863.84
4144,2025-12-11,12,7,2,0,France,Family,Travel Agency,176.87,0,2122.44
4145,2025-01-18,7,35,2,0,Egypt,Family,Travel Agency,165.21,0,1156.47
4146,2025-04-19,6,161,1,0,Turkey,Suite,Corporate,192.94,0,1157.64
4147,2026-03-24,3,27,2,0,Greece,Deluxe,OTA,125.95,1,0.0
4148,2026-04-10,12,148,2,0,Spain,Superior,Travel Agency,110.01,0,1320.12
4149,2025-02-24,7,145,2,1,France,Deluxe,OTA,154.14,0,1078.98
4150,2025-02-04,3,58,4,0,Greece,Family,Corporate,199.15,0,597.45
4151,2025-04-25,3,95,3,0,Turkey,Suite,Direct,201.0,0,603.0
4152,2025-11-04,14,154,2,0,Egypt,Deluxe,Direct,202.93,1,0.0
4153,2025-10-10,6,100,4,0,Turkey,Family,Travel Agency,127.7,0,766.2
4154,2025-11-26,3,60,3,0,Spain,Deluxe,Direct,148.45,0,445.35
4155,2026-01-15,3,77,2,2,Egypt,Family,Travel Agency,160.92,0,482.76
4156,2025-12-05,5,126,1,0,Portugal,Family,Travel Agency,151.34,0,756.7
4157,2025-02-16,2,175,2,1,Portugal,Standard,OTA,118.52,0,237.04
4158,2026-03-10,8,36,4,0,Spain,Superior,Direct,96.84,0,774.72
4159,2025-02-28,13,176,2,0,Portugal,Family,Direct,134.43,0,1747.59
4160,2026-05-23,4,69,4,1,Spain,Superior,Direct,79.66,1,0.0
4161,2026-02-28,2,56,4,0,Spain,Family,OTA,202.44,0,404.88
4162,2025-03-31,7,68,2,1,UAE,Superior,Corporate,80.7,0,564.9
4163,2025-12-20,5,165,2,2,Greece,Superior,Corporate,75.15,0,375.75
4164,2026-05-17,11,128,2,0,UAE,Standard,Corporate,84.6,0,930.6
4165,2026-02-05,9,130,1,0,UAE,Family,Direct,168.32,0,1514.88
4166,2025-11-29,6,106,4,1,Italy,Family,Corporate,186.21,0,1117.26
4167,2025-11-05,1,144,2,1,Greece,Family,Travel Agency,165.31,0,165.31
4168,2026-02-22,11,3,2,2,UAE,Deluxe,Direct,167.81,0,1845.91
4169,2026-02-28,2,18,2,0,UAE,Family,OTA,142.56,0,285.12
4170,2025-07-11,3,66,2,0,France,Deluxe,Corporate,113.45,0,340.35
4171,2026-02-18,2,151,2,0,France,Family,Corporate,181.85,0,363.7
4172,2025-11-16,9,179,2,2,Portugal,Suite,Travel Agency,233.35,0,2100.15
4173,2026-06-23,8,146,3,2,Egypt,Superior,Direct,99.04,1,0.0
4174,2026-03-12,4,14,2,0,Portugal,Standard,Travel Agency,95.29,0,381.16
4175,2025-07-29,7,146,2,0,UAE,Suite,Direct,297.5,0,2082.5
4176,2026-03-09,5,34,2,0,Italy,Superior,Corporate,73.97,0,369.85
4177,2025-10-16,7,150,4,0,Italy,Family,Corporate,207.23,1,0.0
4178,2025-07-28,2,155,1,2,Egypt,Superior,Corporate,126.41,0,252.82
4179,2025-01-18,14,134,2,0,Greece,Family,Direct,163.01,0,2282.14
4180,2026-03-07,13,38,2,0,Spain,Family,OTA,215.73,0,2804.49
4181,2025-12-23,7,120,2,0,Portugal,Family,Travel Agency,144.79,0,1013.53
4182,2026-02-05,10,74,2,2,Turkey,Standard,Direct,90.3,0,903.0
4183,2025-11-02,1,9,2,0,Portugal,Superior,Direct,105.34,0,105.34
4184,2025-08-12,13,32,2,2,France,Family,Travel Agency,163.02,0,2119.26
4185,2026-01-26,4,83,2,0,UAE,Family,Direct,147.78,1,0.0
4186,2025-04-29,9,131,4,0,Spain,Superior,Direct,180.03,1,0.0
4187,2026-03-16,14,172,4,2,UAE,Suite,Corporate,227.82,0,3189.48
4188,2025-05-23,11,17,3,0,Greece,Standard,Direct,45.0,0,495.0
4189,2025-04-07,11,41,3,0,Portugal,Family,Direct,195.65,0,2152.15
4190,2025-08-03,11,100,2,1,Egypt,Superior,Corporate,118.04,0,1298.44
4191,2025-11-08,8,44,3,0,Greece,Superior,Corporate,103.02,1,0.0
4192,2025-12-01,10,131,2,0,Spain,Superior,OTA,100.73,1,0.0
4193,2026-05-19,10,12,4,0,Turkey,Standard,OTA,77.97,1,0.0
4194,2026-05-18,6,55,2,0,Italy,Superior,OTA,130.88,0,785.28
4195,2025-09-14,12,87,2,1,UAE,Family,Corporate,183.4,0,2200.8
4196,2025-04-11,10,161,2,0,Greece,Standard,Travel Agency,92.5,0,925.0
4197,2026-02-17,9,116,3,0,Portugal,Standard,OTA,92.49,0,832.41
4198,2026-02-12,6,38,2,2,Turkey,Suite,Direct,262.11,0,1572.66
4199,2026-05-28,6,40,4,2,Greece,Suite,OTA,269.72,0,1618.32
4200,2025-01-05,12,18,2,0,Turkey,Suite,Corporate,223.37,0,2680.44
4201,2026-03-29,8,105,2,2,Italy,Superior,Corporate,114.57,0,916.56
4202,2025-03-28,7,90,2,1,UAE,Superior,OTA,63.66,0,445.62
4203,2025-05-18,12,99,1,2,UAE,Deluxe,Direct,178.37,0,2140.44
4204,2025-05-15,10,78,3,0,Turkey,Superior,Travel Agency,93.2,0,932.0
4205,2025-11-24,8,122,2,1,Italy,Superior,Corporate,144.58,0,1156.64
4206,2025-12-18,11,87,1,0,Italy,Deluxe,Travel Agency,133.0,0,1463.0
4207,2026-02-14,12,113,3,0,France,Superior,Travel Agency,119.34,0,1432.08
4208,2025-07-12,7,3,1,2,Turkey,Standard,OTA,73.44,0,514.08
4209,2026-04-16,1,106,2,0,UAE,Superior,Corporate,99.47,0,99.47
4210,2025-02-05,12,135,2,2,Spain,Family,OTA,186.2,0,2234.4
4211,2025-01-01,11,35,1,0,Greece,Suite,Direct,269.96,1,0.0
4212,2025-03-10,3,2,3,2,Egypt,Family,Corporate,167.86,1,0.0
4213,2026-03-15,4,113,2,0,Greece,Family,OTA,207.5,0,830.0
4214,2025-10-30,13,64,3,0,Egypt,Deluxe,Corporate,132.15,0,1717.95
4215,2026-05-10,1,117,4,0,Spain,Deluxe,Corporate,180.37,0,180.37
4216,2025-11-30,8,73,2,2,Egypt,Family,Corporate,177.64,0,1421.12
4217,2025-02-04,6,66,2,1,Greece,Suite,OTA,247.76,0,1486.56
4218,2025-03-19,7,64,4,2,Spain,Suite,Travel Agency,212.12,0,1484.84
4219,2025-10-05,7,140,4,2,Portugal,Superior,Direct,98.49,1,0.0
4220,2025-12-29,9,128,2,2,Italy,Standard,OTA,79.3,0,713.7
4221,2025-12-05,4,24,2,2,France,Family,Corporate,201.73,0,806.92
4222,2025-05-11,6,69,2,2,Spain,Standard,Travel Agency,74.79,1,0.0
4223,2026-06-13,1,78,1,0,Turkey,Family,Direct,155.31,0,155.31
4224,2025-11-20,10,119,4,0,Spain,Standard,Direct,85.66,0,856.6
4225,2025-02-26,1,115,2,2,UAE,Deluxe,Corporate,199.09,0,199.09
4226,2026-03-28,13,59,4,0,Portugal,Deluxe,OTA,158.38,0,2058.94
4227,2026-02-16,13,146,2,2,Spain,Suite,Travel Agency,234.51,0,3048.63
4228,2025-04-18,4,27,3,2,UAE,Suite,Corporate,245.87,0,983.48
4229,2026-05-25,2,134,2,0,Italy,Superior,Direct,88.74,0,177.48
4230,2025-12-25,5,32,4,2,Turkey,Superior,Travel Agency,146.36,1,0.0
4231,2025-03-11,2,22,3,0,Greece,Deluxe,Travel Agency,185.85,0,371.7
4232,2025-01-15,10,75,2,2,Turkey,Standard,OTA,57.83,0,578.3
4233,2025-11-18,10,114,3,2,Spain,Superior,OTA,145.11,0,1451.1
4234,2025-09-10,9,138,4,1,Egypt,Family,Corporate,181.13,0,1630.17
4235,2026-03-17,1,161,2,0,UAE,Standard,OTA,96.94,0,96.94
4236,2025-11-14,1,165,2,2,Portugal,Suite,OTA,239.81,0,239.81
4237,2026-04-18,5,74,4,0,Spain,Suite,Direct,241.64,0,1208.2
4238,2026-06-07,4,104,2,0,Greece,Suite,Corporate,224.98,0,899.92
4239,2025-01-09,3,98,2,0,France,Standard,Corporate,58.18,0,174.54
4240,2025-05-06,6,79,3,0,UAE,Standard,OTA,57.0,0,342.0
4241,2025-08-17,14,26,1,1,Egypt,Standard,Travel Agency,107.57,0,1505.98
4242,2026-03-25,14,114,2,1,Portugal,Standard,OTA,84.45,0,1182.3
4243,2025-05-19,13,8,2,0,France,Suite,Corporate,219.19,0,2849.47
4244,2025-11-24,13,112,2,0,UAE,Suite,OTA,242.38,0,3150.94
4245,2025-09-01,11,3,2,1,Spain,Family,Corporate,135.57,0,1491.27
4246,2026-05-16,9,123,1,2,France,Deluxe,Corporate,128.75,0,1158.75
4247,2025-06-29,7,82,2,1,Italy,Superior,Corporate,140.29,0,982.03
4248,2025-10-16,10,106,2,0,UAE,Standard,Travel Agency,67.36,0,673.6
4249,2025-11-20,4,115,2,0,UAE,Family,Travel Agency,201.71,1,0.0
4250,2025-11-01,11,132,3,0,UAE,Superior,Corporate,107.79,0,1185.69
4251,2025-02-19,12,28,3,0,Italy,Standard,Direct,97.12,0,1165.44
4252,2025-11-19,12,110,2,0,Greece,Suite,Travel Agency,213.08,0,2556.96
4253,2025-03-18,6,117,2,0,Egypt,Family,Direct,188.03,0,1128.18
4254,2026-01-13,1,169,2,2,Spain,Suite,OTA,187.89,0,187.89
4255,2026-06-01,12,53,1,2,Greece,Deluxe,Corporate,139.46,0,1673.52
4256,2025-11-28,12,15,2,1,UAE,Suite,Corporate,271.8,0,3261.6
4257,2025-02-22,4,160,2,0,Egypt,Superior,OTA,110.81,1,0.0
4258,2025-07-31,13,138,3,0,Greece,Deluxe,Travel Agency,127.65,0,1659.45
4259,2025-05-22,5,82,2,0,UAE,Standard,Travel Agency,109.37,0,546.85
4260,2025-12-12,12,120,3,0,Egypt,Superior,Direct,162.9,0,1954.8
4261,2025-07-27,13,42,2,0,Portugal,Standard,Corporate,73.87,0,960.31
4262,2025-04-23,11,134,4,1,France,Suite,Corporate,202.04,0,2222.44
4263,2026-04-19,12,64,2,1,France,Superior,Corporate,111.16,0,1333.92
4264,2025-01-26,4,175,3,0,Turkey,Family,Corporate,193.72,0,774.88
4265,2025-07-09,7,134,1,2,Greece,Standard,OTA,75.17,0,526.19
4266,2025-07-03,12,146,2,0,France,Superior,OTA,60.54,0,726.48
4267,2026-06-07,13,178,1,1,France,Deluxe,OTA,165.97,0,2157.61
4268,2025-09-14,14,24,3,0,Turkey,Deluxe,Travel Agency,132.29,1,0.0
4269,2025-10-12,2,138,3,0,UAE,Suite,OTA,229.12,0,458.24
4270,2025-03-29,5,0,1,0,UAE,Family,OTA,138.05,0,690.25
4271,2025-01-29,4,40,3,0,Egypt,Family,OTA,117.72,0,470.88
4272,2025-12-01,11,77,3,0,Turkey,Family,Corporate,147.29,0,1620.19
4273,2026-01-04,8,25,2,2,Egypt,Superior,Direct,97.05,0,776.4
4274,2025-07-19,3,93,1,2,Egypt,Superior,Corporate,96.54,0,289.62
4275,2025-11-18,7,74,4,0,Turkey,Family,Corporate,212.71,0,1488.97
4276,2025-02-21,11,174,3,2,France,Superior,Direct,84.99,0,934.89
4277,2025-06-24,14,92,3,1,France,Suite,Travel Agency,264.3,0,3700.2
4278,2026-02-09,8,170,2,1,Greece,Standard,Corporate,83.59,0,668.72
4279,2025-07-27,4,4,3,0,Egypt,Standard,Direct,121.95,1,0.0
4280,2026-04-26,3,100,2,2,Spain,Superior,OTA,108.18,0,324.54
4281,2026-02-19,5,155,1,2,Turkey,Family,Travel Agency,127.64,0,638.2
4282,2025-03-24,11,23,2,0,Turkey,Superior,Direct,106.0,0,1166.0
4283,2025-08-23,2,15,4,0,Egypt,Family,OTA,118.79,0,237.58
4284,2026-01-20,7,45,2,2,Turkey,Deluxe,Travel Agency,121.87,1,0.0
4285,2025-11-10,2,74,1,2,UAE,Family,Corporate,171.37,0,342.74
4286,2025-06-05,3,147,2,0,Italy,Standard,Travel Agency,76.96,0,230.88
4287,2026-06-24,7,20,1,1,Egypt,Standard,Direct,103.35,0,723.45
4288,2025-07-07,14,99,1,0,Egypt,Suite,Direct,250.84,0,3511.76
4289,2025-04-17,8,67,3,0,Greece,Suite,Direct,278.91,0,2231.28
4290,2026-01-24,14,34,2,0,Italy,Standard,Corporate,103.32,0,1446.48
4291,2026-02-03,11,125,3,2,Turkey,Deluxe,Corporate,169.87,0,1868.57
4292,2025-08-15,14,37,1,1,UAE,Standard,OTA,130.16,0,1822.24
4293,2025-10-08,3,54,3,2,Greece,Deluxe,Travel Agency,171.97,0,515.91
4294,2025-09-18,14,3,2,0,Italy,Standard,Corporate,113.72,0,1592.08
4295,2025-06-25,10,132,2,0,France,Superior,Direct,70.69,1,0.0
4296,2025-12-21,11,7,2,1,Portugal,Standard,Travel Agency,72.31,0,795.41
4297,2025-12-14,4,56,4,0,Italy,Family,Direct,184.75,0,739.0
4298,2025-09-18,8,147,2,0,Turkey,Standard,OTA,81.87,0,654.96
4299,2025-06-19,5,148,2,0,Spain,Superior,Direct,91.47,0,457.35
4300,2026-01-01,13,167,2,0,UAE,Superior,Direct,130.19,0,1692.47
4301,2026-03-28,14,100,3,0,Italy,Superior,Corporate,136.44,0,1910.16
4302,2026-03-17,3,85,1,0,Spain,Family,OTA,172.98,0,518.94
4303,2025-05-20,5,153,1,0,Turkey,Superior,Direct,103.53,0,517.65
4304,2025-09-10,14,176,2,0,Spain,Superior,Corporate,97.57,0,1365.98
4305,2025-09-14,10,101,2,0,Greece,Suite,Travel Agency,261.33,0,2613.3
4306,2025-10-30,1,173,2,1,Egypt,Deluxe,Travel Agency,143.05,0,143.05
4307,2025-08-04,10,149,3,0,France,Suite,Travel Agency,241.09,0,2410.9
4308,2026-06-22,1,48,2,0,Egypt,Deluxe,Direct,180.57,0,180.57
4309,2025-10-22,9,105,4,0,France,Suite,Direct,247.25,0,2225.25
4310,2026-06-12,6,5,2,0,Turkey,Suite,Corporate,241.1,0,1446.6
4311,2025-04-19,6,149,1,0,Italy,Suite,OTA,225.62,0,1353.72
4312,2025-08-05,8,124,2,0,Spain,Suite,Direct,239.7,0,1917.6
4313,2026-05-10,5,73,2,1,Greece,Suite,Direct,222.17,0,1110.85
4314,2025-03-15,8,31,2,0,Spain,Standard,OTA,85.66,0,685.28
4315,2025-09-20,6,100,3,2,Turkey,Suite,Corporate,228.51,0,1371.06
4316,2025-12-04,11,124,2,1,Turkey,Deluxe,Corporate,141.52,0,1556.72
4317,2026-02-19,7,1,2,0,Greece,Family,Corporate,174.89,0,1224.23
4318,2025-03-01,13,74,2,0,Italy,Superior,Direct,152.63,1,0.0
4319,2025-04-19,9,0,2,1,Greece,Suite,OTA,200.66,0,1805.94
4320,2025-12-31,14,33,3,2,Turkey,Standard,Travel Agency,89.3,0,1250.2
4321,2025-08-10,10,63,2,0,Egypt,Standard,OTA,52.12,0,521.2
4322,2026-02-10,10,84,2,1,UAE,Superior,Corporate,103.04,0,1030.4
4323,2026-03-05,9,74,3,0,Greece,Standard,Corporate,66.18,0,595.62
4324,2025-07-21,7,120,3,0,Portugal,Deluxe,OTA,135.12,0,945.84
4325,2025-09-25,14,165,3,0,Greece,Deluxe,OTA,135.97,0,1903.58
4326,2026-05-15,7,68,2,2,Greece,Suite,OTA,233.73,0,1636.11
4327,2025-01-12,4,159,2,0,UAE,Superior,Corporate,92.77,0,371.08
4328,2025-02-12,9,167,3,0,Greece,Superior,Corporate,92.88,0,835.92
4329,2025-08-31,5,180,1,0,Italy,Deluxe,Corporate,136.27,0,681.35
4330,2025-11-08,8,84,2,1,Greece,Family,Corporate,160.14,0,1281.12
4331,2025-02-07,5,150,3,0,Egypt,Family,Direct,154.27,0,771.35
4332,2025-11-14,6,99,2,2,Portugal,Family,OTA,189.79,0,1138.74
4333,2026-01-30,2,8,4,0,Turkey,Standard,Travel Agency,70.47,0,140.94
4334,2026-04-27,4,102,3,2,Italy,Standard,Direct,74.82,0,299.28
4335,2025-10-28,13,28,4,1,UAE,Family,Travel Agency,167.95,0,2183.35
4336,2025-08-08,1,121,4,0,Italy,Suite,Corporate,224.23,0,224.23
4337,2026-04-10,13,17,4,1,Italy,Family,Travel Agency,153.39,1,0.0
4338,2026-06-03,8,46,2,1,Greece,Deluxe,Direct,167.32,0,1338.56
4339,2025-05-02,1,67,3,0,Portugal,Suite,Corporate,219.66,0,219.66
4340,2026-04-06,2,37,2,0,Portugal,Superior,Direct,90.76,0,181.52
4341,2025-05-28,14,150,1,0,Portugal,Suite,Travel Agency,264.87,0,3708.18
4342,2025-06-18,5,147,4,2,Italy,Suite,Corporate,226.65,0,1133.25
4343,2025-01-27,11,135,2,0,UAE,Suite,Travel Agency,239.69,1,0.0
4344,2026-01-12,4,119,4,0,Spain,Deluxe,OTA,141.79,0,567.16
4345,2026-04-12,7,52,1,2,UAE,Deluxe,Corporate,148.75,1,0.0
4346,2026-05-21,1,126,1,1,Turkey,Deluxe,Direct,186.79,0,186.79
4347,2025-10-05,12,78,1,0,Spain,Deluxe,Direct,132.22,0,1586.64
4348,2026-04-01,6,105,1,0,Greece,Standard,Direct,94.88,0,569.28
4349,2026-03-09,5,10,2,2,Portugal,Superior,Corporate,127.22,0,636.1
4350,2026-06-21,12,41,2,2,UAE,Deluxe,OTA,165.24,0,1982.88
4351,2026-04-10,4,68,2,2,Portugal,Suite,OTA,275.48,0,1101.92
4352,2026-01-19,2,164,3,1,Greece,Family,Corporate,126.26,0,252.52
4353,2025-11-26,5,114,4,0,Portugal,Suite,OTA,206.53,0,1032.65
4354,2026-05-11,2,15,4,0,Greece,Suite,OTA,217.86,0,435.72
4355,2025-12-30,11,151,1,1,Portugal,Family,Direct,162.96,0,1792.56
4356,2025-11-28,4,102,1,0,Portugal,Deluxe,OTA,156.07,0,624.28
4357,2025-01-21,5,15,2,0,Egypt,Standard,Direct,59.05,0,295.25
4358,2025-10-28,2,51,1,1,Egypt,Family,Corporate,153.88,0,307.76
4359,2025-12-27,3,122,1,1,Italy,Superior,Corporate,112.07,0,336.21
4360,2026-04-25,2,112,2,0,UAE,Standard,Corporate,91.83,0,183.66
4361,2025-10-30,3,178,2,0,Spain,Deluxe,OTA,149.25,0,447.75
4362,2026-06-09,9,161,1,1,Egypt,Family,Corporate,188.11,0,1692.99
4363,2025-05-19,14,42,2,0,France,Deluxe,Travel Agency,112.24,0,1571.36
4364,2025-09-10,2,101,4,0,Italy,Deluxe,Travel Agency,132.81,0,265.62
4365,2026-03-08,5,123,2,0,Egypt,Standard,Travel Agency,56.84,0,284.2
4366,2026-01-29,13,119,3,0,Spain,Superior,Corporate,96.66,0,1256.58
4367,2025-01-22,7,177,1,0,UAE,Standard,OTA,77.94,0,545.58
4368,2026-02-07,2,60,2,0,Portugal,Superior,Direct,67.37,0,134.74
4369,2025-05-19,3,172,1,1,Egypt,Family,Corporate,161.42,0,484.26
4370,2026-02-20,6,73,4,0,UAE,Superior,OTA,92.58,0,555.48
4371,2025-10-12,3,160,4,0,Egypt,Suite,Travel Agency,204.09,0,612.27
4372,2025-08-15,6,57,4,0,Egypt,Standard,Corporate,93.75,1,0.0
4373,2025-01-13,6,141,1,0,Spain,Deluxe,Corporate,149.11,0,894.66
4374,2025-08-18,3,29,2,1,Portugal,Suite,Corporate,226.82,0,680.46
4375,2025-10-31,6,85,2,0,Egypt,Standard,Travel Agency,120.63,0,723.78
4376,2025-05-03,1,112,1,0,UAE,Family,Direct,140.96,0,140.96
4377,2026-01-08,3,159,2,0,Egypt,Suite,Corporate,282.31,0,846.93
4378,2025-10-01,5,23,2,0,UAE,Suite,Corporate,233.51,0,1167.55
4379,2025-06-27,6,143,2,2,France,Family,OTA,155.72,0,934.32
4380,2025-11-18,7,6,1,1,France,Deluxe,Travel Agency,137.43,0,962.01
4381,2025-03-06,6,22,2,2,Portugal,Deluxe,Direct,139.82,0,838.92
4382,2025-07-25,8,133,2,2,UAE,Superior,Direct,156.27,0,1250.16
4383,2025-06-26,8,50,2,0,UAE,Suite,Direct,246.2,0,1969.6
4384,2025-03-09,10,126,2,0,Italy,Superior,Travel Agency,83.24,1,0.0
4385,2026-03-03,13,22,2,0,Egypt,Standard,Travel Agency,97.17,1,0.0
4386,2025-06-02,12,110,2,0,France,Superior,OTA,100.04,0,1200.48
4387,2025-09-25,13,115,1,2,Italy,Standard,Direct,45.0,0,585.0
4388,2025-10-04,9,176,1,0,Portugal,Standard,Travel Agency,96.5,0,868.5
4389,2025-02-14,13,142,3,0,Greece,Family,Travel Agency,192.2,0,2498.6
4390,2025-05-03,13,34,2,2,Italy,Family,OTA,166.32,0,2162.16
4391,2025-01-09,12,3,3,0,UAE,Suite,Direct,223.88,0,2686.56
4392,2025-12-04,14,167,3,0,Italy,Deluxe,Direct,169.83,0,2377.62
4393,2025-07-17,4,72,4,0,UAE,Standard,Direct,62.68,0,250.72
4394,2025-02-19,6,96,4,0,UAE,Suite,Corporate,265.65,0,1593.9
4395,2025-02-08,11,47,1,0,Italy,Standard,Corporate,63.24,0,695.64
4396,2026-03-01,10,77,2,0,France,Standard,OTA,76.22,0,762.2
4397,2025-10-25,7,114,2,0,France,Suite,Direct,248.74,0,1741.18
4398,2025-06-02,12,175,4,0,Greece,Family,OTA,178.34,0,2140.08
4399,2025-02-22,8,68,3,2,Turkey,Suite,Travel Agency,221.3,0,1770.4
4400,2025-03-18,14,44,2,0,France,Standard,OTA,87.29,0,1222.06
4401,2025-08-18,2,66,4,1,UAE,Family,Travel Agency,190.88,0,381.76
4402,2026-05-23,12,30,2,1,UAE,Family,Direct,149.34,0,1792.08
4403,2025-08-05,1,73,3,2,UAE,Standard,Travel Agency,89.44,0,89.44
4404,2025-08-29,9,145,4,1,Turkey,Standard,Corporate,75.45,0,679.05
4405,2025-10-05,6,10,3,1,France,Suite,Travel Agency,215.79,0,1294.74
4406,2025-07-14,13,33,2,0,Spain,Family,OTA,181.21,1,0.0
4407,2025-10-05,12,141,2,1,Turkey,Standard,OTA,98.81,0,1185.72
4408,2026-02-28,2,55,4,2,UAE,Deluxe,Corporate,135.3,0,270.6
4409,2025-09-15,6,139,2,0,Spain,Deluxe,OTA,91.44,0,548.64
4410,2025-09-09,5,9,3,0,UAE,Deluxe,Travel Agency,157.49,1,0.0
4411,2025-05-25,11,163,2,2,UAE,Suite,Direct,229.85,0,2528.35
4412,2025-06-26,1,110,3,1,UAE,Family,OTA,188.43,1,0.0
4413,2025-07-02,6,170,3,1,France,Family,Corporate,198.61,0,1191.66
4414,2025-06-17,3,61,2,2,Greece,Standard,OTA,84.88,0,254.64
4415,2026-04-27,6,59,2,0,Greece,Suite,Travel Agency,255.62,0,1533.72
4416,2025-12-14,11,120,3,0,France,Superior,Direct,130.12,0,1431.32
4417,2025-04-01,14,116,2,0,Spain,Family,OTA,160.13,0,2241.82
4418,2025-10-31,6,4,2,1,Turkey,Deluxe,Corporate,139.44,0,836.64
4419,2025-08-17,13,93,4,0,Turkey,Standard,Travel Agency,88.13,0,1145.69
4420,2025-09-10,10,18,1,0,France,Superior,Direct,139.48,0,1394.8
4421,2026-06-26,7,169,4,1,Portugal,Suite,Direct,210.55,0,1473.85
4422,2026-03-11,7,163,2,0,Portugal,Family,OTA,185.82,0,1300.74
4423,2025-02-22,12,24,1,0,Turkey,Standard,OTA,107.11,1,0.0
4424,2026-06-06,5,63,4,1,France,Family,Direct,169.7,0,848.5
4425,2025-03-28,11,139,2,1,Portugal,Suite,Travel Agency,238.6,0,2624.6
4426,2025-08-16,4,72,2,0,UAE,Superior,OTA,108.04,0,432.16
4427,2025-05-13,3,67,2,0,Portugal,Family,Corporate,171.66,0,514.98
4428,2025-07-05,8,116,2,0,Portugal,Deluxe,Direct,130.58,0,1044.64
4429,2025-06-18,2,168,3,2,UAE,Superior,Direct,105.64,0,211.28
4430,2025-04-13,5,134,2,1,Spain,Superior,Corporate,91.31,0,456.55
4431,2025-07-14,9,58,3,1,Portugal,Suite,Travel Agency,253.87,0,2284.83
4432,2025-06-30,13,4,4,0,Portugal,Deluxe,OTA,109.4,1,0.0
4433,2026-01-13,11,128,3,0,Portugal,Family,Direct,194.08,0,2134.88
4434,2026-01-28,10,179,4,0,France,Suite,Travel Agency,263.06,0,2630.6
4435,2025-09-05,3,165,4,0,France,Deluxe,Travel Agency,153.11,0,459.33
4436,2026-02-22,2,107,4,1,Turkey,Family,Corporate,214.95,0,429.9
4437,2026-04-09,9,170,1,2,Egypt,Superior,Corporate,119.13,0,1072.17
4438,2025-03-22,14,57,3,0,Turkey,Deluxe,OTA,156.12,1,0.0
4439,2025-03-08,2,143,2,1,France,Superior,Travel Agency,68.31,1,0.0
4440,2025-02-22,2,158,2,1,Greece,Family,Corporate,199.76,0,399.52
4441,2026-03-09,3,102,4,0,Egypt,Deluxe,Travel Agency,128.05,0,384.15
4442,2026-05-21,11,118,3,0,Portugal,Suite,OTA,215.38,0,2369.18
4443,2025-05-19,1,11,3,0,Spain,Standard,Direct,84.1,0,84.1
4444,2025-09-19,3,129,2,1,Spain,Family,OTA,156.43,0,469.29
4445,2025-11-24,2,82,2,0,UAE,Standard,Travel Agency,74.38,0,148.76
4446,2025-02-13,10,179,2,1,Italy,Standard,Direct,106.88,0,1068.8
4447,2025-01-02,12,67,4,0,Portugal,Superior,Travel Agency,146.39,1,0.0
4448,2025-06-10,11,44,2,0,Egypt,Family,Travel Agency,160.3,1,0.0
4449,2025-05-12,10,76,3,0,Spain,Deluxe,Direct,145.34,0,1453.4
4450,2026-04-13,2,150,2,0,UAE,Standard,OTA,134.28,0,268.56
4451,2025-08-11,14,65,2,0,UAE,Superior,Corporate,146.11,0,2045.54
4452,2026-04-20,6,172,2,1,Portugal,Family,OTA,133.19,0,799.14
4453,2025-09-14,12,33,2,0,Portugal,Deluxe,Direct,170.66,0,2047.92
4454,2025-07-31,11,17,1,0,Portugal,Suite,Direct,221.38,0,2435.18
4455,2025-09-20,1,120,2,0,France,Suite,Direct,225.7,0,225.7
4456,2026-02-27,2,169,3,2,Spain,Family,Travel Agency,195.38,0,390.76
4457,2026-02-08,7,105,3,1,Turkey,Family,OTA,130.27,0,911.89
4458,2025-04-03,8,30,2,0,Greece,Deluxe,Corporate,175.18,1,0.0
4459,2026-03-10,9,168,2,0,Greece,Superior,Travel Agency,141.78,0,1276.02
4460,2025-07-21,7,146,2,0,UAE,Deluxe,Corporate,141.82,0,992.74
4461,2026-01-24,8,52,2,0,Portugal,Suite,Direct,276.86,0,2214.88
4462,2025-02-26,11,127,2,2,Greece,Suite,Travel Agency,250.22,0,2752.42
4463,2026-04-18,14,98,2,1,Italy,Superior,Corporate,82.12,1,0.0
4464,2025-04-01,5,156,4,2,Greece,Family,OTA,176.83,1,0.0
4465,2025-04-20,13,146,2,0,Portugal,Deluxe,Corporate,133.62,0,1737.06
4466,2025-11-02,5,57,3,0,UAE,Standard,Travel Agency,84.87,0,424.35
4467,2026-02-07,7,55,1,0,Egypt,Superior,Corporate,80.57,0,563.99
4468,2025-05-29,12,30,1,0,Italy,Family,Travel Agency,214.06,0,2568.72
4469,2025-02-27,8,130,2,0,Turkey,Suite,Direct,253.5,0,2028.0
4470,2025-04-03,4,167,2,0,Portugal,Superior,Corporate,99.25,0,397.0
4471,2026-01-09,3,123,4,0,UAE,Suite,Corporate,245.52,0,736.56
4472,2026-03-28,8,120,4,0,UAE,Deluxe,Travel Agency,148.93,0,1191.44
4473,2026-06-14,10,149,4,0,Portugal,Standard,OTA,45.0,0,450.0
4474,2026-01-29,10,153,1,0,Turkey,Suite,OTA,280.12,0,2801.2
4475,2026-05-05,1,12,4,0,Greece,Superior,Direct,108.46,0,108.46
4476,2025-08-06,3,100,3,2,Greece,Family,Travel Agency,179.09,0,537.27
4477,2026-03-07,1,40,1,0,Egypt,Suite,Travel Agency,207.32,0,207.32
4478,2025-03-19,6,127,2,0,France,Suite,Direct,244.65,0,1467.9
4479,2026-06-23,5,44,4,0,Italy,Suite,Travel Agency,249.27,0,1246.35
4480,2026-02-28,13,21,2,1,UAE,Deluxe,OTA,125.22,1,0.0
4481,2025-06-08,4,177,2,0,France,Suite,Travel Agency,256.96,0,1027.84
4482,2026-05-18,11,6,2,0,Spain,Superior,OTA,63.13,0,694.43
4483,2025-07-01,10,57,2,0,France,Suite,Corporate,235.18,0,2351.8
4484,2026-06-24,10,127,1,0,Greece,Deluxe,Corporate,116.51,0,1165.1
4485,2025-11-04,8,40,2,2,Turkey,Family,Travel Agency,175.82,0,1406.56
4486,2026-02-27,5,173,2,0,Spain,Family,OTA,165.43,0,827.15
4487,2026-06-17,4,26,1,0,UAE,Standard,Direct,91.01,0,364.04
4488,2026-05-07,6,103,4,0,UAE,Standard,Travel Agency,78.12,0,468.72
4489,2025-04-24,11,3,2,2,Spain,Standard,Direct,90.33,0,993.63
4490,2026-03-07,8,152,2,0,Turkey,Family,Corporate,176.37,0,1410.96
4491,2025-03-23,10,54,2,2,Egypt,Family,OTA,201.52,0,2015.2
4492,2026-01-29,13,162,2,1,UAE,Superior,OTA,132.49,0,1722.37
4493,2025-08-28,5,113,2,0,Egypt,Superior,OTA,92.47,0,462.35
4494,2026-05-07,10,37,2,1,France,Suite,Direct,264.4,0,2644.0
4495,2025-03-18,6,0,2,0,Portugal,Deluxe,OTA,159.06,1,0.0
4496,2026-05-26,4,73,2,0,UAE,Superior,Direct,139.07,0,556.28
4497,2025-10-24,1,81,4,0,Turkey,Family,OTA,151.02,0,151.02
4498,2026-03-03,1,159,2,2,Egypt,Superior,Direct,80.45,1,0.0
4499,2025-10-04,6,150,2,1,Greece,Family,Corporate,145.86,0,875.16
4500,2025-01-17,10,136,4,0,Italy,Suite,Direct,276.77,0,2767.7
4501,2026-03-26,13,76,2,0,Egypt,Family,Travel Agency,204.63,0,2660.19
4502,2025-07-29,10,112,4,2,UAE,Suite,Corporate,262.46,1,0.0
4503,2025-11-03,9,152,4,0,UAE,Family,Direct,143.07,1,0.0
4504,2025-09-08,2,161,3,2,Turkey,Deluxe,Travel Agency,172.77,0,345.54
4505,2026-02-04,2,111,2,2,UAE,Superior,Travel Agency,79.41,0,158.82
4506,2026-05-06,5,122,2,1,Turkey,Superior,Corporate,48.06,0,240.3
4507,2025-06-11,2,36,2,2,Turkey,Suite,Corporate,229.93,0,459.86
4508,2026-04-01,6,98,1,2,Italy,Suite,Corporate,235.77,0,1414.62
4509,2025-12-07,6,126,3,2,Greece,Superior,OTA,143.13,0,858.78
4510,2025-02-11,11,7,1,0,Spain,Deluxe,Travel Agency,125.69,0,1382.59
4511,2025-12-26,12,29,2,0,Egypt,Deluxe,Travel Agency,206.72,0,2480.64
4512,2025-10-19,1,82,4,2,Italy,Suite,OTA,244.71,0,244.71
4513,2025-10-11,5,47,2,1,France,Family,Direct,172.3,0,861.5
4514,2025-05-18,4,156,2,0,Spain,Family,Travel Agency,172.18,0,688.72
4515,2025-08-31,4,95,2,0,Portugal,Deluxe,Direct,120.35,0,481.4
4516,2026-02-10,13,40,3,0,Italy,Suite,Corporate,231.88,0,3014.44
4517,2025-01-01,9,125,3,1,UAE,Family,OTA,181.55,0,1633.95
4518,2026-05-03,4,119,2,0,Spain,Suite,Corporate,263.34,1,0.0
4519,2026-04-12,4,148,4,2,Greece,Family,Corporate,165.96,0,663.84
4520,2026-02-26,1,145,2,2,Portugal,Suite,Travel Agency,244.47,0,244.47
4521,2025-12-10,1,14,4,0,Turkey,Deluxe,Direct,169.1,0,169.1
4522,2026-03-31,12,35,3,1,France,Suite,Direct,230.24,0,2762.88
4523,2025-03-25,1,113,3,0,France,Superior,Corporate,135.08,0,135.08
4524,2025-12-31,3,114,3,0,UAE,Deluxe,Corporate,163.71,0,491.13
4525,2025-09-01,1,85,3,0,Italy,Deluxe,Corporate,170.64,1,0.0
4526,2026-05-27,2,17,2,1,UAE,Superior,Corporate,66.84,0,133.68
4527,2025-06-18,5,163,2,2,Italy,Suite,Corporate,232.99,0,1164.95
4528,2025-02-05,9,171,3,0,Spain,Family,Travel Agency,159.6,0,1436.4
4529,2025-11-19,13,51,4,2,Spain,Deluxe,OTA,102.18,0,1328.34
4530,2026-02-06,6,158,4,1,France,Family,OTA,219.43,0,1316.58
4531,2026-01-15,1,116,4,0,UAE,Standard,OTA,102.67,0,102.67
4532,2025-02-16,7,155,2,1,France,Standard,OTA,45.0,1,0.0
4533,2025-04-20,6,99,3,0,Portugal,Standard,OTA,114.14,1,0.0
4534,2026-05-11,14,133,2,0,Portugal,Suite,OTA,238.84,1,0.0
4535,2025-04-25,5,146,2,0,Italy,Superior,Corporate,121.25,0,606.25
4536,2025-04-16,8,61,1,1,Greece,Suite,Direct,225.26,0,1802.08
4537,2026-06-26,6,135,2,0,Egypt,Suite,Travel Agency,264.89,0,1589.34
4538,2026-05-29,4,108,3,0,Egypt,Family,OTA,172.96,0,691.84
4539,2025-07-23,9,101,2,0,Egypt,Standard,Corporate,92.66,0,833.94
4540,2026-05-02,8,95,2,2,UAE,Family,OTA,202.8,0,1622.4
4541,2025-12-01,5,25,1,0,Portugal,Family,OTA,191.05,0,955.25
4542,2025-12-29,1,75,1,0,UAE,Suite,Direct,230.42,1,0.0
4543,2025-01-27,11,138,2,0,Portugal,Superior,OTA,108.09,0,1188.99
4544,2025-12-17,8,128,2,0,Portugal,Superior,Direct,68.46,0,547.68
4545,2026-06-24,1,39,2,0,Spain,Deluxe,Direct,171.51,0,171.51
4546,2026-01-14,1,119,4,0,Greece,Standard,Corporate,45.0,0,45.0
4547,2026-01-24,1,133,4,0,Egypt,Standard,Direct,73.47,1,0.0
4548,2025-12-18,11,93,4,1,Egypt,Standard,OTA,80.24,1,0.0
4549,2025-10-19,1,180,2,1,UAE,Standard,Direct,87.57,0,87.57
4550,2025-02-12,14,79,2,2,Turkey,Standard,OTA,65.27,0,913.78
4551,2025-05-14,11,122,1,1,Spain,Family,Travel Agency,172.64,0,1899.04
4552,2025-11-12,10,61,2,1,UAE,Suite,Direct,244.54,0,2445.4
4553,2025-08-19,13,167,2,0,Greece,Family,Travel Agency,179.09,0,2328.17
4554,2026-05-14,3,42,2,0,UAE,Suite,Direct,243.22,0,729.66
4555,2026-05-12,1,134,4,0,Greece,Deluxe,Direct,141.16,1,0.0
4556,2025-10-31,14,164,4,0,Turkey,Deluxe,Corporate,155.68,0,2179.52
4557,2026-02-16,12,63,4,2,Spain,Standard,Direct,112.43,0,1349.16
4558,2025-09-24,6,54,3,2,Spain,Deluxe,Corporate,148.02,0,888.12
4559,2026-05-23,11,42,2,0,Turkey,Standard,Corporate,85.36,0,938.96
4560,2025-04-23,12,112,1,2,Portugal,Superior,Direct,107.59,1,0.0
4561,2026-05-25,14,3,3,2,Italy,Family,Corporate,205.93,0,2883.02
4562,2025-04-16,4,4,2,2,Turkey,Family,Direct,168.56,0,674.24
4563,2025-07-04,9,24,2,0,Italy,Family,Travel Agency,153.51,0,1381.59
4564,2025-11-30,5,104,2,0,UAE,Family,OTA,191.98,1,0.0
4565,2025-04-25,3,89,2,1,Italy,Superior,Corporate,102.38,0,307.14
4566,2026-02-17,10,128,2,1,France,Superior,Travel Agency,125.51,0,1255.1
4567,2026-05-26,13,163,3,0,Portugal,Deluxe,Travel Agency,138.51,0,1800.63
4568,2025-02-08,9,15,4,2,Portugal,Standard,Corporate,53.42,0,480.78
4569,2025-08-26,11,56,1,0,Portugal,Standard,Corporate,78.8,0,866.8
4570,2025-02-07,5,44,2,0,Turkey,Deluxe,Corporate,115.82,0,579.1
4571,2025-03-31,7,85,1,0,Turkey,Standard,Travel Agency,87.02,0,609.14
4572,2025-07-09,7,66,2,0,France,Suite,Corporate,260.22,0,1821.54
4573,2025-10-20,12,94,2,0,Italy,Superior,Corporate,156.75,1,0.0
4574,2025-02-15,5,152,3,1,Egypt,Superior,Direct,97.52,0,487.6
4575,2025-07-13,13,140,2,1,Greece,Suite,Corporate,222.04,0,2886.52
4576,2025-11-30,12,42,2,0,Portugal,Family,Direct,194.59,1,0.0
4577,2026-05-13,5,168,4,0,Turkey,Family,Travel Agency,192.71,0,963.55
4578,2025-10-04,1,43,2,0,Greece,Deluxe,OTA,169.39,1,0.0
4579,2025-10-17,3,83,2,0,Egypt,Standard,OTA,127.23,1,0.0
4580,2025-05-27,14,110,4,0,Italy,Superior,Travel Agency,110.28,0,1543.92
4581,2025-05-06,14,176,2,0,Italy,Standard,Travel Agency,133.38,0,1867.32
4582,2025-10-07,3,160,2,0,Portugal,Deluxe,Direct,141.59,0,424.77
4583,2026-01-12,7,138,3,0,Turkey,Suite,OTA,223.88,0,1567.16
4584,2025-01-14,8,40,2,0,France,Family,OTA,156.76,0,1254.08
4585,2025-07-30,5,8,4,0,Greece,Family,Direct,155.37,0,776.85
4586,2025-09-12,3,104,2,0,Portugal,Superior,OTA,158.72,0,476.16
4587,2025-06-08,7,32,2,1,Egypt,Family,Travel Agency,204.43,0,1431.01
4588,2026-03-21,10,85,3,2,Italy,Suite,Travel Agency,285.85,0,2858.5
4589,2026-01-30,9,114,4,1,Turkey,Suite,OTA,195.71,0,1761.39
4590,2025-10-24,5,155,3,0,Italy,Superior,Corporate,79.25,0,396.25
4591,2026-05-16,6,163,2,0,Egypt,Family,Travel Agency,167.49,0,1004.94
4592,2025-01-05,11,84,2,1,Egypt,Family,OTA,163.83,0,1802.13
4593,2025-07-11,1,48,1,1,Italy,Superior,Direct,115.48,0,115.48
4594,2026-05-11,8,152,1,0,Greece,Deluxe,Direct,150.88,0,1207.04
4595,2025-08-01,9,174,3,0,Greece,Superior,Direct,85.18,0,766.62
4596,2025-11-23,13,170,4,0,Spain,Standard,Corporate,66.27,0,861.51
4597,2026-02-17,5,138,1,0,Greece,Family,OTA,168.82,1,0.0
4598,2025-03-01,14,30,3,0,UAE,Superior,Direct,81.76,0,1144.64
4599,2025-04-23,6,70,4,0,Portugal,Suite,Direct,236.85,0,1421.1
4600,2026-01-04,8,62,2,0,UAE,Suite,Direct,213.17,0,1705.36
4601,2025-01-23,11,96,2,0,Egypt,Superior,OTA,106.16,0,1167.76
4602,2026-01-25,6,15,2,1,Spain,Superior,Corporate,88.34,0,530.04
4603,2025-06-28,13,36,2,1,France,Superior,Travel Agency,132.67,1,0.0
4604,2025-04-18,11,140,4,0,Egypt,Standard,OTA,90.15,0,991.65
4605,2025-12-12,1,106,2,0,Spain,Suite,Travel Agency,249.51,0,249.51
4606,2025-02-03,2,82,2,2,Portugal,Standard,Corporate,97.27,0,194.54
4607,2025-05-20,12,157,3,0,Spain,Suite,Corporate,251.49,0,3017.88
4608,2025-12-29,3,108,3,1,Egypt,Deluxe,Direct,172.84,1,0.0
4609,2025-08-08,7,141,1,1,France,Standard,Travel Agency,83.34,0,583.38
4610,2025-02-12,8,57,2,0,Spain,Suite,Corporate,256.89,0,2055.12
4611,2025-03-26,5,50,3,0,Greece,Suite,Direct,248.73,0,1243.65
4612,2025-06-08,1,13,2,1,France,Family,Direct,183.55,0,183.55
4613,2026-05-09,1,161,2,0,Portugal,Deluxe,Travel Agency,114.38,1,0.0
4614,2026-04-05,10,133,4,2,France,Standard,OTA,55.64,0,556.4
4615,2025-06-22,8,58,3,0,UAE,Superior,OTA,115.74,0,925.92
4616,2025-08-01,3,34,3,1,France,Deluxe,Travel Agency,131.89,0,395.67
4617,2025-02-08,2,75,3,0,Turkey,Family,Travel Agency,173.04,1,0.0
4618,2025-10-26,4,164,1,2,Egypt,Deluxe,Travel Agency,137.11,0,548.44
4619,2025-10-02,8,139,1,0,Portugal,Suite,OTA,228.0,1,0.0
4620,2025-10-04,13,109,2,1,Egypt,Suite,OTA,240.75,0,3129.75
4621,2026-05-05,14,89,2,0,Spain,Deluxe,Travel Agency,143.17,0,2004.38
4622,2025-09-07,9,126,2,0,Spain,Family,Corporate,208.61,0,1877.49
4623,2025-02-02,10,148,1,0,Italy,Family,OTA,141.47,0,1414.7
4624,2025-04-08,11,19,2,0,Spain,Deluxe,OTA,163.46,0,1798.06
4625,2025-08-03,4,28,2,1,Egypt,Deluxe,Direct,168.36,0,673.44
4626,2025-04-29,1,21,2,1,Spain,Standard,OTA,115.56,1,0.0
4627,2025-08-02,6,47,1,1,France,Superior,Corporate,111.33,0,667.98
4628,2025-02-25,11,145,2,0,Egypt,Deluxe,OTA,165.7,1,0.0
4629,2026-01-31,7,58,2,0,Egypt,Standard,Travel Agency,113.24,0,792.68
4630,2025-02-23,9,39,2,0,Spain,Standard,Corporate,65.26,1,0.0
4631,2025-03-29,12,114,1,2,Turkey,Deluxe,Corporate,128.46,0,1541.52
4632,2025-09-14,1,85,1,2,UAE,Standard,Direct,82.44,0,82.44
4633,2025-01-12,1,85,2,1,Greece,Deluxe,OTA,144.33,0,144.33
4634,2026-03-04,4,93,3,0,Italy,Family,Corporate,191.23,0,764.92
4635,2025-09-02,6,46,2,0,Greece,Standard,OTA,47.76,0,286.56
4636,2025-07-10,13,134,2,1,Italy,Standard,Corporate,111.34,0,1447.42
4637,2026-03-01,6,108,1,0,Turkey,Suite,OTA,245.95,0,1475.7
4638,2025-07-17,6,114,2,1,Turkey,Standard,Travel Agency,73.63,0,441.78
4639,2025-02-14,6,120,1,1,UAE,Superior,OTA,109.79,0,658.74
4640,2025-05-12,12,126,4,2,Portugal,Deluxe,OTA,174.4,0,2092.8
4641,2026-02-08,2,80,3,1,Italy,Family,OTA,186.97,0,373.94
4642,2025-04-12,8,27,2,0,Italy,Standard,Travel Agency,79.32,0,634.56
4643,2025-06-16,12,67,1,0,Turkey,Suite,Travel Agency,234.92,0,2819.04
4644,2026-01-09,5,106,2,0,Italy,Superior,Corporate,105.98,0,529.9
4645,2025-03-18,12,120,4,0,Italy,Suite,Direct,255.13,0,3061.56
4646,2026-02-24,7,152,2,0,UAE,Standard,Travel Agency,72.99,0,510.93
4647,2026-05-03,12,1,2,0,Spain,Standard,Direct,93.13,0,1117.56
4648,2026-05-20,7,22,2,0,Egypt,Standard,OTA,45.0,0,315.0
4649,2025-02-07,2,26,4,0,Portugal,Superior,OTA,89.14,1,0.0
4650,2025-04-03,11,133,4,0,Portugal,Superior,Direct,92.72,0,1019.92
4651,2025-09-08,6,120,3,1,UAE,Family,Travel Agency,174.05,1,0.0
4652,2025-01-13,1,16,3,0,UAE,Deluxe,OTA,144.74,0,144.74
4653,2026-02-13,12,14,4,1,France,Deluxe,Direct,134.03,0,1608.36
4654,2025-05-06,7,71,2,0,France,Deluxe,Direct,122.99,0,860.93
4655,2025-05-06,5,121,2,0,Egypt,Family,OTA,155.73,0,778.65
4656,2025-10-09,13,135,2,0,Greece,Standard,Corporate,118.02,0,1534.26
4657,2025-10-28,3,18,1,1,Turkey,Family,Direct,158.95,0,476.85
4658,2025-08-18,9,152,2,0,UAE,Suite,OTA,189.34,0,1704.06
4659,2025-09-01,5,176,2,1,UAE,Superior,Direct,110.86,1,0.0
4660,2026-05-23,5,108,2,0,Greece,Superior,Direct,93.94,0,469.7
4661,2026-03-20,13,69,3,0,Spain,Family,Direct,167.44,0,2176.72
4662,2025-11-28,11,73,1,0,Greece,Family,Direct,196.04,0,2156.44
4663,2025-08-18,11,172,2,1,Greece,Standard,Direct,74.2,0,816.2
4664,2026-05-24,9,153,4,0,Portugal,Suite,Corporate,231.45,0,2083.05
4665,2025-11-25,8,96,1,0,Greece,Standard,Travel Agency,45.0,0,360.0
4666,2025-04-20,12,172,2,0,Turkey,Family,Travel Agency,160.24,0,1922.88
4667,2026-05-26,4,60,2,0,UAE,Suite,Corporate,233.28,0,933.12
4668,2025-09-12,7,154,2,0,Italy,Family,Travel Agency,183.69,0,1285.83
4669,2025-06-09,14,92,2,0,Portugal,Deluxe,Direct,108.01,0,1512.14
4670,2025-09-18,1,144,2,1,Spain,Standard,Direct,49.79,0,49.79
4671,2026-06-15,6,159,2,2,Portugal,Deluxe,Direct,159.28,1,0.0
4672,2026-01-03,3,144,1,0,UAE,Standard,Travel Agency,80.46,0,241.38
4673,2026-05-10,10,39,3,0,Turkey,Family,OTA,161.4,0,1614.0
4674,2026-02-04,7,129,1,1,Greece,Suite,OTA,250.68,0,1754.76
4675,2025-10-22,2,109,4,0,Italy,Suite,Travel Agency,230.29,0,460.58
4676,2025-10-03,1,176,4,1,France,Family,Direct,195.64,0,195.64
4677,2026-06-07,9,167,1,1,Greece,Standard,Direct,65.46,0,589.14
4678,2025-06-03,11,30,2,2,UAE,Suite,OTA,218.61,0,2404.71
4679,2025-06-02,13,41,2,0,Italy,Superior,Travel Agency,171.03,0,2223.39
4680,2026-02-04,8,127,2,0,Spain,Superior,Travel Agency,125.24,0,1001.92
4681,2026-03-16,2,108,2,1,Italy,Deluxe,Direct,131.45,0,262.9
4682,2025-07-14,5,44,2,1,Greece,Superior,OTA,100.46,0,502.3
4683,2025-11-20,11,125,2,1,Turkey,Superior,Direct,95.57,0,1051.27
4684,2025-11-13,12,38,1,2,Turkey,Superior,Direct,72.25,0,867.0
4685,2026-03-26,10,61,2,0,Italy,Deluxe,Corporate,141.86,0,1418.6
4686,2025-03-09,10,157,2,0,UAE,Standard,Travel Agency,82.83,1,0.0
4687,2025-05-20,11,84,2,0,UAE,Deluxe,Corporate,182.17,0,2003.87
4688,2026-05-22,10,180,3,0,Egypt,Deluxe,OTA,146.89,1,0.0
4689,2026-05-16,4,117,3,0,Portugal,Superior,OTA,98.39,1,0.0
4690,2026-06-18,12,160,1,1,Italy,Superior,OTA,145.6,0,1747.2
4691,2025-03-29,4,82,1,0,Italy,Superior,OTA,139.28,0,557.12
4692,2025-02-21,2,7,2,0,Greece,Deluxe,Direct,152.69,0,305.38
4693,2025-07-02,14,66,2,2,Turkey,Suite,Travel Agency,240.38,0,3365.32
4694,2025-04-17,3,54,2,0,France,Superior,OTA,118.41,0,355.23
4695,2025-02-04,9,123,2,2,UAE,Family,Direct,160.18,0,1441.62
4696,2025-11-08,4,149,1,0,Portugal,Standard,Travel Agency,79.42,0,317.68
4697,2026-03-27,9,52,2,2,France,Standard,OTA,64.32,0,578.88
4698,2025-04-25,7,141,2,0,Egypt,Standard,Direct,110.19,0,771.33
4699,2025-08-03,8,17,2,0,Greece,Standard,Corporate,59.65,0,477.2
4700,2025-11-05,5,153,3,2,Greece,Suite,Direct,244.51,0,1222.55
4701,2025-07-22,8,163,2,1,Greece,Suite,Direct,245.66,0,1965.28
4702,2025-04-09,4,53,2,0,Turkey,Suite,Travel Agency,272.45,0,1089.8
4703,2026-02-10,3,78,2,0,Turkey,Standard,Corporate,68.11,1,0.0
4704,2026-05-15,1,3,2,0,UAE,Deluxe,OTA,133.4,0,133.4
4705,2025-07-29,5,141,4,0,Italy,Suite,Direct,253.84,0,1269.2
4706,2025-07-03,10,166,4,0,UAE,Standard,OTA,90.51,0,905.1
4707,2025-10-15,8,123,3,2,France,Deluxe,Corporate,196.57,0,1572.56
4708,2025-12-29,4,118,1,0,Egypt,Deluxe,Direct,153.12,0,612.48
4709,2025-11-25,14,60,2,0,Portugal,Standard,Corporate,109.63,0,1534.82
4710,2026-02-25,7,174,2,0,Egypt,Superior,OTA,136.54,0,955.78
4711,2025-04-03,2,146,1,1,Italy,Standard,Travel Agency,63.29,0,126.58
4712,2025-12-12,12,56,1,2,Greece,Family,OTA,140.14,0,1681.68
4713,2025-04-27,14,48,2,0,Greece,Family,Corporate,167.25,0,2341.5
4714,2025-03-21,8,2,2,1,Greece,Standard,Corporate,99.63,0,797.04
4715,2025-04-10,13,137,3,0,Spain,Standard,Travel Agency,112.91,0,1467.83
4716,2026-01-15,9,33,1,1,France,Standard,Corporate,45.0,0,405.0
4717,2025-07-06,14,69,2,0,France,Deluxe,Corporate,129.51,0,1813.14
4718,2025-10-04,8,62,2,0,UAE,Standard,Corporate,88.41,0,707.28
4719,2025-12-03,14,34,3,2,Spain,Deluxe,OTA,164.9,0,2308.6
4720,2026-01-29,13,112,3,0,France,Standard,Corporate,56.25,0,731.25
4721,2025-06-12,12,8,3,0,Portugal,Suite,Direct,224.24,0,2690.88
4722,2025-08-28,6,178,4,0,Spain,Suite,Direct,200.74,0,1204.44
4723,2026-03-01,9,67,2,0,Egypt,Deluxe,Corporate,188.93,0,1700.37
4724,2025-03-23,14,114,2,0,France,Standard,Travel Agency,84.68,0,1185.52
4725,2025-09-24,1,162,2,0,UAE,Deluxe,Corporate,133.96,0,133.96
4726,2026-05-11,13,71,1,2,France,Standard,Direct,107.77,0,1401.01
4727,2026-02-08,11,127,2,2,Greece,Standard,Direct,84.65,0,931.15
4728,2025-03-15,4,65,4,0,Turkey,Standard,Travel Agency,112.41,0,449.64
4729,2025-02-23,7,161,2,0,Italy,Deluxe,Travel Agency,186.3,0,1304.1
4730,2026-03-20,6,79,3,0,Spain,Standard,Direct,56.31,0,337.86
4731,2025-02-11,5,9,1,0,Egypt,Deluxe,Travel Agency,179.4,0,897.0
4732,2025-09-15,10,118,2,2,Greece,Deluxe,Corporate,178.37,0,1783.7
4733,2025-12-26,3,92,2,0,Turkey,Suite,OTA,250.75,0,752.25
4734,2025-10-16,7,108,2,0,Portugal,Family,Direct,187.71,0,1313.97
4735,2025-03-27,4,135,1,1,UAE,Standard,Direct,82.96,0,331.84
4736,2026-06-04,2,43,4,0,Egypt,Deluxe,OTA,122.1,0,244.2
4737,2026-01-17,1,142,4,0,UAE,Suite,Travel Agency,210.38,0,210.38
4738,2025-01-24,5,61,1,0,Spain,Family,Direct,215.12,0,1075.6
4739,2026-05-25,5,18,4,1,Turkey,Family,Corporate,179.62,0,898.1
4740,2026-02-01,4,25,4,0,Greece,Superior,OTA,103.8,1,0.0
4741,2025-05-05,10,117,2,1,Spain,Superior,Travel Agency,124.25,0,1242.5
4742,2025-11-11,7,25,2,2,Turkey,Deluxe,Travel Agency,133.1,0,931.7
4743,2026-01-24,10,107,2,0,France,Deluxe,Travel Agency,139.5,0,1395.0
4744,2025-03-28,11,138,2,0,Italy,Standard,OTA,80.54,1,0.0
4745,2026-03-31,11,32,2,0,Portugal,Suite,OTA,226.57,0,2492.27
4746,2026-04-14,12,83,3,0,Turkey,Deluxe,Travel Agency,161.71,0,1940.52
4747,2025-01-21,1,147,4,0,Egypt,Deluxe,Travel Agency,146.74,0,146.74
4748,2026-02-19,4,148,2,0,Portugal,Suite,Direct,251.53,0,1006.12
4749,2026-05-04,13,62,2,1,Portugal,Family,Travel Agency,188.88,0,2455.44
4750,2026-04-27,4,115,3,0,UAE,Superior,Travel Agency,137.08,0,548.32
4751,2025-06-01,6,28,3,0,Portugal,Standard,Corporate,72.31,0,433.86
4752,2025-05-10,14,137,3,1,Turkey,Family,Corporate,150.81,0,2111.34
4753,2026-04-14,7,108,4,1,Spain,Suite,Direct,298.33,0,2088.31
4754,2025-05-04,10,48,2,0,Egypt,Deluxe,OTA,182.4,0,1824.0
4755,2025-12-17,10,168,4,2,Greece,Standard,Corporate,45.0,0,450.0
4756,2026-03-22,14,148,2,0,UAE,Family,Corporate,238.08,1,0.0
4757,2025-11-23,10,29,1,0,Egypt,Superior,Corporate,95.24,0,952.4
4758,2026-05-12,1,169,2,0,Portugal,Family,Corporate,171.99,0,171.99
4759,2025-04-24,5,8,2,1,Portugal,Standard,OTA,52.34,0,261.7
4760,2026-01-09,12,4,4,0,UAE,Deluxe,Travel Agency,152.54,0,1830.48
4761,2025-09-20,10,72,1,2,UAE,Family,Travel Agency,161.39,0,1613.9
4762,2025-05-16,6,99,4,0,Portugal,Deluxe,Travel Agency,123.06,1,0.0
4763,2025-10-03,6,86,4,0,Portugal,Family,Corporate,142.96,0,857.76
4764,2025-08-04,4,86,4,0,France,Standard,Travel Agency,61.28,0,245.12
4765,2025-01-28,10,87,2,0,Portugal,Superior,Corporate,126.58,0,1265.8
4766,2026-04-27,3,135,4,0,Portugal,Family,Travel Agency,240.06,0,720.18
4767,2026-06-04,9,127,1,2,Turkey,Superior,Corporate,121.94,0,1097.46
4768,2026-02-17,1,60,2,1,Spain,Superior,Corporate,87.07,1,0.0
4769,2026-03-22,11,78,2,2,France,Suite,Travel Agency,231.26,0,2543.86
4770,2025-07-21,12,92,1,0,Portugal,Suite,Corporate,262.58,0,3150.96
4771,2025-04-16,7,90,2,1,Portugal,Family,Travel Agency,167.14,1,0.0
4772,2025-05-23,5,125,1,1,Turkey,Suite,Direct,273.14,0,1365.7
4773,2025-04-25,7,49,4,1,UAE,Standard,Corporate,134.43,1,0.0
4774,2025-06-27,6,155,2,0,Spain,Standard,Corporate,45.0,0,270.0
4775,2025-03-17,6,109,3,1,Spain,Family,OTA,156.53,0,939.18
4776,2025-08-02,1,122,4,0,Spain,Suite,Direct,224.32,0,224.32
4777,2025-07-21,4,78,4,2,Spain,Superior,OTA,147.35,0,589.4
4778,2026-05-07,5,59,2,1,France,Deluxe,Travel Agency,141.73,0,708.65
4779,2025-04-11,9,0,1,1,UAE,Suite,Direct,264.43,1,0.0
4780,2025-05-01,11,177,2,2,Turkey,Family,Travel Agency,179.49,0,1974.39
4781,2025-02-10,4,17,1,2,France,Suite,Corporate,234.76,0,939.04
4782,2025-04-07,5,111,2,2,UAE,Standard,Direct,95.21,0,476.05
4783,2025-05-29,1,48,2,2,Spain,Deluxe,Corporate,187.74,0,187.74
4784,2026-03-19,11,110,4,2,Turkey,Superior,OTA,45.0,0,495.0
4785,2025-10-25,14,48,3,0,Portugal,Deluxe,Travel Agency,178.67,0,2501.38
4786,2025-06-12,9,128,2,1,Greece,Family,Corporate,173.38,0,1560.42
4787,2025-09-05,5,160,3,0,Spain,Superior,Direct,115.2,0,576.0
4788,2025-07-03,14,114,2,0,Italy,Family,OTA,199.65,0,2795.1
4789,2025-03-18,7,40,2,0,UAE,Deluxe,OTA,156.67,1,0.0
4790,2025-06-11,7,113,3,2,France,Deluxe,Travel Agency,191.96,0,1343.72
4791,2026-06-08,4,176,2,0,Egypt,Suite,Corporate,186.9,0,747.6
4792,2026-05-15,10,61,4,2,Turkey,Suite,Direct,222.75,0,2227.5
4793,2025-06-25,14,134,2,1,France,Suite,Corporate,253.06,0,3542.84
4794,2026-05-07,5,127,3,1,Italy,Standard,Travel Agency,68.79,0,343.95
4795,2025-01-19,8,97,4,0,Egypt,Suite,Corporate,278.7,0,2229.6
4796,2025-11-18,3,72,1,0,Portugal,Superior,Direct,94.29,0,282.87
4797,2026-06-11,1,36,1,0,Spain,Deluxe,Direct,152.54,0,152.54
4798,2025-01-09,8,26,3,0,France,Suite,Travel Agency,221.16,0,1769.28
4799,2025-09-13,13,176,2,1,Spain,Superior,Corporate,107.56,0,1398.28
4800,2026-01-09,8,135,1,0,Egypt,Superior,Travel Agency,67.92,0,543.36
4801,2025-11-22,1,20,3,0,UAE,Superior,Direct,76.87,0,76.87
4802,2025-03-23,1,29,4,0,Turkey,Deluxe,Corporate,202.63,0,202.63
4803,2026-03-30,14,57,1,0,Portugal,Standard,Direct,80.42,0,1125.88
4804,2025-03-09,11,177,2,0,Greece,Standard,Corporate,70.87,1,0.0
4805,2026-01-04,7,7,2,0,Spain,Superior,Direct,82.4,0,576.8
4806,2026-04-01,4,116,2,0,Portugal,Standard,Direct,56.05,0,224.2
4807,2025-01-06,2,169,2,2,France,Family,OTA,223.8,0,447.6
4808,2025-03-20,14,141,3,0,France,Deluxe,Direct,151.95,0,2127.3
4809,2025-01-01,7,19,2,2,Egypt,Deluxe,Travel Agency,177.85,0,1244.95
4810,2026-03-13,7,13,2,0,Italy,Deluxe,OTA,80.0,0,560.0
4811,2025-12-16,9,10,2,1,Italy,Standard,Direct,65.71,0,591.39
4812,2025-02-03,5,86,1,0,UAE,Superior,Direct,154.06,0,770.3
4813,2025-04-26,10,83,3,1,Spain,Superior,Corporate,97.42,0,974.2
4814,2026-02-20,10,48,4,0,Portugal,Family,Corporate,149.66,0,1496.6
4815,2026-03-04,1,83,2,2,UAE,Family,OTA,185.72,0,185.72
4816,2025-11-21,8,89,1,0,France,Superior,Travel Agency,73.6,0,588.8
4817,2026-02-15,14,66,1,1,Turkey,Suite,Corporate,198.47,0,2778.58
4818,2025-04-23,13,125,2,0,Italy,Suite,OTA,278.75,0,3623.75
4819,2026-05-26,13,127,1,0,Turkey,Suite,Direct,221.03,0,2873.39
4820,2026-01-27,1,94,3,0,Italy,Suite,Corporate,255.56,0,255.56
4821,2025-12-05,6,125,1,2,France,Family,Corporate,225.05,0,1350.3
4822,2026-01-26,14,83,1,0,Turkey,Deluxe,Direct,151.1,0,2115.4
4823,2025-11-03,5,35,3,0,France,Family,Corporate,189.64,0,948.2
4824,2025-01-20,9,137,1,0,Spain,Standard,Travel Agency,45.0,0,405.0
4825,2025-05-07,4,112,4,2,Egypt,Superior,Corporate,88.84,0,355.36
4826,2026-06-07,5,158,2,0,Turkey,Superior,Travel Agency,153.6,0,768.0
4827,2025-03-06,7,144,4,2,Italy,Deluxe,OTA,141.02,0,987.14
4828,2025-01-06,8,97,4,2,Italy,Family,Direct,142.49,0,1139.92
4829,2025-02-15,7,136,1,0,Greece,Family,Travel Agency,188.23,1,0.0
4830,2026-04-29,3,171,2,2,Portugal,Family,Corporate,208.9,0,626.7
4831,2025-04-18,11,12,2,0,Italy,Family,Direct,162.5,0,1787.5
4832,2025-11-27,1,7,2,1,Spain,Standard,Corporate,93.3,0,93.3
4833,2025-12-23,13,28,4,2,Spain,Standard,Corporate,103.41,0,1344.33
4834,2026-04-30,9,64,2,2,Turkey,Deluxe,Travel Agency,145.18,1,0.0
4835,2026-04-13,7,26,3,1,Portugal,Family,Direct,166.5,1,0.0
4836,2026-03-20,7,124,2,0,France,Superior,OTA,158.82,0,1111.74
4837,2025-11-03,10,30,2,0,Spain,Suite,OTA,209.36,1,0.0
4838,2025-04-24,6,40,2,0,UAE,Suite,Corporate,243.37,0,1460.22
4839,2025-08-16,4,108,2,0,Spain,Suite,Direct,237.28,1,0.0
4840,2025-06-24,11,11,2,2,Turkey,Deluxe,Corporate,147.1,0,1618.1
4841,2026-02-05,10,136,3,0,Italy,Superior,OTA,131.83,0,1318.3
4842,2025-12-17,13,103,2,0,Greece,Family,Direct,190.22,0,2472.86
4843,2025-01-15,14,143,3,0,France,Deluxe,Corporate,157.49,0,2204.86
4844,2025-02-09,13,17,2,0,Spain,Family,OTA,133.61,0,1736.93
4845,2026-04-14,1,57,2,0,UAE,Suite,Direct,216.84,0,216.84
4846,2025-11-22,2,100,2,1,Italy,Family,Corporate,168.46,0,336.92
4847,2025-06-05,10,103,2,2,Egypt,Superior,Corporate,112.38,0,1123.8
4848,2025-02-25,3,92,2,1,Portugal,Superior,OTA,153.21,0,459.63
4849,2025-03-04,10,37,2,0,Turkey,Deluxe,Direct,151.71,0,1517.1
4850,2025-01-21,7,157,2,0,Portugal,Suite,Corporate,260.45,0,1823.15
4851,2025-07-29,14,166,3,1,Italy,Suite,OTA,238.25,1,0.0
4852,2025-10-22,2,14,1,0,Egypt,Family,Travel Agency,193.14,0,386.28
4853,2025-10-27,9,73,2,2,Greece,Standard,Direct,80.18,0,721.62
4854,2025-10-11,7,15,2,0,Egypt,Standard,Corporate,52.93,0,370.51
4855,2025-02-09,7,70,3,0,Portugal,Deluxe,Direct,164.48,0,1151.36
4856,2025-10-19,5,119,3,0,UAE,Suite,OTA,251.68,0,1258.4
4857,2025-03-01,5,120,1,0,Portugal,Suite,Direct,204.22,0,1021.1
4858,2025-06-13,14,116,2,0,UAE,Standard,OTA,78.25,0,1095.5
4859,2025-01-05,11,12,2,0,Italy,Suite,Travel Agency,238.0,0,2618.0
4860,2026-05-18,6,76,2,0,Spain,Suite,Travel Agency,224.71,0,1348.26
4861,2025-07-04,8,78,1,1,France,Suite,OTA,211.59,0,1692.72
4862,2026-05-29,6,0,2,0,UAE,Deluxe,OTA,155.79,0,934.74
4863,2025-07-08,1,94,4,0,UAE,Standard,Travel Agency,120.1,0,120.1
4864,2026-01-14,1,29,2,0,France,Deluxe,Corporate,166.98,0,166.98
4865,2025-03-24,2,112,3,2,Portugal,Deluxe,Direct,111.22,0,222.44
4866,2026-01-06,2,53,3,0,Turkey,Standard,Direct,117.63,0,235.26
4867,2026-01-03,12,23,2,0,France,Standard,Direct,113.07,0,1356.84
4868,2026-05-20,5,161,1,0,UAE,Standard,Travel Agency,66.21,0,331.05
4869,2026-03-15,10,154,2,0,France,Family,Corporate,218.23,0,2182.3
4870,2025-05-29,13,97,3,2,Turkey,Family,OTA,137.72,0,1790.36
4871,2026-06-08,8,156,2,0,France,Deluxe,OTA,137.18,1,0.0
4872,2025-07-28,10,12,2,0,UAE,Family,OTA,163.91,0,1639.1
4873,2026-02-26,13,11,2,0,France,Deluxe,Direct,114.45,0,1487.85
4874,2025-07-28,8,52,3,0,Italy,Superior,Travel Agency,115.38,0,923.04
4875,2025-03-13,10,56,2,1,Turkey,Superior,Corporate,89.76,0,897.6
4876,2025-11-01,4,109,2,0,Italy,Deluxe,Travel Agency,118.72,0,474.88
4877,2025-10-14,6,107,3,0,UAE,Standard,Travel Agency,72.9,0,437.4
4878,2025-04-22,5,97,4,0,Italy,Suite,Corporate,279.19,0,1395.95
4879,2026-05-06,7,58,2,0,France,Superior,Direct,132.25,0,925.75
4880,2025-10-15,3,53,2,0,Greece,Standard,Corporate,90.52,0,271.56
4881,2025-01-05,13,37,2,0,France,Family,Direct,161.35,0,2097.55
4882,2025-09-22,1,6,2,0,Egypt,Family,Corporate,139.64,0,139.64
4883,2026-06-12,5,119,1,1,France,Family,Direct,147.04,0,735.2
4884,2025-06-14,8,80,2,2,Egypt,Family,OTA,195.55,0,1564.4
4885,2026-02-28,9,7,2,0,Portugal,Superior,Direct,89.55,0,805.95
4886,2026-06-23,3,51,2,0,Portugal,Standard,Direct,83.08,0,249.24
4887,2025-06-23,5,118,2,0,Portugal,Deluxe,Direct,160.83,0,804.15
4888,2026-06-21,12,101,2,0,Spain,Suite,Corporate,199.91,0,2398.92
4889,2025-07-12,7,117,3,0,Italy,Family,Corporate,174.44,0,1221.08
4890,2025-01-12,1,96,2,2,Italy,Superior,Corporate,118.59,0,118.59
4891,2025-02-18,5,41,2,0,Turkey,Family,Travel Agency,221.88,0,1109.4
4892,2026-05-31,1,108,3,0,Portugal,Suite,OTA,242.61,0,242.61
4893,2025-06-10,11,73,1,2,Portugal,Suite,Corporate,259.2,1,0.0
4894,2025-01-09,4,31,1,2,Spain,Suite,OTA,226.84,0,907.36
4895,2025-09-28,9,1,3,2,UAE,Deluxe,Travel Agency,175.82,0,1582.38
4896,2026-06-28,8,141,3,0,Turkey,Suite,OTA,207.25,0,1658.0
4897,2025-07-17,5,106,2,2,Egypt,Family,OTA,186.71,1,0.0
4898,2026-02-01,1,46,1,0,Italy,Suite,Direct,243.81,0,243.81
4899,2026-03-09,12,108,4,1,Turkey,Standard,Travel Agency,110.81,0,1329.72
4900,2026-05-03,11,175,2,0,Spain,Suite,Corporate,250.93,0,2760.23
4901,2025-01-09,14,179,2,1,France,Deluxe,OTA,144.07,0,2016.98
4902,2026-03-26,2,32,2,2,Portugal,Standard,Travel Agency,105.7,1,0.0
4903,2025-03-24,6,81,2,2,Italy,Superior,Corporate,120.53,0,723.18
4904,2025-07-25,12,19,2,0,Italy,Family,Travel Agency,149.62,0,1795.44
4905,2026-02-02,3,69,2,2,Turkey,Deluxe,OTA,145.68,0,437.04
4906,2025-07-21,14,28,2,2,France,Family,OTA,146.77,0,2054.78
4907,2025-02-09,6,166,3,1,Egypt,Family,OTA,183.42,1,0.0
4908,2025-02-02,9,79,1,1,Turkey,Family,Travel Agency,186.31,0,1676.79
4909,2025-01-14,13,29,2,1,Portugal,Deluxe,Corporate,191.89,0,2494.57
4910,2026-01-31,3,29,3,2,Portugal,Suite,Travel Agency,235.15,0,705.45
4911,2026-03-14,6,161,2,0,UAE,Deluxe,OTA,141.09,1,0.0
4912,2025-09-27,6,143,2,1,Portugal,Superior,OTA,71.87,1,0.0
4913,2025-02-26,8,41,2,1,Portugal,Suite,Travel Agency,235.13,1,0.0
4914,2025-02-14,7,170,1,0,UAE,Deluxe,Direct,142.37,0,996.59
4915,2025-08-22,9,41,2,0,Egypt,Suite,OTA,242.08,1,0.0
4916,2025-08-31,10,34,2,2,Egypt,Superior,OTA,101.67,0,1016.7
4917,2026-01-02,11,64,2,2,Egypt,Superior,Corporate,101.71,0,1118.81
4918,2026-03-18,2,15,2,0,Egypt,Deluxe,Corporate,152.01,0,304.02
4919,2025-10-03,11,141,1,2,Turkey,Superior,Corporate,106.98,1,0.0
4920,2025-03-23,12,78,3,0,Egypt,Superior,Corporate,101.25,0,1215.0
4921,2025-08-26,11,93,1,1,Spain,Standard,Direct,71.0,0,781.0
4922,2025-06-02,14,109,2,0,Egypt,Standard,Corporate,130.78,1,0.0
4923,2025-03-19,5,154,1,2,Italy,Standard,Direct,70.31,0,351.55
4924,2025-04-19,7,100,2,2,UAE,Deluxe,Travel Agency,143.82,0,1006.74
4925,2025-11-15,12,63,1,0,Italy,Family,Travel Agency,132.25,0,1587.0
4926,2026-02-14,3,167,4,1,Turkey,Superior,Direct,135.93,0,407.79
4927,2025-11-19,3,33,2,2,Portugal,Superior,Direct,53.27,0,159.81
4928,2026-05-27,13,50,2,0,Egypt,Family,Travel Agency,150.57,0,1957.41
4929,2026-02-14,10,27,1,1,Spain,Suite,Corporate,253.58,0,2535.8
4930,2025-03-09,14,30,2,0,Greece,Deluxe,Direct,104.81,1,0.0
4931,2025-05-31,6,8,1,1,Turkey,Superior,OTA,92.76,1,0.0
4932,2026-04-15,7,65,2,0,Turkey,Family,Travel Agency,173.67,0,1215.69
4933,2025-05-24,7,172,4,0,Spain,Deluxe,OTA,146.63,0,1026.41
4934,2025-10-19,8,125,4,0,Italy,Standard,Corporate,62.06,0,496.48
4935,2025-01-16,3,130,2,2,UAE,Superior,Corporate,129.35,0,388.05
4936,2025-12-18,6,153,4,2,Portugal,Deluxe,OTA,171.03,1,0.0
4937,2025-03-02,5,17,4,0,UAE,Superior,OTA,124.36,0,621.8
4938,2025-08-22,1,25,2,0,Greece,Standard,OTA,67.57,0,67.57
4939,2025-05-18,10,126,2,0,Turkey,Deluxe,OTA,153.35,0,1533.5
4940,2025-08-22,13,37,3,0,UAE,Family,Corporate,159.71,1,0.0
4941,2026-05-26,12,164,4,0,Spain,Deluxe,Corporate,211.0,0,2532.0
4942,2026-04-11,3,67,4,1,Turkey,Suite,Corporate,247.53,0,742.59
4943,2025-06-03,13,130,2,0,Italy,Suite,Direct,227.71,0,2960.23
4944,2026-02-24,8,160,4,0,Spain,Standard,Corporate,134.43,0,1075.44
4945,2025-10-26,5,44,3,2,France,Suite,OTA,230.6,1,0.0
4946,2025-03-09,7,162,2,0,Italy,Superior,OTA,116.53,0,815.71
4947,2026-03-10,6,129,2,2,Portugal,Standard,OTA,99.79,0,598.74
4948,2025-10-19,9,151,1,0,UAE,Deluxe,Corporate,135.7,0,1221.3
4949,2025-04-01,6,135,4,0,Greece,Deluxe,Travel Agency,133.97,0,803.82
4950,2026-01-23,6,29,4,0,Greece,Deluxe,OTA,191.47,0,1148.82
4951,2025-09-29,5,14,4,1,Spain,Suite,Direct,264.61,0,1323.05
4952,2026-03-01,14,166,2,0,Greece,Suite,Travel Agency,259.77,1,0.0
4953,2025-10-27,4,82,2,2,Turkey,Deluxe,Direct,169.68,0,678.72
4954,2026-04-29,4,176,4,0,France,Suite,OTA,251.49,0,1005.96
4955,2025-03-17,11,25,1,0,Egypt,Deluxe,OTA,200.44,0,2204.84
4956,2025-04-07,11,130,1,0,Turkey,Deluxe,Corporate,151.1,0,1662.1
4957,2026-06-02,10,55,2,1,Spain,Family,Direct,154.38,0,1543.8
4958,2026-01-14,14,7,2,0,UAE,Standard,Corporate,49.98,0,699.72
4959,2025-05-14,7,171,2,0,Portugal,Family,OTA,164.94,0,1154.58
4960,2025-09-19,12,168,2,0,Egypt,Deluxe,Corporate,75.16,0,901.92
4961,2025-06-06,1,126,3,2,Spain,Deluxe,Corporate,184.62,0,184.62
4962,2025-02-11,8,131,3,0,Portugal,Suite,Corporate,249.92,1,0.0
4963,2026-05-22,11,84,2,0,Egypt,Superior,Corporate,89.17,0,980.87
4964,2025-04-22,13,132,2,0,Turkey,Deluxe,Direct,176.65,0,2296.45
4965,2025-08-18,9,92,2,2,France,Suite,OTA,209.93,0,1889.37
4966,2026-02-14,13,37,4,2,Spain,Standard,Corporate,55.25,1,0.0
4967,2025-12-27,2,80,3,2,UAE,Superior,Corporate,111.95,1,0.0
4968,2025-10-18,8,139,4,1,Italy,Deluxe,Travel Agency,188.6,0,1508.8
4969,2025-08-18,4,52,1,1,Greece,Standard,OTA,89.63,0,358.52
4970,2025-11-02,14,126,2,1,Italy,Suite,Corporate,172.31,0,2412.34
4971,2025-04-08,14,118,2,0,Spain,Superior,Direct,85.85,0,1201.9
4972,2025-01-21,13,5,1,0,Portugal,Suite,Corporate,219.7,0,2856.1
4973,2025-11-12,11,156,3,0,Portugal,Standard,Direct,85.09,0,935.99
4974,2025-12-26,2,162,2,0,Greece,Suite,Direct,204.73,0,409.46
4975,2026-03-08,4,24,3,0,UAE,Superior,Corporate,76.77,0,307.08
4976,2026-01-28,10,53,2,2,Portugal,Suite,OTA,232.89,0,2328.9
4977,2026-05-25,5,172,2,0,France,Family,Corporate,191.07,0,955.35
4978,2025-11-21,4,22,1,0,France,Deluxe,OTA,168.02,1,0.0
4979,2026-05-19,3,168,1,1,UAE,Family,OTA,176.93,0,530.79
4980,2025-04-10,5,166,2,0,Turkey,Standard,Corporate,102.23,1,0.0
4981,2025-10-04,6,173,3,1,France,Deluxe,OTA,213.65,0,1281.9
4982,2025-10-12,1,147,4,0,Portugal,Family,Direct,217.81,1,0.0
4983,2025-12-30,8,58,4,1,UAE,Standard,Corporate,66.94,0,535.52
4984,2025-03-02,6,172,1,2,France,Deluxe,Direct,113.72,0,682.32
4985,2025-05-02,13,7,2,0,Egypt,Family,OTA,164.85,0,2143.05
4986,2025-01-20,8,90,3,0,Turkey,Deluxe,Travel Agency,126.33,0,1010.64
4987,2026-03-01,7,19,3,1,Egypt,Family,Corporate,186.28,0,1303.96
4988,2025-01-10,2,85,1,0,Greece,Deluxe,Direct,120.47,0,240.94
4989,2025-03-25,1,47,2,0,UAE,Family,Corporate,172.48,0,172.48
4990,2025-11-08,8,94,2,1,UAE,Family,OTA,151.34,0,1210.72
4991,2025-05-23,10,164,2,1,Turkey,Standard,Direct,71.81,0,718.1
4992,2025-12-12,1,110,3,0,Spain,Superior,OTA,108.96,0,108.96
4993,2025-09-07,1,156,2,1,France,Standard,Travel Agency,95.26,0,95.26
4994,2026-05-12,11,5,2,0,Egypt,Deluxe,OTA,149.11,1,0.0
4995,2026-04-19,4,3,2,0,Turkey,Superior,Direct,94.71,0,378.84
4996,2026-05-18,12,135,1,1,France,Suite,OTA,259.69,0,3116.28
4997,2025-03-05,10,166,2,0,UAE,Standard,Corporate,80.47,0,804.7
4998,2025-04-25,14,12,2,1,Italy,Family,Direct,161.97,0,2267.58
4999,2025-08-14,7,117,1,0,Spain,Deluxe,Direct,165.95,0,1161.65
5000,2025-05-03,8,168,3,1,Portugal,Suite,Corporate,245.32,0,1962.56
