Booking_ID,Booking_Date,Destination,Channel,Booking_Type,Customer_Segment,Supplier,Quantity,Revenue_EUR,Cost_EUR,Status,Profit_EUR,Month,Cancellation_Flag,Year,Month_Name,Month_Number
B0001,2025-04-25,Spain,B2C,Package,Business,Supplier B,1,1423.85,1184.3,Cancelled,239.55,2025-04,1,2025,Apr,4
B0002,2025-03-31,Azerbaijan,B2C,Transfer,Leisure,Supplier A,1,91.32,66.49,Confirmed,24.83,2025-03,0,2025,Mar,3
B0003,2025-08-27,Thailand,B2C,Flight,Couple,Supplier B,2,922.99,649.51,Completed,273.48,2025-08,0,2025,Aug,8
B0004,2025-10-12,Spain,B2B,Hotel,Family,Supplier C,1,656.04,557.53,Confirmed,98.51,2025-10,0,2025,Oct,10
B0005,2025-08-09,UAE,B2C,Flight,Couple,Supplier A,1,278.48,210.19,Confirmed,68.29,2025-08,0,2025,Aug,8
B0006,2025-12-19,Azerbaijan,B2C,Package,Couple,Supplier E,1,1086.99,845.41,Confirmed,241.58,2025-12,0,2025,Dec,12
B0007,2026-01-23,Italy,B2B,Package,Business,Supplier A,1,895.51,673.95,Confirmed,221.56,2026-01,0,2026,Jan,1
B0008,2025-08-22,Turkey,B2C,Flight,Leisure,Supplier D,1,348.16,272.29,Completed,75.87,2025-08,0,2025,Aug,8
B0009,2026-04-10,UAE,B2B,Hotel,Family,Supplier B,1,550.21,443.82,Confirmed,106.39,2026-04,0,2026,Apr,4
B0010,2025-03-15,Azerbaijan,B2C,Hotel,Business,Supplier D,2,649.16,525.4,Confirmed,123.76,2025-03,0,2025,Mar,3
B0011,2025-10-04,Thailand,B2B,Hotel,Leisure,Supplier B,1,449.18,369.75,Confirmed,79.43,2025-10,0,2025,Oct,10
B0012,2025-11-20,Egypt,B2C,Package,Business,Supplier E,1,1147.91,828.75,Confirmed,319.16,2025-11,0,2025,Nov,11
B0013,2025-08-06,Portugal,B2B,Transfer,Business,Supplier C,1,116.88,88.37,Confirmed,28.51,2025-08,0,2025,Aug,8
B0014,2025-09-10,Thailand,B2B,Package,Couple,Supplier C,1,822.7,656.85,Confirmed,165.85,2025-09,0,2025,Sep,9
B0015,2025-05-22,Thailand,B2C,Transfer,Leisure,Supplier A,1,114.64,82.07,Confirmed,32.57,2025-05,0,2025,May,5
B0016,2025-06-13,Egypt,B2B,Flight,Couple,Supplier E,2,670.71,474.96,Confirmed,195.75,2025-06,0,2025,Jun,6
B0017,2026-06-26,Turkey,B2C,Flight,Family,Supplier C,1,187.52,159.24,Confirmed,28.28,2026-06,0,2026,Jun,6
B0018,2025-10-28,Egypt,B2B,Hotel,Leisure,Supplier C,3,1293.48,970.84,Confirmed,322.64,2025-10,0,2025,Oct,10
B0019,2025-07-02,Thailand,B2B,Flight,Business,Supplier B,1,349.04,249.01,Completed,100.03,2025-07,0,2025,Jul,7
B0020,2025-06-15,Thailand,B2B,Flight,Couple,Supplier A,1,285.5,239.54,Confirmed,45.96,2025-06,0,2025,Jun,6
B0021,2026-01-07,Turkey,B2C,Hotel,Business,Supplier E,1,695.89,583.73,Confirmed,112.16,2026-01,0,2026,Jan,1
B0022,2025-03-29,Portugal,B2C,Flight,Business,Supplier D,3,1210.33,925.33,Confirmed,285.0,2025-03,0,2025,Mar,3
B0023,2025-06-19,Turkey,B2C,Transfer,Business,Supplier C,2,207.62,157.7,Confirmed,49.92,2025-06,0,2025,Jun,6
B0024,2026-01-18,Portugal,B2C,Transfer,Business,Supplier B,1,120.95,91.44,Confirmed,29.51,2026-01,0,2026,Jan,1
B0025,2025-12-13,Spain,B2C,Hotel,Leisure,Supplier A,1,662.85,569.85,Confirmed,93.0,2025-12,0,2025,Dec,12
B0026,2025-08-23,Italy,B2B,Flight,Leisure,Supplier E,1,441.52,318.57,Completed,122.95,2025-08,0,2025,Aug,8
B0027,2025-10-13,Portugal,B2C,Hotel,Couple,Supplier B,2,1189.29,997.55,Confirmed,191.74,2025-10,0,2025,Oct,10
B0028,2026-02-21,Greece,B2C,Flight,Couple,Supplier C,2,915.62,727.09,Confirmed,188.53,2026-02,0,2026,Feb,2
B0029,2026-02-25,Portugal,B2C,Flight,Leisure,Supplier D,1,327.8,248.01,Confirmed,79.79,2026-02,0,2026,Feb,2
B0030,2025-04-22,Greece,B2C,Hotel,Couple,Supplier B,2,989.58,854.37,Confirmed,135.21,2025-04,0,2025,Apr,4
B0031,2025-07-07,Turkey,B2C,Transfer,Leisure,Supplier D,3,402.94,298.65,Confirmed,104.29,2025-07,0,2025,Jul,7
B0032,2025-04-11,Spain,B2C,Flight,Business,Supplier B,2,547.13,411.53,Confirmed,135.6,2025-04,0,2025,Apr,4
B0033,2026-05-13,Portugal,B2B,Hotel,Leisure,Supplier B,2,1356.82,1146.05,Confirmed,210.77,2026-05,0,2026,May,5
B0034,2025-01-03,Egypt,B2B,Package,Family,Supplier D,3,4095.19,3524.57,Confirmed,570.62,2025-01,0,2025,Jan,1
B0035,2026-05-14,France,B2B,Hotel,Business,Supplier A,3,1301.55,964.49,Confirmed,337.06,2026-05,0,2026,May,5
B0036,2025-03-04,UAE,B2C,Flight,Couple,Supplier E,3,871.92,738.73,Completed,133.19,2025-03,0,2025,Mar,3
B0037,2025-06-11,Spain,B2C,Flight,Leisure,Supplier E,1,320.46,248.4,Confirmed,72.06,2025-06,0,2025,Jun,6
B0038,2025-08-29,Egypt,B2C,Flight,Leisure,Supplier E,1,298.98,215.74,Confirmed,83.24,2025-08,0,2025,Aug,8
B0039,2026-03-06,Azerbaijan,B2B,Package,Business,Supplier C,1,1193.55,946.94,Completed,246.61,2026-03,0,2026,Mar,3
B0040,2025-09-29,Egypt,B2B,Hotel,Couple,Supplier C,1,601.09,460.11,Completed,140.98,2025-09,0,2025,Sep,9
B0041,2025-01-10,Portugal,B2C,Flight,Business,Supplier E,1,148.08,111.25,Confirmed,36.83,2025-01,0,2025,Jan,1
B0042,2025-05-16,UAE,B2C,Flight,Family,Supplier C,1,317.62,257.18,Confirmed,60.44,2025-05,0,2025,May,5
B0043,2026-03-25,Thailand,B2C,Package,Family,Supplier A,1,1182.67,858.71,Confirmed,323.96,2026-03,0,2026,Mar,3
B0044,2025-09-28,Italy,B2C,Flight,Family,Supplier C,3,1041.06,913.44,Confirmed,127.62,2025-09,0,2025,Sep,9
B0045,2025-08-04,UAE,B2B,Hotel,Couple,Supplier C,1,712.79,529.44,Completed,183.35,2025-08,0,2025,Aug,8
B0046,2025-04-05,Egypt,B2C,Package,Leisure,Supplier C,1,1513.18,1159.4,Cancelled,353.78,2025-04,1,2025,Apr,4
B0047,2025-09-26,France,B2B,Transfer,Leisure,Supplier A,1,110.61,79.22,Completed,31.39,2025-09,0,2025,Sep,9
B0048,2025-06-02,Thailand,B2B,Flight,Business,Supplier D,1,516.26,391.19,Confirmed,125.07,2025-06,0,2025,Jun,6
B0049,2025-02-12,Turkey,B2C,Package,Family,Supplier B,1,1284.88,1056.12,Confirmed,228.76,2025-02,0,2025,Feb,2
B0050,2025-04-16,UAE,B2C,Transfer,Business,Supplier B,1,81.61,64.65,Confirmed,16.96,2025-04,0,2025,Apr,4
B0051,2026-02-27,Spain,B2B,Hotel,Couple,Supplier B,1,379.38,312.75,Confirmed,66.63,2026-02,0,2026,Feb,2
B0052,2025-06-13,Italy,B2C,Transfer,Couple,Supplier B,1,107.6,93.46,Confirmed,14.14,2025-06,0,2025,Jun,6
B0053,2026-04-17,UAE,B2C,Package,Business,Supplier A,1,975.86,845.53,Completed,130.33,2026-04,0,2026,Apr,4
B0054,2026-02-13,UAE,B2C,Package,Family,Supplier C,3,3411.84,2546.7,Cancelled,865.14,2026-02,1,2026,Feb,2
B0055,2026-02-14,Thailand,B2C,Package,Leisure,Supplier C,1,1329.61,1057.49,Confirmed,272.12,2026-02,0,2026,Feb,2
B0056,2025-09-29,Spain,B2B,Flight,Family,Supplier C,2,874.24,626.62,Completed,247.62,2025-09,0,2025,Sep,9
B0057,2026-06-08,Italy,B2C,Transfer,Family,Supplier A,2,203.83,155.12,Confirmed,48.71,2026-06,0,2026,Jun,6
B0058,2025-01-02,Thailand,B2B,Hotel,Couple,Supplier A,1,658.21,546.76,Completed,111.45,2025-01,0,2025,Jan,1
B0059,2025-11-18,Italy,B2B,Package,Couple,Supplier C,2,2675.34,2181.92,Confirmed,493.42,2025-11,0,2025,Nov,11
B0060,2025-10-30,Thailand,B2C,Hotel,Couple,Supplier D,1,592.38,431.9,Completed,160.48,2025-10,0,2025,Oct,10
B0061,2025-11-05,Egypt,B2B,Flight,Family,Supplier B,2,692.52,485.39,Confirmed,207.13,2025-11,0,2025,Nov,11
B0062,2025-11-26,Portugal,B2B,Transfer,Business,Supplier E,2,152.0,121.41,Completed,30.59,2025-11,0,2025,Nov,11
B0063,2025-06-23,Italy,B2B,Package,Leisure,Supplier B,1,833.04,689.92,Confirmed,143.12,2025-06,0,2025,Jun,6
B0064,2025-08-19,Greece,B2C,Hotel,Leisure,Supplier B,2,1278.54,969.86,Completed,308.68,2025-08,0,2025,Aug,8
B0065,2025-03-16,Portugal,B2C,Transfer,Couple,Supplier D,2,241.25,197.43,Cancelled,43.82,2025-03,1,2025,Mar,3
B0066,2025-09-07,France,B2C,Flight,Couple,Supplier B,1,356.99,255.91,Confirmed,101.08,2025-09,0,2025,Sep,9
B0067,2026-06-15,Portugal,B2C,Flight,Leisure,Supplier D,1,240.3,210.3,Confirmed,30.0,2026-06,0,2026,Jun,6
B0068,2026-04-21,Thailand,B2B,Package,Couple,Supplier E,2,1928.93,1659.98,Cancelled,268.95,2026-04,1,2026,Apr,4
B0069,2025-06-12,Portugal,B2B,Transfer,Business,Supplier C,3,286.04,229.93,Confirmed,56.11,2025-06,0,2025,Jun,6
B0070,2026-05-12,Greece,B2B,Package,Leisure,Supplier C,1,1758.74,1292.93,Completed,465.81,2026-05,0,2026,May,5
B0071,2025-10-06,UAE,B2C,Package,Business,Supplier B,1,875.19,760.79,Completed,114.4,2025-10,0,2025,Oct,10
B0072,2026-01-28,France,B2C,Hotel,Couple,Supplier D,1,612.95,530.0,Confirmed,82.95,2026-01,0,2026,Jan,1
B0073,2026-04-23,Egypt,B2C,Flight,Couple,Supplier D,3,1087.21,949.63,Completed,137.58,2026-04,0,2026,Apr,4
B0074,2025-01-21,Azerbaijan,B2B,Transfer,Leisure,Supplier C,1,93.06,70.07,Confirmed,22.99,2025-01,0,2025,Jan,1
B0075,2026-02-04,Egypt,B2B,Hotel,Business,Supplier C,2,944.97,690.31,Cancelled,254.66,2026-02,1,2026,Feb,2
B0076,2026-05-13,Spain,B2B,Transfer,Couple,Supplier B,2,235.56,204.59,Completed,30.97,2026-05,0,2026,May,5
B0077,2025-05-11,Azerbaijan,B2B,Flight,Leisure,Supplier A,2,481.61,390.44,Completed,91.17,2025-05,0,2025,May,5
B0078,2025-05-19,Portugal,B2C,Hotel,Family,Supplier D,1,563.24,408.47,Confirmed,154.77,2025-05,0,2025,May,5
B0079,2025-08-05,Portugal,B2B,Package,Couple,Supplier C,2,2750.45,2270.39,Completed,480.06,2025-08,0,2025,Aug,8
B0080,2025-09-16,Italy,B2C,Transfer,Leisure,Supplier C,1,109.92,84.06,Confirmed,25.86,2025-09,0,2025,Sep,9
B0081,2025-03-12,Spain,B2C,Flight,Business,Supplier A,3,1098.44,940.34,Completed,158.1,2025-03,0,2025,Mar,3
B0082,2025-06-06,Greece,B2B,Hotel,Leisure,Supplier E,1,617.68,489.23,Confirmed,128.45,2025-06,0,2025,Jun,6
B0083,2026-04-22,Turkey,B2C,Package,Leisure,Supplier B,1,1449.81,1198.06,Completed,251.75,2026-04,0,2026,Apr,4
B0084,2025-04-21,Azerbaijan,B2B,Flight,Couple,Supplier D,1,421.75,362.79,Confirmed,58.96,2025-04,0,2025,Apr,4
B0085,2025-03-19,Azerbaijan,B2C,Hotel,Family,Supplier E,1,423.15,340.25,Confirmed,82.9,2025-03,0,2025,Mar,3
B0086,2025-02-12,UAE,B2B,Transfer,Leisure,Supplier E,1,88.7,69.52,Confirmed,19.18,2025-02,0,2025,Feb,2
B0087,2025-01-13,Egypt,B2C,Transfer,Couple,Supplier C,2,226.51,159.8,Confirmed,66.71,2025-01,0,2025,Jan,1
B0088,2025-06-06,Egypt,B2B,Hotel,Couple,Supplier D,2,592.31,502.32,Confirmed,89.99,2025-06,0,2025,Jun,6
B0089,2025-10-02,UAE,B2C,Hotel,Family,Supplier D,1,549.72,460.99,Confirmed,88.73,2025-10,0,2025,Oct,10
B0090,2026-04-21,Azerbaijan,B2B,Transfer,Leisure,Supplier D,1,66.33,53.87,Confirmed,12.46,2026-04,0,2026,Apr,4
B0091,2025-07-06,Portugal,B2B,Hotel,Family,Supplier C,1,546.89,436.04,Cancelled,110.85,2025-07,1,2025,Jul,7
B0092,2025-10-10,Thailand,B2C,Flight,Leisure,Supplier B,2,523.23,434.65,Completed,88.58,2025-10,0,2025,Oct,10
B0093,2026-05-16,Thailand,B2B,Hotel,Couple,Supplier D,1,233.8,197.12,Confirmed,36.68,2026-05,0,2026,May,5
B0094,2025-04-06,Turkey,B2B,Hotel,Business,Supplier C,3,1704.58,1327.89,Confirmed,376.69,2025-04,0,2025,Apr,4
B0095,2026-01-13,Portugal,B2B,Package,Family,Supplier C,2,2853.49,2207.49,Confirmed,646.0,2026-01,0,2026,Jan,1
B0096,2025-10-05,Turkey,B2C,Package,Leisure,Supplier B,1,1553.01,1130.84,Confirmed,422.17,2025-10,0,2025,Oct,10
B0097,2025-05-03,Thailand,B2C,Hotel,Business,Supplier D,1,806.94,660.75,Confirmed,146.19,2025-05,0,2025,May,5
B0098,2026-06-22,Azerbaijan,B2C,Package,Business,Supplier C,1,1391.74,1213.42,Completed,178.32,2026-06,0,2026,Jun,6
B0099,2026-01-05,France,B2C,Package,Business,Supplier C,1,1992.75,1545.43,Confirmed,447.32,2026-01,0,2026,Jan,1
B0100,2025-02-25,Thailand,B2C,Package,Couple,Supplier A,1,1611.36,1231.2,Completed,380.16,2025-02,0,2025,Feb,2
B0101,2025-10-19,Portugal,B2B,Transfer,Family,Supplier B,1,106.81,83.88,Confirmed,22.93,2025-10,0,2025,Oct,10
B0102,2025-09-16,Portugal,B2C,Flight,Couple,Supplier D,1,389.41,307.05,Confirmed,82.36,2025-09,0,2025,Sep,9
B0103,2025-02-24,France,B2B,Hotel,Leisure,Supplier B,1,501.81,387.26,Cancelled,114.55,2025-02,1,2025,Feb,2
B0104,2026-03-03,Azerbaijan,B2B,Hotel,Couple,Supplier D,1,351.34,286.1,Confirmed,65.24,2026-03,0,2026,Mar,3
B0105,2026-03-16,Turkey,B2C,Flight,Business,Supplier B,1,449.14,355.07,Completed,94.07,2026-03,0,2026,Mar,3
B0106,2025-03-25,France,B2C,Hotel,Leisure,Supplier B,1,322.9,264.31,Confirmed,58.59,2025-03,0,2025,Mar,3
B0107,2026-02-23,Portugal,B2B,Transfer,Leisure,Supplier B,1,100.29,70.68,Cancelled,29.61,2026-02,1,2026,Feb,2
B0108,2025-10-17,Portugal,B2C,Flight,Family,Supplier E,1,266.22,231.41,Cancelled,34.81,2025-10,1,2025,Oct,10
B0109,2026-03-12,Italy,B2C,Hotel,Family,Supplier B,1,779.81,610.19,Confirmed,169.62,2026-03,0,2026,Mar,3
B0110,2025-03-03,France,B2B,Package,Couple,Supplier A,2,1633.53,1420.29,Confirmed,213.24,2025-03,0,2025,Mar,3
B0111,2025-11-08,Egypt,B2B,Package,Couple,Supplier A,3,4045.04,2883.36,Confirmed,1161.68,2025-11,0,2025,Nov,11
B0112,2025-02-10,Egypt,B2B,Package,Leisure,Supplier A,1,1032.06,879.4,Confirmed,152.66,2025-02,0,2025,Feb,2
B0113,2025-01-22,Turkey,B2C,Flight,Couple,Supplier E,2,534.39,385.44,Completed,148.95,2025-01,0,2025,Jan,1
B0114,2025-10-12,France,B2B,Transfer,Leisure,Supplier D,1,117.6,95.63,Completed,21.97,2025-10,0,2025,Oct,10
B0115,2026-02-23,UAE,B2C,Package,Business,Supplier C,2,3069.0,2304.1,Confirmed,764.9,2026-02,0,2026,Feb,2
B0116,2026-05-23,Turkey,B2C,Transfer,Couple,Supplier A,1,111.75,93.32,Completed,18.43,2026-05,0,2026,May,5
B0117,2025-09-16,UAE,B2B,Flight,Leisure,Supplier E,2,636.25,487.98,Completed,148.27,2025-09,0,2025,Sep,9
B0118,2026-02-28,Spain,B2B,Hotel,Couple,Supplier D,1,557.74,424.63,Completed,133.11,2026-02,0,2026,Feb,2
B0119,2025-07-28,Turkey,B2B,Hotel,Couple,Supplier D,1,507.09,423.5,Completed,83.59,2025-07,0,2025,Jul,7
B0120,2025-01-30,Azerbaijan,B2C,Hotel,Family,Supplier E,1,706.14,507.41,Completed,198.73,2025-01,0,2025,Jan,1
B0121,2026-02-22,Italy,B2C,Hotel,Couple,Supplier A,1,737.39,558.65,Completed,178.74,2026-02,0,2026,Feb,2
B0122,2026-05-26,Turkey,B2B,Package,Couple,Supplier D,1,1257.35,968.23,Confirmed,289.12,2026-05,0,2026,May,5
B0123,2026-04-13,Thailand,B2B,Hotel,Business,Supplier E,3,1767.04,1539.28,Cancelled,227.76,2026-04,1,2026,Apr,4
B0124,2025-05-20,Italy,B2B,Package,Family,Supplier E,1,1204.45,980.1,Confirmed,224.35,2025-05,0,2025,May,5
B0125,2025-01-03,Turkey,B2B,Package,Business,Supplier D,3,2693.68,2211.65,Completed,482.03,2025-01,0,2025,Jan,1
B0126,2026-05-11,UAE,B2B,Package,Couple,Supplier C,1,825.03,695.07,Completed,129.96,2026-05,0,2026,May,5
B0127,2025-09-02,Azerbaijan,B2C,Transfer,Couple,Supplier A,1,94.67,67.25,Confirmed,27.42,2025-09,0,2025,Sep,9
B0128,2026-04-30,Egypt,B2C,Transfer,Couple,Supplier A,1,71.13,55.44,Completed,15.69,2026-04,0,2026,Apr,4
B0129,2026-05-30,Azerbaijan,B2C,Package,Couple,Supplier A,3,2883.23,2092.47,Completed,790.76,2026-05,0,2026,May,5
B0130,2026-04-13,Spain,B2B,Hotel,Business,Supplier A,2,982.81,797.33,Confirmed,185.48,2026-04,0,2026,Apr,4
B0131,2025-09-29,UAE,B2C,Transfer,Family,Supplier E,2,203.03,144.78,Completed,58.25,2025-09,0,2025,Sep,9
B0132,2025-11-21,Portugal,B2C,Flight,Business,Supplier C,1,274.58,227.11,Confirmed,47.47,2025-11,0,2025,Nov,11
B0133,2025-04-03,Egypt,B2C,Flight,Couple,Supplier B,1,190.25,161.01,Completed,29.24,2025-04,0,2025,Apr,4
B0134,2025-01-30,Spain,B2C,Package,Family,Supplier C,1,757.39,664.59,Completed,92.8,2025-01,0,2025,Jan,1
B0135,2026-03-18,France,B2B,Hotel,Business,Supplier B,1,431.37,362.3,Cancelled,69.07,2026-03,1,2026,Mar,3
B0136,2025-03-22,Azerbaijan,B2C,Transfer,Couple,Supplier E,1,89.32,69.34,Completed,19.98,2025-03,0,2025,Mar,3
B0137,2025-08-26,Portugal,B2B,Package,Family,Supplier A,2,2486.69,1745.76,Confirmed,740.93,2025-08,0,2025,Aug,8
B0138,2025-10-22,Thailand,B2C,Hotel,Couple,Supplier C,3,1165.25,827.48,Confirmed,337.77,2025-10,0,2025,Oct,10
B0139,2025-11-03,Egypt,B2B,Package,Family,Supplier B,2,2725.9,2274.19,Cancelled,451.71,2025-11,1,2025,Nov,11
B0140,2026-05-10,Italy,B2B,Hotel,Family,Supplier E,1,414.92,362.3,Confirmed,52.62,2026-05,0,2026,May,5
B0141,2025-10-30,Spain,B2B,Transfer,Leisure,Supplier E,1,113.36,83.91,Completed,29.45,2025-10,0,2025,Oct,10
B0142,2026-05-24,Turkey,B2B,Hotel,Business,Supplier B,3,1438.01,1009.75,Completed,428.26,2026-05,0,2026,May,5
B0143,2025-09-14,France,B2C,Flight,Family,Supplier D,1,340.08,242.57,Cancelled,97.51,2025-09,1,2025,Sep,9
B0144,2026-01-09,France,B2B,Flight,Family,Supplier D,1,321.13,280.82,Confirmed,40.31,2026-01,0,2026,Jan,1
B0145,2025-07-25,France,B2B,Package,Business,Supplier C,2,3515.8,2748.71,Cancelled,767.09,2025-07,1,2025,Jul,7
B0146,2025-10-30,UAE,B2B,Flight,Leisure,Supplier B,1,405.95,326.86,Completed,79.09,2025-10,0,2025,Oct,10
B0147,2026-02-11,Thailand,B2C,Package,Couple,Supplier A,1,2016.43,1512.18,Confirmed,504.25,2026-02,0,2026,Feb,2
B0148,2025-05-07,Portugal,B2B,Package,Couple,Supplier C,1,967.1,757.69,Confirmed,209.41,2025-05,0,2025,May,5
B0149,2025-08-28,Portugal,B2B,Flight,Business,Supplier A,2,503.96,441.16,Completed,62.8,2025-08,0,2025,Aug,8
B0150,2025-11-06,Egypt,B2C,Flight,Leisure,Supplier A,1,333.48,275.34,Confirmed,58.14,2025-11,0,2025,Nov,11
B0151,2026-05-20,Italy,B2C,Flight,Business,Supplier D,2,810.32,667.1,Confirmed,143.22,2026-05,0,2026,May,5
B0152,2026-01-15,Thailand,B2C,Transfer,Couple,Supplier A,2,159.31,137.64,Completed,21.67,2026-01,0,2026,Jan,1
B0153,2026-02-22,Turkey,B2B,Flight,Business,Supplier D,2,403.41,350.12,Completed,53.29,2026-02,0,2026,Feb,2
B0154,2025-08-30,UAE,B2B,Flight,Family,Supplier A,2,968.2,685.62,Confirmed,282.58,2025-08,0,2025,Aug,8
B0155,2025-10-10,Greece,B2B,Flight,Leisure,Supplier B,3,1277.03,1120.86,Confirmed,156.17,2025-10,0,2025,Oct,10
B0156,2025-01-22,Spain,B2C,Package,Business,Supplier E,1,1085.79,876.17,Confirmed,209.62,2025-01,0,2025,Jan,1
B0157,2025-03-12,Thailand,B2C,Hotel,Business,Supplier C,1,522.68,404.9,Confirmed,117.78,2025-03,0,2025,Mar,3
B0158,2025-01-03,Turkey,B2C,Hotel,Family,Supplier B,1,727.16,516.39,Completed,210.77,2025-01,0,2025,Jan,1
B0159,2025-01-27,France,B2B,Flight,Business,Supplier E,1,320.47,268.69,Completed,51.78,2025-01,0,2025,Jan,1
B0160,2025-01-17,France,B2C,Package,Business,Supplier D,3,3799.33,3240.59,Confirmed,558.74,2025-01,0,2025,Jan,1
B0161,2025-04-27,Italy,B2B,Transfer,Family,Supplier E,3,199.8,174.17,Cancelled,25.63,2025-04,1,2025,Apr,4
B0162,2025-04-22,Portugal,B2C,Hotel,Family,Supplier D,1,518.47,384.27,Completed,134.2,2025-04,0,2025,Apr,4
B0163,2025-03-04,Portugal,B2B,Transfer,Leisure,Supplier D,2,108.39,78.09,Completed,30.3,2025-03,0,2025,Mar,3
B0164,2025-03-17,Italy,B2C,Package,Leisure,Supplier B,1,1697.19,1346.98,Completed,350.21,2025-03,0,2025,Mar,3
B0165,2025-11-29,Egypt,B2B,Package,Couple,Supplier A,1,1662.75,1329.11,Cancelled,333.64,2025-11,1,2025,Nov,11
B0166,2025-08-09,Egypt,B2C,Transfer,Couple,Supplier C,2,193.59,166.06,Confirmed,27.53,2025-08,0,2025,Aug,8
B0167,2026-02-13,Egypt,B2B,Flight,Couple,Supplier C,1,377.83,312.37,Confirmed,65.46,2026-02,0,2026,Feb,2
B0168,2026-01-19,France,B2C,Transfer,Leisure,Supplier A,1,131.41,95.21,Confirmed,36.2,2026-01,0,2026,Jan,1
B0169,2026-03-19,Italy,B2C,Package,Leisure,Supplier E,3,4861.35,3746.18,Confirmed,1115.17,2026-03,0,2026,Mar,3
B0170,2025-12-04,Italy,B2B,Transfer,Couple,Supplier A,1,48.22,41.6,Confirmed,6.62,2025-12,0,2025,Dec,12
B0171,2025-11-16,UAE,B2C,Flight,Business,Supplier D,1,454.61,350.68,Cancelled,103.93,2025-11,1,2025,Nov,11
B0172,2025-04-21,UAE,B2C,Package,Family,Supplier E,1,1275.93,1091.21,Completed,184.72,2025-04,0,2025,Apr,4
B0173,2026-03-16,Thailand,B2B,Flight,Leisure,Supplier B,1,167.38,131.0,Completed,36.38,2026-03,0,2026,Mar,3
B0174,2025-11-13,UAE,B2C,Package,Business,Supplier B,3,3691.67,2911.51,Confirmed,780.16,2025-11,0,2025,Nov,11
B0175,2026-02-15,Italy,B2C,Hotel,Leisure,Supplier E,1,342.76,244.61,Confirmed,98.15,2026-02,0,2026,Feb,2
B0176,2026-01-21,Egypt,B2B,Transfer,Business,Supplier C,1,112.81,81.57,Confirmed,31.24,2026-01,0,2026,Jan,1
B0177,2025-11-29,Azerbaijan,B2C,Flight,Business,Supplier B,3,1058.54,775.63,Confirmed,282.91,2025-11,0,2025,Nov,11
B0178,2025-02-20,Italy,B2B,Package,Couple,Supplier D,3,2763.13,2380.22,Confirmed,382.91,2025-02,0,2025,Feb,2
B0179,2026-03-29,Egypt,B2C,Package,Leisure,Supplier C,2,1809.99,1329.64,Confirmed,480.35,2026-03,0,2026,Mar,3
B0180,2025-04-24,Turkey,B2B,Transfer,Leisure,Supplier B,2,216.82,158.37,Confirmed,58.45,2025-04,0,2025,Apr,4
B0181,2025-02-26,Spain,B2B,Hotel,Business,Supplier B,1,523.82,386.13,Confirmed,137.69,2025-02,0,2025,Feb,2
B0182,2025-10-24,UAE,B2C,Flight,Couple,Supplier D,1,227.24,179.66,Completed,47.58,2025-10,0,2025,Oct,10
B0183,2025-05-13,Egypt,B2B,Hotel,Leisure,Supplier D,1,434.2,372.22,Completed,61.98,2025-05,0,2025,May,5
B0184,2026-03-23,Spain,B2C,Transfer,Family,Supplier E,2,201.38,143.18,Confirmed,58.2,2026-03,0,2026,Mar,3
B0185,2026-02-19,Egypt,B2C,Package,Couple,Supplier A,1,1464.96,1074.13,Confirmed,390.83,2026-02,0,2026,Feb,2
B0186,2025-06-25,Azerbaijan,B2B,Transfer,Leisure,Supplier D,1,115.15,88.28,Confirmed,26.87,2025-06,0,2025,Jun,6
B0187,2025-09-07,Egypt,B2C,Transfer,Couple,Supplier C,1,54.7,42.84,Completed,11.86,2025-09,0,2025,Sep,9
B0188,2025-08-15,UAE,B2C,Hotel,Leisure,Supplier E,3,2240.01,1582.8,Confirmed,657.21,2025-08,0,2025,Aug,8
B0189,2025-07-18,UAE,B2C,Package,Business,Supplier A,1,1451.79,1149.97,Confirmed,301.82,2025-07,0,2025,Jul,7
B0190,2025-09-20,Greece,B2C,Hotel,Leisure,Supplier B,2,1174.12,844.53,Confirmed,329.59,2025-09,0,2025,Sep,9
B0191,2026-04-21,Azerbaijan,B2B,Transfer,Family,Supplier B,2,104.54,78.24,Confirmed,26.3,2026-04,0,2026,Apr,4
B0192,2025-03-11,Portugal,B2B,Transfer,Family,Supplier E,1,100.41,70.65,Confirmed,29.76,2025-03,0,2025,Mar,3
B0193,2025-12-27,Thailand,B2B,Flight,Couple,Supplier D,1,262.07,189.1,Completed,72.97,2025-12,0,2025,Dec,12
B0194,2025-02-28,UAE,B2C,Package,Leisure,Supplier E,3,2614.37,2109.4,Completed,504.97,2025-02,0,2025,Feb,2
B0195,2026-06-04,Egypt,B2C,Transfer,Couple,Supplier E,1,94.79,67.84,Confirmed,26.95,2026-06,0,2026,Jun,6
B0196,2025-11-26,Azerbaijan,B2C,Transfer,Leisure,Supplier D,1,134.37,108.25,Completed,26.12,2025-11,0,2025,Nov,11
B0197,2025-12-18,Italy,B2C,Hotel,Business,Supplier D,2,766.34,575.58,Confirmed,190.76,2025-12,0,2025,Dec,12
B0198,2026-06-21,Thailand,B2B,Hotel,Family,Supplier C,2,1022.44,834.58,Cancelled,187.86,2026-06,1,2026,Jun,6
B0199,2026-02-23,UAE,B2B,Flight,Leisure,Supplier C,1,194.69,139.85,Confirmed,54.84,2026-02,0,2026,Feb,2
B0200,2026-01-31,Turkey,B2C,Package,Family,Supplier A,3,4341.12,3230.98,Confirmed,1110.14,2026-01,0,2026,Jan,1
B0201,2025-05-25,UAE,B2B,Package,Business,Supplier E,1,1042.66,762.4,Completed,280.26,2025-05,0,2025,May,5
B0202,2025-11-14,Thailand,B2B,Transfer,Business,Supplier E,1,72.02,51.45,Confirmed,20.57,2025-11,0,2025,Nov,11
B0203,2026-03-10,Thailand,B2C,Package,Family,Supplier C,1,1344.66,968.38,Confirmed,376.28,2026-03,0,2026,Mar,3
B0204,2025-08-08,UAE,B2C,Transfer,Business,Supplier B,1,93.66,81.91,Completed,11.75,2025-08,0,2025,Aug,8
B0205,2025-03-21,Turkey,B2C,Flight,Family,Supplier E,1,268.32,196.08,Cancelled,72.24,2025-03,1,2025,Mar,3
B0206,2026-01-21,France,B2C,Hotel,Business,Supplier D,1,654.22,567.4,Cancelled,86.82,2026-01,1,2026,Jan,1
B0207,2026-02-25,UAE,B2B,Hotel,Family,Supplier D,1,287.59,241.15,Confirmed,46.44,2026-02,0,2026,Feb,2
B0208,2025-09-02,Turkey,B2C,Transfer,Family,Supplier E,2,218.91,165.99,Confirmed,52.92,2025-09,0,2025,Sep,9
B0209,2026-04-18,Turkey,B2B,Transfer,Business,Supplier B,3,155.12,111.79,Cancelled,43.33,2026-04,1,2026,Apr,4
B0210,2025-05-22,Turkey,B2B,Flight,Family,Supplier E,1,324.31,243.87,Cancelled,80.44,2025-05,1,2025,May,5
B0211,2026-06-13,Italy,B2C,Package,Business,Supplier C,2,2453.74,1952.85,Confirmed,500.89,2026-06,0,2026,Jun,6
B0212,2026-06-10,France,B2C,Transfer,Business,Supplier D,1,62.79,47.76,Confirmed,15.03,2026-06,0,2026,Jun,6
B0213,2025-01-28,Egypt,B2B,Flight,Family,Supplier B,2,820.33,611.83,Completed,208.5,2025-01,0,2025,Jan,1
B0214,2025-03-25,UAE,B2C,Hotel,Family,Supplier A,1,452.77,378.9,Cancelled,73.87,2025-03,1,2025,Mar,3
B0215,2025-05-30,France,B2B,Flight,Couple,Supplier B,2,197.08,150.33,Completed,46.75,2025-05,0,2025,May,5
B0216,2026-04-05,Azerbaijan,B2C,Flight,Leisure,Supplier C,1,248.6,211.19,Completed,37.41,2026-04,0,2026,Apr,4
B0217,2025-06-03,Thailand,B2C,Transfer,Family,Supplier B,1,104.87,91.12,Confirmed,13.75,2025-06,0,2025,Jun,6
B0218,2025-05-05,Spain,B2B,Hotel,Couple,Supplier A,1,448.68,319.45,Completed,129.23,2025-05,0,2025,May,5
B0219,2026-05-27,Azerbaijan,B2C,Flight,Business,Supplier C,2,849.27,615.86,Completed,233.41,2026-05,0,2026,May,5
B0220,2025-01-02,Azerbaijan,B2C,Package,Couple,Supplier B,1,1339.05,985.93,Confirmed,353.12,2025-01,0,2025,Jan,1
B0221,2026-06-21,UAE,B2C,Flight,Couple,Supplier D,1,355.34,291.28,Confirmed,64.06,2026-06,0,2026,Jun,6
B0222,2026-02-01,UAE,B2C,Package,Family,Supplier A,1,1102.66,843.08,Completed,259.58,2026-02,0,2026,Feb,2
B0223,2025-09-04,Italy,B2C,Package,Leisure,Supplier C,3,5011.27,3904.0,Confirmed,1107.27,2025-09,0,2025,Sep,9
B0224,2025-12-13,France,B2B,Transfer,Business,Supplier B,1,84.15,65.91,Confirmed,18.24,2025-12,0,2025,Dec,12
B0225,2026-04-14,Spain,B2C,Package,Leisure,Supplier B,1,1256.45,932.03,Completed,324.42,2026-04,0,2026,Apr,4
B0226,2025-11-20,Turkey,B2B,Transfer,Family,Supplier A,1,139.59,107.36,Confirmed,32.23,2025-11,0,2025,Nov,11
B0227,2025-10-20,UAE,B2B,Flight,Family,Supplier A,1,341.11,245.95,Completed,95.16,2025-10,0,2025,Oct,10
B0228,2026-03-24,Egypt,B2B,Transfer,Family,Supplier B,2,231.01,187.81,Confirmed,43.2,2026-03,0,2026,Mar,3
B0229,2026-05-25,UAE,B2C,Package,Couple,Supplier A,2,2736.95,2221.34,Confirmed,515.61,2026-05,0,2026,May,5
B0230,2025-07-04,Thailand,B2B,Package,Leisure,Supplier A,1,1104.65,950.99,Completed,153.66,2025-07,0,2025,Jul,7
B0231,2025-10-30,Turkey,B2B,Transfer,Business,Supplier D,1,82.78,61.65,Completed,21.13,2025-10,0,2025,Oct,10
B0232,2026-04-03,Spain,B2B,Package,Family,Supplier A,1,952.55,672.53,Cancelled,280.02,2026-04,1,2026,Apr,4
B0233,2026-02-20,UAE,B2C,Hotel,Business,Supplier E,2,1224.84,932.81,Completed,292.03,2026-02,0,2026,Feb,2
B0234,2025-02-05,France,B2C,Flight,Family,Supplier C,2,699.79,503.79,Completed,196.0,2025-02,0,2025,Feb,2
B0235,2025-02-03,Azerbaijan,B2B,Hotel,Family,Supplier C,2,998.39,842.16,Confirmed,156.23,2025-02,0,2025,Feb,2
B0236,2025-03-20,Azerbaijan,B2B,Hotel,Couple,Supplier C,1,392.01,290.58,Completed,101.43,2025-03,0,2025,Mar,3
B0237,2025-09-13,Italy,B2C,Flight,Couple,Supplier E,2,795.83,656.49,Confirmed,139.34,2025-09,0,2025,Sep,9
B0238,2025-05-01,Turkey,B2B,Package,Business,Supplier E,1,1724.47,1285.29,Confirmed,439.18,2025-05,0,2025,May,5
B0239,2026-05-18,Greece,B2C,Flight,Leisure,Supplier D,1,160.63,125.8,Completed,34.83,2026-05,0,2026,May,5
B0240,2026-04-01,Italy,B2B,Package,Leisure,Supplier E,3,5320.85,3871.47,Cancelled,1449.38,2026-04,1,2026,Apr,4
B0241,2025-10-25,Turkey,B2C,Hotel,Family,Supplier E,1,909.8,639.83,Completed,269.97,2025-10,0,2025,Oct,10
B0242,2025-05-05,Greece,B2C,Hotel,Couple,Supplier A,1,559.54,485.56,Cancelled,73.98,2025-05,1,2025,May,5
B0243,2026-01-13,Portugal,B2C,Hotel,Leisure,Supplier C,2,1225.46,1013.83,Confirmed,211.63,2026-01,0,2026,Jan,1
B0244,2026-05-06,Thailand,B2B,Transfer,Leisure,Supplier B,1,100.96,81.14,Cancelled,19.82,2026-05,1,2026,May,5
B0245,2025-03-17,Portugal,B2B,Transfer,Business,Supplier E,3,412.14,357.81,Completed,54.33,2025-03,0,2025,Mar,3
B0246,2025-07-06,France,B2C,Transfer,Leisure,Supplier E,1,81.4,63.59,Confirmed,17.81,2025-07,0,2025,Jul,7
B0247,2025-11-08,France,B2B,Hotel,Business,Supplier C,3,1645.28,1326.8,Confirmed,318.48,2025-11,0,2025,Nov,11
B0248,2025-10-18,Italy,B2C,Package,Family,Supplier B,1,1632.97,1159.18,Confirmed,473.79,2025-10,0,2025,Oct,10
B0249,2025-04-06,Thailand,B2C,Hotel,Business,Supplier E,3,1160.91,924.93,Completed,235.98,2025-04,0,2025,Apr,4
B0250,2025-12-12,Azerbaijan,B2C,Flight,Leisure,Supplier A,3,515.17,392.74,Confirmed,122.43,2025-12,0,2025,Dec,12
B0251,2025-09-29,Greece,B2C,Transfer,Couple,Supplier E,1,86.07,63.73,Confirmed,22.34,2025-09,0,2025,Sep,9
B0252,2025-11-06,Portugal,B2B,Hotel,Family,Supplier D,1,792.36,574.74,Confirmed,217.62,2025-11,0,2025,Nov,11
B0253,2025-03-03,France,B2B,Transfer,Couple,Supplier D,1,35.0,30.26,Confirmed,4.74,2025-03,0,2025,Mar,3
B0254,2025-12-15,Azerbaijan,B2B,Hotel,Family,Supplier C,2,1063.58,855.66,Cancelled,207.92,2025-12,1,2025,Dec,12
B0255,2025-05-14,UAE,B2B,Flight,Business,Supplier D,1,295.91,211.68,Completed,84.23,2025-05,0,2025,May,5
B0256,2025-10-01,Portugal,B2C,Hotel,Leisure,Supplier A,1,372.69,294.57,Cancelled,78.12,2025-10,1,2025,Oct,10
B0257,2026-01-29,Azerbaijan,B2C,Transfer,Business,Supplier C,3,286.11,211.09,Completed,75.02,2026-01,0,2026,Jan,1
B0258,2025-11-17,Greece,B2B,Hotel,Couple,Supplier D,1,536.35,395.25,Confirmed,141.1,2025-11,0,2025,Nov,11
B0259,2026-05-25,Spain,B2B,Flight,Couple,Supplier B,1,317.07,254.19,Confirmed,62.88,2026-05,0,2026,May,5
B0260,2025-12-28,Spain,B2B,Flight,Couple,Supplier E,2,542.62,455.58,Confirmed,87.04,2025-12,0,2025,Dec,12
B0261,2025-10-20,Thailand,B2C,Flight,Couple,Supplier B,1,82.47,63.68,Cancelled,18.79,2025-10,1,2025,Oct,10
B0262,2026-01-10,Egypt,B2C,Package,Couple,Supplier A,3,4896.08,3564.07,Confirmed,1332.01,2026-01,0,2026,Jan,1
B0263,2025-07-19,UAE,B2C,Package,Couple,Supplier E,2,1514.74,1235.91,Confirmed,278.83,2025-07,0,2025,Jul,7
B0264,2025-10-14,Azerbaijan,B2C,Flight,Leisure,Supplier D,1,250.31,176.36,Confirmed,73.95,2025-10,0,2025,Oct,10
B0265,2025-12-14,Thailand,B2C,Package,Business,Supplier E,3,4732.46,3335.8,Confirmed,1396.66,2025-12,0,2025,Dec,12
B0266,2026-02-16,Thailand,B2C,Flight,Leisure,Supplier B,1,433.93,321.8,Completed,112.13,2026-02,0,2026,Feb,2
B0267,2026-05-01,Thailand,B2C,Transfer,Business,Supplier C,3,243.14,198.77,Confirmed,44.37,2026-05,0,2026,May,5
B0268,2025-11-23,France,B2B,Transfer,Family,Supplier E,3,324.05,232.64,Confirmed,91.41,2025-11,0,2025,Nov,11
B0269,2026-06-30,Portugal,B2B,Package,Leisure,Supplier C,1,1498.84,1273.17,Confirmed,225.67,2026-06,0,2026,Jun,6
B0270,2025-04-23,Egypt,B2C,Package,Couple,Supplier C,3,4216.48,3458.59,Confirmed,757.89,2025-04,0,2025,Apr,4
B0271,2025-08-22,Spain,B2C,Transfer,Couple,Supplier B,1,110.78,77.81,Confirmed,32.97,2025-08,0,2025,Aug,8
B0272,2025-02-02,Azerbaijan,B2C,Flight,Leisure,Supplier D,1,292.26,215.52,Confirmed,76.74,2025-02,0,2025,Feb,2
B0273,2026-03-05,France,B2C,Transfer,Couple,Supplier E,3,311.03,241.31,Completed,69.72,2026-03,0,2026,Mar,3
B0274,2026-04-28,Spain,B2C,Hotel,Family,Supplier D,3,1052.49,891.61,Confirmed,160.88,2026-04,0,2026,Apr,4
B0275,2026-01-21,UAE,B2B,Hotel,Family,Supplier E,1,433.5,349.51,Confirmed,83.99,2026-01,0,2026,Jan,1
B0276,2025-09-28,Azerbaijan,B2C,Transfer,Business,Supplier C,3,172.6,140.21,Confirmed,32.39,2025-09,0,2025,Sep,9
B0277,2025-11-02,Greece,B2B,Package,Business,Supplier D,1,521.32,392.56,Completed,128.76,2025-11,0,2025,Nov,11
B0278,2026-05-07,UAE,B2B,Package,Leisure,Supplier E,3,5531.28,4632.17,Confirmed,899.11,2026-05,0,2026,May,5
B0279,2026-01-24,Egypt,B2C,Package,Family,Supplier A,1,1236.83,1064.93,Completed,171.9,2026-01,0,2026,Jan,1
B0280,2025-03-22,UAE,B2B,Transfer,Couple,Supplier B,1,124.35,96.56,Confirmed,27.79,2025-03,0,2025,Mar,3
B0281,2025-10-05,Thailand,B2C,Package,Leisure,Supplier E,3,4073.19,3315.68,Confirmed,757.51,2025-10,0,2025,Oct,10
B0282,2025-09-03,Greece,B2C,Flight,Business,Supplier A,1,166.77,120.92,Completed,45.85,2025-09,0,2025,Sep,9
B0283,2026-02-28,UAE,B2C,Transfer,Business,Supplier A,3,286.47,209.38,Confirmed,77.09,2026-02,0,2026,Feb,2
B0284,2025-06-11,Egypt,B2B,Transfer,Business,Supplier C,1,104.25,73.32,Completed,30.93,2025-06,0,2025,Jun,6
B0285,2025-10-20,Spain,B2C,Flight,Leisure,Supplier B,2,675.1,505.87,Cancelled,169.23,2025-10,1,2025,Oct,10
B0286,2025-06-30,Spain,B2B,Transfer,Business,Supplier C,1,68.98,56.37,Completed,12.61,2025-06,0,2025,Jun,6
B0287,2025-01-10,Turkey,B2B,Flight,Family,Supplier D,3,1028.82,831.38,Cancelled,197.44,2025-01,1,2025,Jan,1
B0288,2026-06-21,Portugal,B2B,Hotel,Family,Supplier B,1,688.58,503.74,Completed,184.84,2026-06,0,2026,Jun,6
B0289,2025-12-05,France,B2B,Transfer,Business,Supplier A,1,46.03,36.52,Confirmed,9.51,2025-12,0,2025,Dec,12
B0290,2025-10-30,Azerbaijan,B2C,Hotel,Couple,Supplier D,3,1039.58,758.82,Completed,280.76,2025-10,0,2025,Oct,10
B0291,2025-12-02,Italy,B2C,Transfer,Business,Supplier B,2,199.94,148.79,Confirmed,51.15,2025-12,0,2025,Dec,12
B0292,2025-11-28,Greece,B2B,Flight,Couple,Supplier B,2,504.64,379.47,Confirmed,125.17,2025-11,0,2025,Nov,11
B0293,2025-10-01,UAE,B2C,Package,Family,Supplier C,1,908.44,728.53,Confirmed,179.91,2025-10,0,2025,Oct,10
B0294,2025-03-05,Italy,B2B,Transfer,Business,Supplier D,3,369.08,302.45,Completed,66.63,2025-03,0,2025,Mar,3
B0295,2025-11-15,Italy,B2B,Package,Business,Supplier B,1,949.57,670.03,Confirmed,279.54,2025-11,0,2025,Nov,11
B0296,2026-05-05,France,B2B,Transfer,Couple,Supplier E,2,227.26,183.42,Confirmed,43.84,2026-05,0,2026,May,5
B0297,2025-08-12,Greece,B2B,Flight,Family,Supplier A,3,1648.15,1252.86,Completed,395.29,2025-08,0,2025,Aug,8
B0298,2025-04-25,Spain,B2C,Hotel,Business,Supplier C,3,1576.43,1133.75,Confirmed,442.68,2025-04,0,2025,Apr,4
B0299,2026-03-29,Italy,B2B,Hotel,Leisure,Supplier E,2,1069.42,881.11,Confirmed,188.31,2026-03,0,2026,Mar,3
B0300,2025-02-26,Portugal,B2B,Hotel,Couple,Supplier E,1,807.75,601.25,Completed,206.5,2025-02,0,2025,Feb,2
B0301,2026-04-19,Turkey,B2B,Flight,Family,Supplier A,1,376.66,282.11,Cancelled,94.55,2026-04,1,2026,Apr,4
B0302,2025-03-16,Spain,B2B,Transfer,Leisure,Supplier E,1,120.87,92.46,Confirmed,28.41,2025-03,0,2025,Mar,3
B0303,2025-03-12,Portugal,B2B,Flight,Couple,Supplier B,1,313.33,229.77,Confirmed,83.56,2025-03,0,2025,Mar,3
B0304,2026-03-07,UAE,B2B,Transfer,Couple,Supplier D,1,111.51,95.58,Completed,15.93,2026-03,0,2026,Mar,3
B0305,2025-05-17,UAE,B2C,Flight,Couple,Supplier E,1,370.16,305.24,Completed,64.92,2025-05,0,2025,May,5
B0306,2025-08-17,Spain,B2B,Flight,Couple,Supplier E,2,833.68,621.04,Confirmed,212.64,2025-08,0,2025,Aug,8
B0307,2026-06-29,Egypt,B2C,Hotel,Couple,Supplier C,1,604.96,443.14,Cancelled,161.82,2026-06,1,2026,Jun,6
B0308,2025-10-10,Greece,B2C,Flight,Couple,Supplier E,1,338.61,292.83,Confirmed,45.78,2025-10,0,2025,Oct,10
B0309,2025-09-04,Greece,B2C,Flight,Leisure,Supplier D,3,669.41,579.97,Completed,89.44,2025-09,0,2025,Sep,9
B0310,2025-02-19,Greece,B2B,Flight,Couple,Supplier B,3,1243.09,1081.45,Confirmed,161.64,2025-02,0,2025,Feb,2
B0311,2025-08-11,Spain,B2B,Hotel,Business,Supplier E,1,544.28,412.26,Completed,132.02,2025-08,0,2025,Aug,8
B0312,2025-11-25,Greece,B2C,Package,Business,Supplier D,1,1260.41,890.68,Cancelled,369.73,2025-11,1,2025,Nov,11
B0313,2025-10-09,Spain,B2B,Hotel,Couple,Supplier A,1,474.3,338.58,Completed,135.72,2025-10,0,2025,Oct,10
B0314,2026-01-26,Thailand,B2B,Package,Couple,Supplier B,1,1141.79,869.1,Completed,272.69,2026-01,0,2026,Jan,1
B0315,2026-01-21,France,B2C,Transfer,Business,Supplier C,1,90.03,71.76,Completed,18.27,2026-01,0,2026,Jan,1
B0316,2026-04-20,Spain,B2B,Transfer,Business,Supplier D,1,83.3,63.09,Cancelled,20.21,2026-04,1,2026,Apr,4
B0317,2025-09-19,Greece,B2C,Package,Couple,Supplier C,1,1343.47,996.76,Confirmed,346.71,2025-09,0,2025,Sep,9
B0318,2025-07-15,Spain,B2B,Package,Leisure,Supplier A,1,1561.37,1337.5,Confirmed,223.87,2025-07,0,2025,Jul,7
B0319,2025-08-11,Portugal,B2B,Hotel,Family,Supplier A,1,552.44,480.09,Completed,72.35,2025-08,0,2025,Aug,8
B0320,2025-07-14,Italy,B2C,Transfer,Business,Supplier D,1,123.34,108.49,Confirmed,14.85,2025-07,0,2025,Jul,7
B0321,2025-11-26,Turkey,B2B,Transfer,Family,Supplier C,1,81.24,63.89,Cancelled,17.35,2025-11,1,2025,Nov,11
B0322,2026-01-04,Thailand,B2B,Transfer,Leisure,Supplier D,1,132.49,113.58,Completed,18.91,2026-01,0,2026,Jan,1
B0323,2025-07-28,UAE,B2B,Package,Leisure,Supplier E,1,1094.07,848.83,Completed,245.24,2025-07,0,2025,Jul,7
B0324,2025-05-30,Spain,B2B,Package,Family,Supplier B,1,1758.68,1306.66,Confirmed,452.02,2025-05,0,2025,May,5
B0325,2025-12-04,Greece,B2C,Transfer,Couple,Supplier E,1,59.24,44.63,Confirmed,14.61,2025-12,0,2025,Dec,12
B0326,2025-09-21,Portugal,B2B,Transfer,Business,Supplier C,1,70.56,49.93,Confirmed,20.63,2025-09,0,2025,Sep,9
B0327,2025-05-24,Thailand,B2C,Transfer,Leisure,Supplier E,1,94.08,72.36,Completed,21.72,2025-05,0,2025,May,5
B0328,2025-03-18,Spain,B2B,Flight,Business,Supplier B,1,340.99,252.09,Completed,88.9,2025-03,0,2025,Mar,3
B0329,2025-06-04,Spain,B2B,Hotel,Family,Supplier A,3,2066.49,1797.95,Confirmed,268.54,2025-06,0,2025,Jun,6
B0330,2026-05-10,Portugal,B2C,Flight,Couple,Supplier A,1,300.83,243.8,Confirmed,57.03,2026-05,0,2026,May,5
B0331,2026-06-27,Turkey,B2C,Package,Couple,Supplier B,1,1308.26,1058.9,Confirmed,249.36,2026-06,0,2026,Jun,6
B0332,2025-04-09,Thailand,B2C,Hotel,Business,Supplier E,3,1843.38,1366.9,Confirmed,476.48,2025-04,0,2025,Apr,4
B0333,2025-09-16,UAE,B2B,Package,Leisure,Supplier C,2,2063.8,1734.26,Confirmed,329.54,2025-09,0,2025,Sep,9
B0334,2026-04-16,Azerbaijan,B2C,Hotel,Family,Supplier A,1,456.01,323.95,Completed,132.06,2026-04,0,2026,Apr,4
B0335,2025-04-06,Egypt,B2B,Transfer,Couple,Supplier A,1,132.79,109.59,Confirmed,23.2,2025-04,0,2025,Apr,4
B0336,2025-06-25,Italy,B2B,Transfer,Family,Supplier E,1,79.82,67.6,Confirmed,12.22,2025-06,0,2025,Jun,6
B0337,2026-06-25,Spain,B2C,Hotel,Couple,Supplier C,1,570.68,460.38,Cancelled,110.3,2026-06,1,2026,Jun,6
B0338,2025-03-18,Turkey,B2C,Flight,Family,Supplier A,1,184.19,131.97,Completed,52.22,2025-03,0,2025,Mar,3
B0339,2025-05-28,Egypt,B2B,Flight,Business,Supplier E,1,265.09,227.97,Completed,37.12,2025-05,0,2025,May,5
B0340,2026-02-03,Thailand,B2B,Package,Business,Supplier A,3,3342.91,2858.8,Completed,484.11,2026-02,0,2026,Feb,2
B0341,2025-12-21,Spain,B2B,Flight,Business,Supplier A,1,379.01,271.24,Confirmed,107.77,2025-12,0,2025,Dec,12
B0342,2026-02-11,UAE,B2B,Flight,Couple,Supplier D,1,500.11,383.63,Confirmed,116.48,2026-02,0,2026,Feb,2
B0343,2025-12-31,Thailand,B2B,Transfer,Business,Supplier E,2,188.24,134.51,Confirmed,53.73,2025-12,0,2025,Dec,12
B0344,2025-03-29,Azerbaijan,B2C,Package,Leisure,Supplier A,1,1878.1,1545.65,Confirmed,332.45,2025-03,0,2025,Mar,3
B0345,2025-06-07,Egypt,B2B,Hotel,Family,Supplier C,1,537.52,422.76,Cancelled,114.76,2025-06,1,2025,Jun,6
B0346,2025-04-04,Spain,B2B,Package,Family,Supplier C,1,1665.94,1413.45,Confirmed,252.49,2025-04,0,2025,Apr,4
B0347,2025-05-16,Italy,B2B,Hotel,Couple,Supplier E,3,1929.31,1443.25,Completed,486.06,2025-05,0,2025,May,5
B0348,2026-06-09,Egypt,B2C,Flight,Leisure,Supplier C,3,1456.39,1228.52,Cancelled,227.87,2026-06,1,2026,Jun,6
B0349,2025-04-06,Azerbaijan,B2B,Package,Leisure,Supplier C,2,3074.34,2538.01,Completed,536.33,2025-04,0,2025,Apr,4
B0350,2026-02-02,Italy,B2C,Hotel,Couple,Supplier B,1,616.7,500.36,Completed,116.34,2026-02,0,2026,Feb,2
B0351,2025-10-03,Turkey,B2B,Package,Business,Supplier A,1,1191.51,905.93,Completed,285.58,2025-10,0,2025,Oct,10
B0352,2026-03-22,Turkey,B2B,Transfer,Couple,Supplier A,1,98.9,72.09,Completed,26.81,2026-03,0,2026,Mar,3
B0353,2025-09-15,Greece,B2C,Transfer,Couple,Supplier A,1,95.76,67.14,Confirmed,28.62,2025-09,0,2025,Sep,9
B0354,2025-11-08,Spain,B2B,Transfer,Couple,Supplier C,2,258.01,209.26,Completed,48.75,2025-11,0,2025,Nov,11
B0355,2025-12-09,Egypt,B2B,Hotel,Family,Supplier E,1,334.39,272.23,Confirmed,62.16,2025-12,0,2025,Dec,12
B0356,2026-05-06,UAE,B2B,Hotel,Family,Supplier C,2,1305.67,1097.25,Confirmed,208.42,2026-05,0,2026,May,5
B0357,2025-09-06,UAE,B2B,Transfer,Couple,Supplier C,1,101.63,88.76,Confirmed,12.87,2025-09,0,2025,Sep,9
B0358,2025-07-24,Azerbaijan,B2C,Hotel,Couple,Supplier B,2,1557.02,1267.21,Completed,289.81,2025-07,0,2025,Jul,7
B0359,2025-10-26,Italy,B2B,Transfer,Business,Supplier C,1,83.12,62.69,Completed,20.43,2025-10,0,2025,Oct,10
B0360,2025-09-16,France,B2B,Transfer,Leisure,Supplier D,3,300.49,213.99,Cancelled,86.5,2025-09,1,2025,Sep,9
B0361,2026-05-06,Azerbaijan,B2B,Transfer,Leisure,Supplier C,3,380.36,269.38,Completed,110.98,2026-05,0,2026,May,5
B0362,2025-03-29,Italy,B2B,Hotel,Business,Supplier E,1,309.69,271.05,Completed,38.64,2025-03,0,2025,Mar,3
B0363,2026-02-14,UAE,B2C,Transfer,Leisure,Supplier A,1,80.13,67.03,Confirmed,13.1,2026-02,0,2026,Feb,2
B0364,2025-08-16,Thailand,B2B,Hotel,Family,Supplier D,2,1194.07,840.6,Confirmed,353.47,2025-08,0,2025,Aug,8
B0365,2026-05-28,France,B2C,Package,Couple,Supplier A,1,1797.93,1479.68,Confirmed,318.25,2026-05,0,2026,May,5
B0366,2026-03-02,Italy,B2C,Flight,Family,Supplier C,1,314.11,235.35,Completed,78.76,2026-03,0,2026,Mar,3
B0367,2026-04-12,Greece,B2B,Transfer,Couple,Supplier A,2,112.97,82.41,Completed,30.56,2026-04,0,2026,Apr,4
B0368,2026-04-09,UAE,B2B,Flight,Leisure,Supplier A,1,122.99,101.45,Confirmed,21.54,2026-04,0,2026,Apr,4
B0369,2025-12-18,Italy,B2C,Hotel,Business,Supplier E,1,576.86,471.76,Confirmed,105.1,2025-12,0,2025,Dec,12
B0370,2025-12-05,Thailand,B2B,Transfer,Business,Supplier D,1,80.0,69.69,Confirmed,10.31,2025-12,0,2025,Dec,12
B0371,2025-07-10,Egypt,B2C,Transfer,Business,Supplier D,3,336.89,261.28,Cancelled,75.61,2025-07,1,2025,Jul,7
B0372,2026-03-16,Egypt,B2C,Flight,Business,Supplier C,1,311.11,240.04,Confirmed,71.07,2026-03,0,2026,Mar,3
B0373,2025-04-15,Thailand,B2B,Hotel,Family,Supplier B,2,1066.21,917.94,Confirmed,148.27,2025-04,0,2025,Apr,4
B0374,2025-04-27,Turkey,B2B,Transfer,Couple,Supplier E,2,202.95,149.85,Confirmed,53.1,2025-04,0,2025,Apr,4
B0375,2025-04-27,UAE,B2B,Package,Business,Supplier C,3,2435.88,2084.1,Confirmed,351.78,2025-04,0,2025,Apr,4
B0376,2025-03-28,France,B2C,Package,Business,Supplier C,1,1755.32,1534.63,Confirmed,220.69,2025-03,0,2025,Mar,3
B0377,2025-07-07,UAE,B2B,Hotel,Couple,Supplier E,1,591.82,496.4,Completed,95.42,2025-07,0,2025,Jul,7
B0378,2026-01-28,Egypt,B2B,Hotel,Business,Supplier E,1,609.06,509.77,Cancelled,99.29,2026-01,1,2026,Jan,1
B0379,2026-05-17,Turkey,B2C,Hotel,Family,Supplier D,3,1709.14,1441.45,Confirmed,267.69,2026-05,0,2026,May,5
B0380,2025-02-24,UAE,B2B,Flight,Business,Supplier B,2,767.05,553.13,Confirmed,213.92,2025-02,0,2025,Feb,2
B0381,2026-06-02,Portugal,B2B,Transfer,Couple,Supplier D,2,154.02,113.37,Confirmed,40.65,2026-06,0,2026,Jun,6
B0382,2025-06-21,Italy,B2C,Flight,Family,Supplier A,1,481.36,342.52,Cancelled,138.84,2025-06,1,2025,Jun,6
B0383,2025-08-19,Thailand,B2C,Package,Couple,Supplier E,2,3088.45,2334.45,Confirmed,754.0,2025-08,0,2025,Aug,8
B0384,2026-06-08,Italy,B2B,Flight,Family,Supplier E,1,261.52,183.61,Confirmed,77.91,2026-06,0,2026,Jun,6
B0385,2026-03-28,Thailand,B2B,Hotel,Leisure,Supplier B,1,471.61,381.06,Confirmed,90.55,2026-03,0,2026,Mar,3
B0386,2025-02-03,Portugal,B2B,Package,Leisure,Supplier D,1,401.64,331.39,Completed,70.25,2025-02,0,2025,Feb,2
B0387,2025-08-31,Greece,B2B,Package,Business,Supplier E,1,911.56,677.81,Completed,233.75,2025-08,0,2025,Aug,8
B0388,2025-07-31,Greece,B2B,Flight,Family,Supplier E,3,947.18,687.32,Confirmed,259.86,2025-07,0,2025,Jul,7
B0389,2025-06-22,UAE,B2B,Package,Family,Supplier E,1,1776.19,1422.26,Confirmed,353.93,2025-06,0,2025,Jun,6
B0390,2025-05-19,Egypt,B2B,Flight,Business,Supplier B,1,398.61,302.45,Confirmed,96.16,2025-05,0,2025,May,5
B0391,2025-05-30,UAE,B2B,Hotel,Couple,Supplier B,3,1507.88,1064.53,Confirmed,443.35,2025-05,0,2025,May,5
B0392,2025-10-03,Egypt,B2B,Transfer,Leisure,Supplier A,2,153.72,118.59,Confirmed,35.13,2025-10,0,2025,Oct,10
B0393,2026-06-12,Turkey,B2B,Package,Couple,Supplier C,3,5637.57,4758.7,Confirmed,878.87,2026-06,0,2026,Jun,6
B0394,2025-01-03,Italy,B2B,Transfer,Leisure,Supplier E,2,224.09,163.62,Confirmed,60.47,2025-01,0,2025,Jan,1
B0395,2025-08-12,Egypt,B2B,Hotel,Family,Supplier C,1,751.58,530.38,Completed,221.2,2025-08,0,2025,Aug,8
B0396,2025-12-12,Thailand,B2B,Hotel,Family,Supplier A,1,679.8,482.22,Confirmed,197.58,2025-12,0,2025,Dec,12
B0397,2025-04-12,Portugal,B2C,Flight,Business,Supplier D,2,765.12,633.93,Completed,131.19,2025-04,0,2025,Apr,4
B0398,2025-01-01,Egypt,B2C,Hotel,Family,Supplier B,1,599.49,456.27,Completed,143.22,2025-01,0,2025,Jan,1
B0399,2025-04-06,UAE,B2C,Package,Family,Supplier B,1,1711.09,1337.08,Cancelled,374.01,2025-04,1,2025,Apr,4
B0400,2026-02-10,Turkey,B2B,Hotel,Leisure,Supplier A,1,569.88,452.91,Completed,116.97,2026-02,0,2026,Feb,2
B0401,2025-08-07,Portugal,B2C,Flight,Business,Supplier E,2,523.27,448.4,Confirmed,74.87,2025-08,0,2025,Aug,8
B0402,2025-01-10,Spain,B2C,Package,Couple,Supplier B,2,2161.28,1892.54,Confirmed,268.74,2025-01,0,2025,Jan,1
B0403,2025-03-14,Greece,B2C,Transfer,Leisure,Supplier A,1,108.91,89.15,Confirmed,19.76,2025-03,0,2025,Mar,3
B0404,2026-01-12,Turkey,B2B,Hotel,Business,Supplier B,1,453.26,362.59,Completed,90.67,2026-01,0,2026,Jan,1
B0405,2026-06-28,Azerbaijan,B2C,Flight,Couple,Supplier C,1,323.41,238.0,Completed,85.41,2026-06,0,2026,Jun,6
B0406,2025-06-05,Egypt,B2C,Transfer,Leisure,Supplier A,1,98.19,70.01,Confirmed,28.18,2025-06,0,2025,Jun,6
B0407,2025-05-07,Azerbaijan,B2B,Transfer,Couple,Supplier C,1,88.15,75.48,Completed,12.67,2025-05,0,2025,May,5
B0408,2025-09-11,Turkey,B2C,Flight,Family,Supplier A,1,170.49,142.14,Confirmed,28.35,2025-09,0,2025,Sep,9
B0409,2025-07-30,Thailand,B2B,Hotel,Family,Supplier A,1,354.66,311.31,Confirmed,43.35,2025-07,0,2025,Jul,7
B0410,2026-05-22,Egypt,B2C,Flight,Couple,Supplier E,1,188.79,161.62,Cancelled,27.17,2026-05,1,2026,May,5
B0411,2026-06-25,Spain,B2B,Package,Business,Supplier D,3,5518.12,4346.07,Completed,1172.05,2026-06,0,2026,Jun,6
B0412,2026-03-07,UAE,B2B,Hotel,Leisure,Supplier A,3,1411.85,1217.19,Confirmed,194.66,2026-03,0,2026,Mar,3
B0413,2025-03-11,Spain,B2C,Package,Leisure,Supplier A,2,2956.63,2555.19,Confirmed,401.44,2025-03,0,2025,Mar,3
B0414,2026-06-03,Turkey,B2B,Transfer,Couple,Supplier A,3,159.2,129.29,Cancelled,29.91,2026-06,1,2026,Jun,6
B0415,2025-06-06,Turkey,B2B,Flight,Leisure,Supplier E,1,263.95,218.77,Completed,45.18,2025-06,0,2025,Jun,6
B0416,2025-06-09,Thailand,B2B,Package,Leisure,Supplier C,2,2777.06,2033.76,Confirmed,743.3,2025-06,0,2025,Jun,6
B0417,2025-09-02,Spain,B2C,Hotel,Couple,Supplier A,2,1072.27,798.31,Completed,273.96,2025-09,0,2025,Sep,9
B0418,2025-02-26,Turkey,B2C,Hotel,Leisure,Supplier B,1,717.32,559.62,Confirmed,157.7,2025-02,0,2025,Feb,2
B0419,2025-06-17,Portugal,B2B,Package,Business,Supplier C,1,1652.07,1205.08,Confirmed,446.99,2025-06,0,2025,Jun,6
B0420,2025-10-03,Italy,B2B,Flight,Couple,Supplier C,3,492.36,430.57,Confirmed,61.79,2025-10,0,2025,Oct,10
B0421,2025-03-07,Turkey,B2B,Flight,Couple,Supplier E,1,204.0,171.2,Confirmed,32.8,2025-03,0,2025,Mar,3
B0422,2025-02-26,Portugal,B2B,Hotel,Business,Supplier C,1,715.52,625.77,Confirmed,89.75,2025-02,0,2025,Feb,2
B0423,2025-04-29,Greece,B2C,Flight,Leisure,Supplier B,1,326.88,248.64,Completed,78.24,2025-04,0,2025,Apr,4
B0424,2026-04-29,UAE,B2C,Transfer,Business,Supplier A,3,182.62,142.0,Confirmed,40.62,2026-04,0,2026,Apr,4
B0425,2026-03-06,Greece,B2C,Package,Couple,Supplier C,1,1775.27,1296.07,Confirmed,479.2,2026-03,0,2026,Mar,3
B0426,2025-03-21,Azerbaijan,B2C,Package,Leisure,Supplier B,1,1547.58,1093.52,Completed,454.06,2025-03,0,2025,Mar,3
B0427,2026-06-13,Spain,B2C,Transfer,Couple,Supplier C,1,86.44,73.64,Completed,12.8,2026-06,0,2026,Jun,6
B0428,2025-12-02,Italy,B2C,Transfer,Family,Supplier B,1,150.24,121.0,Completed,29.24,2025-12,0,2025,Dec,12
B0429,2025-11-08,Azerbaijan,B2B,Hotel,Family,Supplier E,2,1001.67,749.81,Confirmed,251.86,2025-11,0,2025,Nov,11
B0430,2025-07-20,Thailand,B2C,Hotel,Leisure,Supplier D,1,510.31,406.01,Completed,104.3,2025-07,0,2025,Jul,7
B0431,2025-08-27,Thailand,B2C,Package,Family,Supplier A,2,3012.85,2280.45,Confirmed,732.4,2025-08,0,2025,Aug,8
B0432,2025-11-11,Italy,B2C,Hotel,Couple,Supplier D,1,527.8,373.41,Confirmed,154.39,2025-11,0,2025,Nov,11
B0433,2025-05-26,Turkey,B2C,Flight,Business,Supplier E,2,804.21,628.77,Confirmed,175.44,2025-05,0,2025,May,5
B0434,2026-01-17,Portugal,B2C,Flight,Business,Supplier D,1,351.05,276.62,Cancelled,74.43,2026-01,1,2026,Jan,1
B0435,2025-03-05,Egypt,B2C,Hotel,Family,Supplier C,1,707.56,521.0,Completed,186.56,2025-03,0,2025,Mar,3
B0436,2026-02-07,UAE,B2B,Package,Family,Supplier B,1,886.03,774.91,Confirmed,111.12,2026-02,0,2026,Feb,2
B0437,2025-07-27,France,B2C,Flight,Leisure,Supplier B,2,528.22,452.3,Confirmed,75.92,2025-07,0,2025,Jul,7
B0438,2026-04-23,UAE,B2C,Transfer,Family,Supplier B,2,291.83,240.66,Completed,51.17,2026-04,0,2026,Apr,4
B0439,2025-11-12,Portugal,B2C,Package,Leisure,Supplier B,1,1302.65,1028.43,Cancelled,274.22,2025-11,1,2025,Nov,11
B0440,2025-02-11,Greece,B2C,Package,Leisure,Supplier B,1,1377.74,1179.9,Cancelled,197.84,2025-02,1,2025,Feb,2
B0441,2026-02-10,Thailand,B2B,Flight,Family,Supplier B,1,419.06,309.61,Cancelled,109.45,2026-02,1,2026,Feb,2
B0442,2026-02-19,Portugal,B2C,Hotel,Couple,Supplier A,1,719.48,554.64,Cancelled,164.84,2026-02,1,2026,Feb,2
B0443,2025-05-05,Spain,B2C,Flight,Business,Supplier B,2,694.23,610.85,Confirmed,83.38,2025-05,0,2025,May,5
B0444,2026-01-17,Italy,B2C,Package,Leisure,Supplier A,1,986.0,863.63,Confirmed,122.37,2026-01,0,2026,Jan,1
B0445,2026-03-31,France,B2B,Flight,Leisure,Supplier A,2,697.59,559.51,Completed,138.08,2026-03,0,2026,Mar,3
B0446,2025-02-21,France,B2B,Transfer,Couple,Supplier A,2,212.45,182.31,Confirmed,30.14,2025-02,0,2025,Feb,2
B0447,2026-03-13,France,B2C,Package,Business,Supplier C,1,1666.31,1408.72,Completed,257.59,2026-03,0,2026,Mar,3
B0448,2026-04-02,France,B2C,Flight,Family,Supplier D,2,420.01,354.32,Confirmed,65.69,2026-04,0,2026,Apr,4
B0449,2026-05-06,Spain,B2B,Flight,Couple,Supplier B,2,613.11,489.27,Confirmed,123.84,2026-05,0,2026,May,5
B0450,2025-07-24,Thailand,B2C,Hotel,Couple,Supplier C,2,1117.97,847.9,Confirmed,270.07,2025-07,0,2025,Jul,7
B0451,2026-05-12,UAE,B2B,Package,Family,Supplier B,1,1808.08,1392.11,Confirmed,415.97,2026-05,0,2026,May,5
B0452,2025-11-23,Azerbaijan,B2C,Hotel,Family,Supplier A,2,823.88,611.94,Confirmed,211.94,2025-11,0,2025,Nov,11
B0453,2026-06-27,UAE,B2C,Hotel,Leisure,Supplier B,1,788.27,639.69,Confirmed,148.58,2026-06,0,2026,Jun,6
B0454,2025-09-30,Thailand,B2C,Flight,Couple,Supplier C,1,410.48,315.4,Completed,95.08,2025-09,0,2025,Sep,9
B0455,2025-06-30,Greece,B2B,Package,Leisure,Supplier C,3,1125.62,793.13,Confirmed,332.49,2025-06,0,2025,Jun,6
B0456,2025-05-26,Azerbaijan,B2B,Hotel,Family,Supplier B,2,1772.78,1362.27,Confirmed,410.51,2025-05,0,2025,May,5
B0457,2025-02-08,Italy,B2C,Flight,Business,Supplier A,3,1234.87,999.53,Completed,235.34,2025-02,0,2025,Feb,2
B0458,2026-05-05,Spain,B2C,Package,Business,Supplier C,1,2103.91,1780.62,Completed,323.29,2026-05,0,2026,May,5
B0459,2025-11-28,Spain,B2C,Flight,Business,Supplier A,3,1164.0,865.81,Completed,298.19,2025-11,0,2025,Nov,11
B0460,2026-01-09,Italy,B2B,Package,Leisure,Supplier C,1,1348.42,958.52,Completed,389.9,2026-01,0,2026,Jan,1
B0461,2025-11-27,France,B2B,Hotel,Couple,Supplier C,1,426.0,335.46,Confirmed,90.54,2025-11,0,2025,Nov,11
B0462,2026-01-01,Greece,B2B,Hotel,Family,Supplier C,1,497.56,373.81,Confirmed,123.75,2026-01,0,2026,Jan,1
B0463,2025-07-01,Spain,B2C,Transfer,Business,Supplier E,1,99.79,75.44,Cancelled,24.35,2025-07,1,2025,Jul,7
B0464,2025-08-15,Azerbaijan,B2B,Flight,Business,Supplier C,1,444.72,368.63,Confirmed,76.09,2025-08,0,2025,Aug,8
B0465,2025-09-01,UAE,B2C,Package,Leisure,Supplier C,2,1812.26,1327.67,Completed,484.59,2025-09,0,2025,Sep,9
B0466,2025-01-12,Turkey,B2C,Hotel,Leisure,Supplier C,1,506.04,370.75,Confirmed,135.29,2025-01,0,2025,Jan,1
B0467,2025-04-21,Spain,B2B,Flight,Couple,Supplier D,1,266.12,213.46,Confirmed,52.66,2025-04,0,2025,Apr,4
B0468,2026-02-28,Portugal,B2B,Transfer,Couple,Supplier A,2,207.01,180.79,Confirmed,26.22,2026-02,0,2026,Feb,2
B0469,2025-08-19,France,B2C,Transfer,Leisure,Supplier C,1,100.96,71.46,Cancelled,29.5,2025-08,1,2025,Aug,8
B0470,2025-11-23,Turkey,B2C,Flight,Family,Supplier B,2,884.45,770.58,Cancelled,113.87,2025-11,1,2025,Nov,11
B0471,2025-06-14,Italy,B2B,Flight,Couple,Supplier A,2,648.76,480.77,Confirmed,167.99,2025-06,0,2025,Jun,6
B0472,2025-06-18,Azerbaijan,B2C,Transfer,Leisure,Supplier A,1,96.08,77.82,Confirmed,18.26,2025-06,0,2025,Jun,6
B0473,2025-07-30,Greece,B2B,Transfer,Family,Supplier C,1,61.91,52.04,Confirmed,9.87,2025-07,0,2025,Jul,7
B0474,2025-04-09,Spain,B2B,Transfer,Business,Supplier A,1,76.57,64.94,Confirmed,11.63,2025-04,0,2025,Apr,4
B0475,2025-01-04,Egypt,B2B,Flight,Couple,Supplier B,1,259.66,210.92,Confirmed,48.74,2025-01,0,2025,Jan,1
B0476,2025-01-27,Greece,B2B,Hotel,Leisure,Supplier D,1,582.18,469.0,Confirmed,113.18,2025-01,0,2025,Jan,1
B0477,2025-11-12,Egypt,B2B,Transfer,Family,Supplier A,3,335.58,248.0,Confirmed,87.58,2025-11,0,2025,Nov,11
B0478,2026-02-01,France,B2B,Package,Family,Supplier B,2,2789.66,1964.63,Cancelled,825.03,2026-02,1,2026,Feb,2
B0479,2025-02-15,Turkey,B2B,Transfer,Family,Supplier B,1,120.64,89.48,Confirmed,31.16,2025-02,0,2025,Feb,2
B0480,2025-03-05,France,B2C,Flight,Family,Supplier E,2,1036.13,836.16,Confirmed,199.97,2025-03,0,2025,Mar,3
B0481,2025-08-21,Thailand,B2B,Flight,Couple,Supplier E,2,495.98,385.41,Completed,110.57,2025-08,0,2025,Aug,8
B0482,2025-08-30,Portugal,B2C,Package,Couple,Supplier A,3,5471.07,4511.65,Completed,959.42,2025-08,0,2025,Aug,8
B0483,2026-06-14,Azerbaijan,B2C,Hotel,Couple,Supplier B,1,626.03,469.11,Confirmed,156.92,2026-06,0,2026,Jun,6
B0484,2025-08-05,Greece,B2C,Hotel,Couple,Supplier A,2,1572.43,1124.95,Completed,447.48,2025-08,0,2025,Aug,8
B0485,2025-07-26,France,B2B,Package,Leisure,Supplier A,2,2092.82,1550.36,Confirmed,542.46,2025-07,0,2025,Jul,7
B0486,2026-02-11,Thailand,B2B,Package,Couple,Supplier A,3,2684.51,1912.7,Confirmed,771.81,2026-02,0,2026,Feb,2
B0487,2026-06-20,Egypt,B2B,Flight,Business,Supplier B,3,1022.84,878.02,Cancelled,144.82,2026-06,1,2026,Jun,6
B0488,2025-04-13,Italy,B2B,Flight,Family,Supplier D,1,180.59,143.74,Confirmed,36.85,2025-04,0,2025,Apr,4
B0489,2026-01-28,Portugal,B2C,Transfer,Business,Supplier C,2,255.31,224.4,Cancelled,30.91,2026-01,1,2026,Jan,1
B0490,2025-05-28,Azerbaijan,B2C,Transfer,Couple,Supplier C,1,62.82,50.28,Completed,12.54,2025-05,0,2025,May,5
B0491,2025-02-20,Portugal,B2B,Package,Leisure,Supplier C,1,1003.25,803.82,Completed,199.43,2025-02,0,2025,Feb,2
B0492,2025-11-15,Turkey,B2C,Transfer,Business,Supplier B,1,93.52,68.41,Completed,25.11,2025-11,0,2025,Nov,11
B0493,2026-03-30,UAE,B2B,Package,Leisure,Supplier B,2,2618.55,1878.55,Confirmed,740.0,2026-03,0,2026,Mar,3
B0494,2025-08-05,Egypt,B2B,Transfer,Leisure,Supplier E,1,57.4,47.99,Confirmed,9.41,2025-08,0,2025,Aug,8
B0495,2025-03-09,Turkey,B2C,Transfer,Leisure,Supplier B,1,124.03,107.52,Confirmed,16.51,2025-03,0,2025,Mar,3
B0496,2025-07-25,Spain,B2C,Hotel,Couple,Supplier A,1,632.1,487.9,Confirmed,144.2,2025-07,0,2025,Jul,7
B0497,2025-07-23,Turkey,B2B,Package,Couple,Supplier A,1,1674.58,1329.24,Cancelled,345.34,2025-07,1,2025,Jul,7
B0498,2025-09-05,UAE,B2B,Transfer,Business,Supplier D,3,296.31,212.17,Completed,84.14,2025-09,0,2025,Sep,9
B0499,2025-12-25,UAE,B2B,Hotel,Leisure,Supplier C,1,560.19,470.99,Completed,89.2,2025-12,0,2025,Dec,12
B0500,2026-01-31,Spain,B2C,Hotel,Business,Supplier B,1,516.95,365.23,Confirmed,151.72,2026-01,0,2026,Jan,1
B0501,2025-10-03,Egypt,B2C,Flight,Couple,Supplier B,1,249.58,178.64,Completed,70.94,2025-10,0,2025,Oct,10
B0502,2025-01-09,Greece,B2B,Package,Family,Supplier D,2,1568.14,1254.02,Confirmed,314.12,2025-01,0,2025,Jan,1
B0503,2025-12-24,Portugal,B2C,Package,Couple,Supplier C,3,2591.47,2094.18,Confirmed,497.29,2025-12,0,2025,Dec,12
B0504,2026-02-11,Azerbaijan,B2C,Flight,Family,Supplier E,3,381.3,330.01,Confirmed,51.29,2026-02,0,2026,Feb,2
B0505,2025-10-17,Turkey,B2B,Flight,Leisure,Supplier C,1,327.33,251.56,Completed,75.77,2025-10,0,2025,Oct,10
B0506,2025-11-29,Turkey,B2B,Package,Business,Supplier B,3,3646.17,3122.03,Completed,524.14,2025-11,0,2025,Nov,11
B0507,2025-09-04,Spain,B2B,Transfer,Business,Supplier A,2,154.46,110.37,Confirmed,44.09,2025-09,0,2025,Sep,9
B0508,2025-10-30,Turkey,B2B,Transfer,Couple,Supplier A,3,364.16,266.29,Completed,97.87,2025-10,0,2025,Oct,10
B0509,2025-07-14,UAE,B2B,Hotel,Family,Supplier E,1,544.26,443.78,Completed,100.48,2025-07,0,2025,Jul,7
B0510,2025-06-24,Thailand,B2B,Hotel,Leisure,Supplier D,1,538.62,389.88,Completed,148.74,2025-06,0,2025,Jun,6
B0511,2025-09-22,Thailand,B2B,Hotel,Leisure,Supplier B,1,536.22,433.87,Completed,102.35,2025-09,0,2025,Sep,9
B0512,2025-08-17,Turkey,B2B,Transfer,Family,Supplier C,3,350.26,256.21,Confirmed,94.05,2025-08,0,2025,Aug,8
B0513,2025-10-29,Portugal,B2B,Flight,Leisure,Supplier E,3,673.7,516.16,Confirmed,157.54,2025-10,0,2025,Oct,10
B0514,2025-03-14,Portugal,B2C,Hotel,Couple,Supplier E,1,493.85,347.99,Confirmed,145.86,2025-03,0,2025,Mar,3
B0515,2026-02-28,Spain,B2C,Hotel,Business,Supplier C,2,1097.13,958.72,Confirmed,138.41,2026-02,0,2026,Feb,2
B0516,2026-04-14,France,B2C,Package,Leisure,Supplier D,1,1435.39,1085.34,Confirmed,350.05,2026-04,0,2026,Apr,4
B0517,2025-07-01,UAE,B2C,Flight,Couple,Supplier C,1,235.84,192.29,Confirmed,43.55,2025-07,0,2025,Jul,7
B0518,2025-06-22,Azerbaijan,B2B,Hotel,Leisure,Supplier B,3,1554.64,1261.63,Cancelled,293.01,2025-06,1,2025,Jun,6
B0519,2026-03-21,Egypt,B2B,Transfer,Couple,Supplier D,1,89.32,63.46,Completed,25.86,2026-03,0,2026,Mar,3
B0520,2025-02-08,Thailand,B2B,Hotel,Leisure,Supplier C,3,2296.19,1631.21,Completed,664.98,2025-02,0,2025,Feb,2
B0521,2025-07-15,Spain,B2C,Flight,Business,Supplier C,1,265.04,218.55,Confirmed,46.49,2025-07,0,2025,Jul,7
B0522,2025-05-13,Italy,B2B,Transfer,Business,Supplier A,1,86.95,68.84,Completed,18.11,2025-05,0,2025,May,5
B0523,2025-11-02,Turkey,B2B,Transfer,Couple,Supplier B,1,106.62,80.51,Cancelled,26.11,2025-11,1,2025,Nov,11
B0524,2026-05-17,UAE,B2C,Hotel,Couple,Supplier A,1,720.03,572.33,Confirmed,147.7,2026-05,0,2026,May,5
B0525,2025-08-18,France,B2C,Hotel,Business,Supplier A,1,333.33,255.4,Confirmed,77.93,2025-08,0,2025,Aug,8
B0526,2025-02-08,Egypt,B2C,Package,Leisure,Supplier A,1,1171.33,994.41,Completed,176.92,2025-02,0,2025,Feb,2
B0527,2025-02-19,Italy,B2B,Transfer,Couple,Supplier A,3,238.99,168.12,Confirmed,70.87,2025-02,0,2025,Feb,2
B0528,2025-09-16,Portugal,B2C,Hotel,Leisure,Supplier C,2,296.47,248.1,Confirmed,48.37,2025-09,0,2025,Sep,9
B0529,2025-04-14,Thailand,B2C,Package,Couple,Supplier A,3,2197.14,1542.79,Confirmed,654.35,2025-04,0,2025,Apr,4
B0530,2025-05-01,Turkey,B2C,Flight,Couple,Supplier B,3,1009.29,883.79,Completed,125.5,2025-05,0,2025,May,5
B0531,2025-07-24,Turkey,B2B,Hotel,Couple,Supplier C,1,537.69,387.0,Confirmed,150.69,2025-07,0,2025,Jul,7
B0532,2025-02-10,Thailand,B2C,Transfer,Couple,Supplier C,1,110.41,86.32,Completed,24.09,2025-02,0,2025,Feb,2
B0533,2025-01-03,Spain,B2C,Flight,Couple,Supplier B,1,317.55,230.86,Confirmed,86.69,2025-01,0,2025,Jan,1
B0534,2026-06-08,Italy,B2B,Flight,Business,Supplier D,1,236.38,196.84,Confirmed,39.54,2026-06,0,2026,Jun,6
B0535,2025-09-28,Portugal,B2C,Flight,Business,Supplier A,1,197.08,154.25,Completed,42.83,2025-09,0,2025,Sep,9
B0536,2026-01-04,UAE,B2C,Transfer,Leisure,Supplier A,1,52.08,44.82,Completed,7.26,2026-01,0,2026,Jan,1
B0537,2025-05-22,France,B2B,Package,Couple,Supplier E,1,1015.82,836.9,Confirmed,178.92,2025-05,0,2025,May,5
B0538,2025-04-06,UAE,B2C,Package,Leisure,Supplier D,2,3227.93,2407.52,Completed,820.41,2025-04,0,2025,Apr,4
B0539,2026-04-13,Turkey,B2B,Transfer,Couple,Supplier B,1,152.38,124.75,Completed,27.63,2026-04,0,2026,Apr,4
B0540,2025-05-16,Spain,B2C,Hotel,Couple,Supplier E,2,896.83,730.56,Cancelled,166.27,2025-05,1,2025,May,5
B0541,2026-03-25,France,B2B,Transfer,Leisure,Supplier B,2,191.7,139.37,Completed,52.33,2026-03,0,2026,Mar,3
B0542,2026-05-15,Italy,B2B,Transfer,Leisure,Supplier A,1,74.96,59.38,Completed,15.58,2026-05,0,2026,May,5
B0543,2025-11-18,Spain,B2B,Hotel,Leisure,Supplier D,1,484.76,345.55,Confirmed,139.21,2025-11,0,2025,Nov,11
B0544,2026-05-09,UAE,B2C,Transfer,Leisure,Supplier A,1,99.91,87.14,Completed,12.77,2026-05,0,2026,May,5
B0545,2026-06-02,Portugal,B2C,Transfer,Leisure,Supplier D,1,59.17,45.14,Completed,14.03,2026-06,0,2026,Jun,6
B0546,2025-09-04,UAE,B2C,Package,Business,Supplier E,2,1819.87,1490.56,Confirmed,329.31,2025-09,0,2025,Sep,9
B0547,2026-02-17,Greece,B2B,Flight,Couple,Supplier E,2,852.48,637.41,Confirmed,215.07,2026-02,0,2026,Feb,2
B0548,2025-04-01,Portugal,B2B,Transfer,Leisure,Supplier D,1,114.12,81.57,Completed,32.55,2025-04,0,2025,Apr,4
B0549,2025-04-16,Egypt,B2C,Transfer,Leisure,Supplier A,3,364.48,296.12,Confirmed,68.36,2025-04,0,2025,Apr,4
B0550,2025-11-08,Thailand,B2B,Hotel,Family,Supplier C,1,425.57,313.66,Confirmed,111.91,2025-11,0,2025,Nov,11
B0551,2025-08-17,Portugal,B2B,Package,Family,Supplier D,1,1714.87,1399.17,Confirmed,315.7,2025-08,0,2025,Aug,8
B0552,2025-04-10,Greece,B2B,Flight,Family,Supplier C,3,1109.51,785.04,Completed,324.47,2025-04,0,2025,Apr,4
B0553,2026-06-19,UAE,B2C,Flight,Business,Supplier D,1,262.34,229.91,Cancelled,32.43,2026-06,1,2026,Jun,6
B0554,2026-02-24,Italy,B2C,Package,Business,Supplier A,2,3149.49,2534.82,Completed,614.67,2026-02,0,2026,Feb,2
B0555,2025-08-09,Portugal,B2B,Hotel,Leisure,Supplier D,1,621.39,449.3,Confirmed,172.09,2025-08,0,2025,Aug,8
B0556,2025-05-07,Portugal,B2C,Transfer,Couple,Supplier A,3,370.59,321.32,Confirmed,49.27,2025-05,0,2025,May,5
B0557,2025-02-19,Thailand,B2B,Transfer,Business,Supplier E,1,67.21,52.36,Cancelled,14.85,2025-02,1,2025,Feb,2
B0558,2025-05-12,Italy,B2B,Transfer,Couple,Supplier D,3,128.08,111.4,Confirmed,16.68,2025-05,0,2025,May,5
B0559,2025-09-12,Turkey,B2B,Transfer,Family,Supplier D,1,89.11,76.6,Cancelled,12.51,2025-09,1,2025,Sep,9
B0560,2025-05-22,Egypt,B2B,Package,Business,Supplier B,1,1153.12,866.53,Completed,286.59,2025-05,0,2025,May,5
B0561,2025-10-25,UAE,B2C,Hotel,Family,Supplier A,1,514.73,430.27,Confirmed,84.46,2025-10,0,2025,Oct,10
B0562,2026-05-07,Azerbaijan,B2B,Transfer,Couple,Supplier A,3,307.55,261.9,Completed,45.65,2026-05,0,2026,May,5
B0563,2025-04-20,Spain,B2C,Transfer,Leisure,Supplier A,1,112.63,82.44,Confirmed,30.19,2025-04,0,2025,Apr,4
B0564,2025-10-01,France,B2B,Package,Business,Supplier A,1,1660.72,1456.85,Completed,203.87,2025-10,0,2025,Oct,10
B0565,2025-07-28,Thailand,B2B,Flight,Couple,Supplier A,3,1067.44,904.34,Confirmed,163.1,2025-07,0,2025,Jul,7
B0566,2025-08-18,Thailand,B2C,Transfer,Family,Supplier A,2,155.35,122.89,Completed,32.46,2025-08,0,2025,Aug,8
B0567,2026-02-01,Egypt,B2C,Package,Leisure,Supplier C,1,1358.09,1094.98,Confirmed,263.11,2026-02,0,2026,Feb,2
B0568,2026-03-30,Greece,B2C,Package,Business,Supplier C,2,3691.55,2781.8,Cancelled,909.75,2026-03,1,2026,Mar,3
B0569,2025-07-01,Italy,B2C,Hotel,Leisure,Supplier D,1,653.91,532.63,Completed,121.28,2025-07,0,2025,Jul,7
B0570,2026-03-15,Turkey,B2C,Package,Business,Supplier E,1,1383.41,1008.25,Confirmed,375.16,2026-03,0,2026,Mar,3
B0571,2025-01-06,UAE,B2C,Transfer,Leisure,Supplier B,1,89.44,75.49,Confirmed,13.95,2025-01,0,2025,Jan,1
B0572,2025-02-22,Azerbaijan,B2B,Package,Family,Supplier A,1,952.32,761.78,Completed,190.54,2025-02,0,2025,Feb,2
B0573,2026-06-23,Greece,B2C,Hotel,Business,Supplier D,3,1077.55,823.22,Completed,254.33,2026-06,0,2026,Jun,6
B0574,2026-02-18,Italy,B2C,Package,Business,Supplier C,1,1405.61,1124.15,Confirmed,281.46,2026-02,0,2026,Feb,2
B0575,2026-01-05,Turkey,B2B,Hotel,Leisure,Supplier A,1,421.32,367.58,Confirmed,53.74,2026-01,0,2026,Jan,1
B0576,2026-04-02,Greece,B2C,Hotel,Family,Supplier D,1,638.02,484.16,Confirmed,153.86,2026-04,0,2026,Apr,4
B0577,2026-01-31,Turkey,B2C,Package,Family,Supplier E,3,4508.5,3964.51,Confirmed,543.99,2026-01,0,2026,Jan,1
B0578,2026-04-02,Portugal,B2B,Flight,Business,Supplier C,3,859.78,671.27,Completed,188.51,2026-04,0,2026,Apr,4
B0579,2025-03-26,Italy,B2C,Hotel,Leisure,Supplier B,1,573.97,442.23,Confirmed,131.74,2025-03,0,2025,Mar,3
B0580,2026-03-11,Italy,B2B,Hotel,Leisure,Supplier B,1,681.01,561.98,Confirmed,119.03,2026-03,0,2026,Mar,3
B0581,2026-04-16,UAE,B2C,Flight,Leisure,Supplier A,1,183.3,154.51,Confirmed,28.79,2026-04,0,2026,Apr,4
B0582,2025-09-15,Thailand,B2C,Flight,Family,Supplier D,2,866.26,698.1,Confirmed,168.16,2025-09,0,2025,Sep,9
B0583,2026-04-07,Egypt,B2B,Transfer,Leisure,Supplier D,1,79.99,64.34,Cancelled,15.65,2026-04,1,2026,Apr,4
B0584,2025-01-07,Azerbaijan,B2C,Flight,Leisure,Supplier C,3,1009.61,808.62,Cancelled,200.99,2025-01,1,2025,Jan,1
B0585,2025-04-19,Turkey,B2C,Package,Family,Supplier D,2,3216.84,2408.02,Completed,808.82,2025-04,0,2025,Apr,4
B0586,2026-02-09,Spain,B2C,Transfer,Business,Supplier B,2,221.52,174.93,Confirmed,46.59,2026-02,0,2026,Feb,2
B0587,2025-10-30,France,B2B,Package,Leisure,Supplier E,3,3571.31,3004.48,Completed,566.83,2025-10,0,2025,Oct,10
B0588,2025-05-25,Italy,B2C,Flight,Couple,Supplier E,3,838.17,705.7,Confirmed,132.47,2025-05,0,2025,May,5
B0589,2025-03-29,Turkey,B2B,Hotel,Business,Supplier D,3,1102.13,836.6,Confirmed,265.53,2025-03,0,2025,Mar,3
B0590,2025-05-26,France,B2C,Hotel,Family,Supplier B,1,510.72,365.65,Confirmed,145.07,2025-05,0,2025,May,5
B0591,2025-07-05,Azerbaijan,B2B,Flight,Leisure,Supplier C,1,455.61,400.8,Completed,54.81,2025-07,0,2025,Jul,7
B0592,2025-09-14,Italy,B2B,Hotel,Family,Supplier C,1,635.38,518.26,Confirmed,117.12,2025-09,0,2025,Sep,9
B0593,2025-08-29,Italy,B2C,Package,Business,Supplier C,2,3354.72,2419.76,Confirmed,934.96,2025-08,0,2025,Aug,8
B0594,2026-04-07,UAE,B2C,Package,Family,Supplier C,2,2907.47,2474.73,Confirmed,432.74,2026-04,0,2026,Apr,4
B0595,2025-06-22,Spain,B2C,Package,Business,Supplier D,1,1909.61,1400.14,Confirmed,509.47,2025-06,0,2025,Jun,6
B0596,2026-01-04,France,B2B,Package,Couple,Supplier D,1,1790.14,1360.89,Confirmed,429.25,2026-01,0,2026,Jan,1
B0597,2025-11-09,Portugal,B2C,Flight,Leisure,Supplier C,1,332.62,250.72,Completed,81.9,2025-11,0,2025,Nov,11
B0598,2025-07-21,Turkey,B2C,Flight,Leisure,Supplier E,1,161.55,120.63,Confirmed,40.92,2025-07,0,2025,Jul,7
B0599,2026-02-19,Azerbaijan,B2C,Hotel,Family,Supplier E,3,1852.97,1449.9,Confirmed,403.07,2026-02,0,2026,Feb,2
B0600,2026-04-29,France,B2B,Package,Business,Supplier E,1,1063.55,770.04,Confirmed,293.51,2026-04,0,2026,Apr,4
B0601,2025-05-18,Portugal,B2B,Flight,Family,Supplier E,1,317.53,247.24,Completed,70.29,2025-05,0,2025,May,5
B0602,2025-09-02,Azerbaijan,B2C,Hotel,Couple,Supplier B,1,807.96,676.9,Confirmed,131.06,2025-09,0,2025,Sep,9
B0603,2025-05-30,Portugal,B2C,Package,Business,Supplier D,1,900.57,752.2,Cancelled,148.37,2025-05,1,2025,May,5
B0604,2025-03-06,Turkey,B2C,Package,Leisure,Supplier B,3,4066.88,3547.09,Confirmed,519.79,2025-03,0,2025,Mar,3
B0605,2026-01-05,Egypt,B2B,Transfer,Leisure,Supplier A,1,92.34,68.99,Confirmed,23.35,2026-01,0,2026,Jan,1
B0606,2025-04-16,Thailand,B2B,Package,Business,Supplier D,2,2357.43,2034.76,Confirmed,322.67,2025-04,0,2025,Apr,4
B0607,2026-01-10,Azerbaijan,B2B,Flight,Couple,Supplier B,3,1205.57,941.49,Completed,264.08,2026-01,0,2026,Jan,1
B0608,2026-02-20,UAE,B2B,Package,Couple,Supplier E,1,968.89,689.62,Confirmed,279.27,2026-02,0,2026,Feb,2
B0609,2026-05-29,France,B2C,Transfer,Business,Supplier A,3,105.0,80.06,Completed,24.94,2026-05,0,2026,May,5
B0610,2025-10-15,Greece,B2C,Hotel,Business,Supplier C,3,2021.0,1422.64,Cancelled,598.36,2025-10,1,2025,Oct,10
B0611,2025-05-02,Greece,B2B,Transfer,Leisure,Supplier D,2,193.56,168.13,Confirmed,25.43,2025-05,0,2025,May,5
B0612,2026-05-06,Greece,B2B,Hotel,Leisure,Supplier B,1,618.01,479.19,Confirmed,138.82,2026-05,0,2026,May,5
B0613,2025-05-11,Azerbaijan,B2C,Hotel,Leisure,Supplier E,1,660.09,485.6,Cancelled,174.49,2025-05,1,2025,May,5
B0614,2025-02-27,France,B2C,Package,Couple,Supplier E,3,2433.0,1906.27,Completed,526.73,2025-02,0,2025,Feb,2
B0615,2025-01-20,Turkey,B2C,Flight,Couple,Supplier E,2,350.57,252.6,Confirmed,97.97,2025-01,0,2025,Jan,1
B0616,2026-05-09,France,B2B,Hotel,Business,Supplier E,1,716.11,530.32,Confirmed,185.79,2026-05,0,2026,May,5
B0617,2026-06-08,Turkey,B2B,Hotel,Couple,Supplier E,3,1710.98,1358.88,Confirmed,352.1,2026-06,0,2026,Jun,6
B0618,2025-03-12,Greece,B2B,Transfer,Business,Supplier A,1,125.55,107.32,Completed,18.23,2025-03,0,2025,Mar,3
B0619,2025-07-27,Thailand,B2C,Transfer,Leisure,Supplier B,2,199.39,159.08,Confirmed,40.31,2025-07,0,2025,Jul,7
B0620,2025-02-09,Thailand,B2C,Flight,Couple,Supplier B,3,861.34,673.99,Confirmed,187.35,2025-02,0,2025,Feb,2
B0621,2025-01-02,Egypt,B2B,Transfer,Leisure,Supplier E,2,213.22,167.0,Confirmed,46.22,2025-01,0,2025,Jan,1
B0622,2025-08-23,Portugal,B2B,Transfer,Leisure,Supplier D,1,119.04,97.28,Confirmed,21.76,2025-08,0,2025,Aug,8
B0623,2025-09-18,Portugal,B2C,Hotel,Family,Supplier E,3,1629.43,1377.12,Confirmed,252.31,2025-09,0,2025,Sep,9
B0624,2026-02-23,Turkey,B2C,Hotel,Leisure,Supplier E,3,1289.78,914.91,Completed,374.87,2026-02,0,2026,Feb,2
B0625,2025-05-01,Thailand,B2B,Flight,Business,Supplier C,2,524.24,382.51,Confirmed,141.73,2025-05,0,2025,May,5
B0626,2026-01-06,Italy,B2B,Hotel,Family,Supplier C,3,1257.49,1051.53,Confirmed,205.96,2026-01,0,2026,Jan,1
B0627,2026-03-10,Azerbaijan,B2B,Package,Couple,Supplier B,2,2726.16,2339.93,Completed,386.23,2026-03,0,2026,Mar,3
B0628,2026-05-10,France,B2B,Package,Family,Supplier C,3,3485.03,2589.32,Confirmed,895.71,2026-05,0,2026,May,5
B0629,2025-12-19,Egypt,B2C,Hotel,Business,Supplier D,1,673.53,536.78,Confirmed,136.75,2025-12,0,2025,Dec,12
B0630,2025-04-13,Greece,B2B,Transfer,Leisure,Supplier B,2,185.86,133.63,Cancelled,52.23,2025-04,1,2025,Apr,4
B0631,2025-01-06,Italy,B2B,Hotel,Couple,Supplier A,1,475.53,399.26,Completed,76.27,2025-01,0,2025,Jan,1
B0632,2025-09-27,Greece,B2C,Package,Leisure,Supplier D,2,3303.91,2433.92,Confirmed,869.99,2025-09,0,2025,Sep,9
B0633,2026-06-18,Turkey,B2C,Flight,Couple,Supplier D,1,402.36,323.48,Cancelled,78.88,2026-06,1,2026,Jun,6
B0634,2025-07-26,Thailand,B2C,Package,Leisure,Supplier E,3,3048.45,2571.75,Confirmed,476.7,2025-07,0,2025,Jul,7
B0635,2026-06-13,Greece,B2C,Hotel,Family,Supplier B,1,550.26,400.83,Completed,149.43,2026-06,0,2026,Jun,6
B0636,2025-06-11,Italy,B2B,Package,Family,Supplier D,2,3096.94,2610.06,Confirmed,486.88,2025-06,0,2025,Jun,6
B0637,2025-07-25,Thailand,B2C,Flight,Leisure,Supplier E,1,290.0,212.62,Completed,77.38,2025-07,0,2025,Jul,7
B0638,2025-12-23,UAE,B2C,Package,Business,Supplier D,2,2217.45,1813.37,Confirmed,404.08,2025-12,0,2025,Dec,12
B0639,2025-01-05,Turkey,B2B,Hotel,Leisure,Supplier E,1,851.85,609.09,Completed,242.76,2025-01,0,2025,Jan,1
B0640,2026-05-31,Turkey,B2C,Package,Family,Supplier E,3,2629.09,2220.66,Confirmed,408.43,2026-05,0,2026,May,5
B0641,2025-09-14,Portugal,B2B,Transfer,Business,Supplier C,2,185.76,162.94,Cancelled,22.82,2025-09,1,2025,Sep,9
B0642,2026-04-17,Azerbaijan,B2B,Flight,Leisure,Supplier C,1,360.53,293.56,Confirmed,66.97,2026-04,0,2026,Apr,4
B0643,2026-01-27,Greece,B2B,Hotel,Couple,Supplier C,3,1535.11,1119.41,Confirmed,415.7,2026-01,0,2026,Jan,1
B0644,2025-01-10,Turkey,B2B,Hotel,Leisure,Supplier D,1,689.04,551.75,Confirmed,137.29,2025-01,0,2025,Jan,1
B0645,2025-03-19,Thailand,B2B,Hotel,Family,Supplier C,1,627.64,448.32,Completed,179.32,2025-03,0,2025,Mar,3
B0646,2025-10-03,France,B2B,Hotel,Business,Supplier B,1,589.26,432.36,Completed,156.9,2025-10,0,2025,Oct,10
B0647,2025-09-29,Greece,B2C,Hotel,Business,Supplier E,1,565.47,468.12,Confirmed,97.35,2025-09,0,2025,Sep,9
B0648,2025-06-09,Italy,B2C,Flight,Couple,Supplier E,1,438.06,343.79,Completed,94.27,2025-06,0,2025,Jun,6
B0649,2025-02-13,Portugal,B2B,Package,Couple,Supplier E,1,507.35,400.28,Completed,107.07,2025-02,0,2025,Feb,2
B0650,2026-05-18,France,B2B,Package,Business,Supplier E,1,1037.26,788.67,Confirmed,248.59,2026-05,0,2026,May,5
B0651,2025-02-25,Thailand,B2B,Transfer,Leisure,Supplier E,1,117.36,84.28,Confirmed,33.08,2025-02,0,2025,Feb,2
B0652,2026-02-08,France,B2C,Transfer,Couple,Supplier C,1,109.54,79.48,Confirmed,30.06,2026-02,0,2026,Feb,2
B0653,2025-01-13,Greece,B2C,Transfer,Family,Supplier C,3,413.91,338.25,Cancelled,75.66,2025-01,1,2025,Jan,1
B0654,2025-09-23,France,B2C,Package,Family,Supplier D,3,3411.56,2604.48,Completed,807.08,2025-09,0,2025,Sep,9
B0655,2025-12-18,UAE,B2B,Hotel,Couple,Supplier B,2,1202.09,978.68,Confirmed,223.41,2025-12,0,2025,Dec,12
B0656,2026-01-17,UAE,B2B,Transfer,Couple,Supplier B,3,283.07,232.6,Confirmed,50.47,2026-01,0,2026,Jan,1
B0657,2025-05-15,Azerbaijan,B2C,Hotel,Family,Supplier B,3,1409.25,1030.84,Completed,378.41,2025-05,0,2025,May,5
B0658,2026-03-19,Egypt,B2C,Hotel,Business,Supplier D,1,570.42,422.62,Completed,147.8,2026-03,0,2026,Mar,3
B0659,2025-06-30,Egypt,B2C,Transfer,Family,Supplier D,1,118.18,97.49,Confirmed,20.69,2025-06,0,2025,Jun,6
B0660,2025-09-14,Thailand,B2B,Flight,Leisure,Supplier B,1,199.4,150.54,Confirmed,48.86,2025-09,0,2025,Sep,9
B0661,2025-08-09,Turkey,B2C,Transfer,Couple,Supplier C,1,108.67,93.11,Completed,15.56,2025-08,0,2025,Aug,8
B0662,2026-01-05,UAE,B2B,Package,Leisure,Supplier D,1,1312.85,1105.32,Cancelled,207.53,2026-01,1,2026,Jan,1
B0663,2025-12-26,Azerbaijan,B2C,Hotel,Family,Supplier C,1,601.96,494.05,Cancelled,107.91,2025-12,1,2025,Dec,12
B0664,2026-06-07,Portugal,B2C,Transfer,Couple,Supplier E,1,88.58,63.78,Confirmed,24.8,2026-06,0,2026,Jun,6
B0665,2026-04-20,France,B2B,Hotel,Couple,Supplier E,3,2122.17,1694.33,Confirmed,427.84,2026-04,0,2026,Apr,4
B0666,2026-02-19,Italy,B2C,Flight,Family,Supplier B,1,309.21,270.81,Confirmed,38.4,2026-02,0,2026,Feb,2
B0667,2025-11-21,Turkey,B2B,Package,Family,Supplier D,1,1062.64,885.37,Completed,177.27,2025-11,0,2025,Nov,11
B0668,2026-06-18,Portugal,B2C,Transfer,Business,Supplier A,1,92.59,69.48,Completed,23.11,2026-06,0,2026,Jun,6
B0669,2025-08-29,Turkey,B2C,Flight,Business,Supplier D,1,365.97,305.85,Completed,60.12,2025-08,0,2025,Aug,8
B0670,2025-04-08,Italy,B2C,Transfer,Leisure,Supplier D,3,264.29,185.86,Completed,78.43,2025-04,0,2025,Apr,4
B0671,2025-03-27,Italy,B2C,Package,Leisure,Supplier D,1,922.6,783.56,Confirmed,139.04,2025-03,0,2025,Mar,3
B0672,2025-08-23,Greece,B2B,Package,Business,Supplier B,3,4890.28,4191.44,Confirmed,698.84,2025-08,0,2025,Aug,8
B0673,2025-06-24,Spain,B2B,Flight,Family,Supplier D,2,705.82,506.34,Confirmed,199.48,2025-06,0,2025,Jun,6
B0674,2025-10-06,Thailand,B2C,Transfer,Business,Supplier E,3,431.69,303.15,Confirmed,128.54,2025-10,0,2025,Oct,10
B0675,2026-04-13,Azerbaijan,B2B,Transfer,Family,Supplier D,3,348.84,262.85,Confirmed,85.99,2026-04,0,2026,Apr,4
B0676,2025-08-21,Italy,B2B,Transfer,Family,Supplier D,1,52.01,43.36,Confirmed,8.65,2025-08,0,2025,Aug,8
B0677,2025-06-09,Turkey,B2C,Flight,Business,Supplier C,1,405.15,348.68,Confirmed,56.47,2025-06,0,2025,Jun,6
B0678,2026-04-26,Thailand,B2B,Flight,Couple,Supplier C,1,473.27,338.02,Confirmed,135.25,2026-04,0,2026,Apr,4
B0679,2026-03-17,Turkey,B2C,Hotel,Family,Supplier B,2,1101.18,783.44,Completed,317.74,2026-03,0,2026,Mar,3
B0680,2026-03-24,Egypt,B2C,Hotel,Couple,Supplier D,1,715.68,578.14,Confirmed,137.54,2026-03,0,2026,Mar,3
B0681,2025-09-27,Italy,B2C,Transfer,Family,Supplier C,3,362.82,311.38,Cancelled,51.44,2025-09,1,2025,Sep,9
B0682,2025-10-03,Egypt,B2C,Hotel,Business,Supplier B,1,615.77,488.39,Confirmed,127.38,2025-10,0,2025,Oct,10
B0683,2025-04-24,Portugal,B2B,Transfer,Couple,Supplier B,1,77.6,65.13,Cancelled,12.47,2025-04,1,2025,Apr,4
B0684,2025-01-20,France,B2C,Flight,Business,Supplier A,1,155.98,134.24,Confirmed,21.74,2025-01,0,2025,Jan,1
B0685,2025-10-03,France,B2C,Transfer,Business,Supplier A,1,137.89,111.21,Completed,26.68,2025-10,0,2025,Oct,10
B0686,2025-01-16,Portugal,B2B,Hotel,Couple,Supplier C,2,1477.63,1097.49,Confirmed,380.14,2025-01,0,2025,Jan,1
B0687,2026-01-16,Portugal,B2B,Flight,Leisure,Supplier B,1,297.95,234.72,Cancelled,63.23,2026-01,1,2026,Jan,1
B0688,2025-09-30,Egypt,B2B,Flight,Business,Supplier B,1,244.45,212.94,Cancelled,31.51,2025-09,1,2025,Sep,9
B0689,2026-01-26,Spain,B2C,Flight,Couple,Supplier D,1,323.91,263.71,Confirmed,60.2,2026-01,0,2026,Jan,1
B0690,2025-02-04,Greece,B2C,Transfer,Business,Supplier D,2,280.18,208.96,Confirmed,71.22,2025-02,0,2025,Feb,2
B0691,2025-11-16,UAE,B2C,Hotel,Leisure,Supplier C,2,895.0,649.06,Confirmed,245.94,2025-11,0,2025,Nov,11
B0692,2025-11-02,Greece,B2C,Package,Business,Supplier A,1,1237.04,1082.26,Confirmed,154.78,2025-11,0,2025,Nov,11
B0693,2026-03-21,UAE,B2C,Flight,Family,Supplier E,1,193.99,157.12,Confirmed,36.87,2026-03,0,2026,Mar,3
B0694,2026-02-10,Greece,B2C,Flight,Couple,Supplier E,1,312.55,230.43,Confirmed,82.12,2026-02,0,2026,Feb,2
B0695,2026-01-16,Italy,B2C,Hotel,Couple,Supplier A,3,1479.74,1249.59,Cancelled,230.15,2026-01,1,2026,Jan,1
B0696,2025-12-13,Spain,B2B,Flight,Business,Supplier E,1,252.61,200.14,Confirmed,52.47,2025-12,0,2025,Dec,12
B0697,2025-05-09,Portugal,B2B,Hotel,Family,Supplier D,1,515.79,369.14,Cancelled,146.65,2025-05,1,2025,May,5
B0698,2025-01-22,Egypt,B2C,Package,Family,Supplier A,2,2969.94,2139.81,Confirmed,830.13,2025-01,0,2025,Jan,1
B0699,2026-03-25,Thailand,B2B,Package,Business,Supplier E,1,1626.6,1283.12,Completed,343.48,2026-03,0,2026,Mar,3
B0700,2025-12-23,UAE,B2B,Transfer,Business,Supplier A,3,286.7,251.93,Confirmed,34.77,2025-12,0,2025,Dec,12
B0701,2025-06-08,Portugal,B2B,Package,Family,Supplier D,1,1002.06,777.53,Confirmed,224.53,2025-06,0,2025,Jun,6
B0702,2026-06-03,Egypt,B2C,Hotel,Family,Supplier E,1,311.13,268.62,Completed,42.51,2026-06,0,2026,Jun,6
B0703,2025-11-25,Italy,B2C,Transfer,Couple,Supplier E,1,52.94,44.91,Completed,8.03,2025-11,0,2025,Nov,11
B0704,2025-10-17,UAE,B2B,Transfer,Leisure,Supplier A,3,356.42,302.18,Confirmed,54.24,2025-10,0,2025,Oct,10
B0705,2025-03-10,Spain,B2C,Hotel,Leisure,Supplier B,1,466.96,348.52,Confirmed,118.44,2025-03,0,2025,Mar,3
B0706,2026-05-13,Greece,B2C,Flight,Couple,Supplier D,3,999.46,808.25,Completed,191.21,2026-05,0,2026,May,5
B0707,2025-09-20,Spain,B2C,Package,Leisure,Supplier A,1,1156.01,904.14,Confirmed,251.87,2025-09,0,2025,Sep,9
B0708,2026-05-19,Italy,B2C,Transfer,Family,Supplier E,2,142.59,102.92,Confirmed,39.67,2026-05,0,2026,May,5
B0709,2026-01-13,Spain,B2C,Package,Leisure,Supplier C,1,1204.06,860.22,Confirmed,343.84,2026-01,0,2026,Jan,1
B0710,2025-08-10,Thailand,B2C,Flight,Business,Supplier E,2,653.77,568.46,Cancelled,85.31,2025-08,1,2025,Aug,8
B0711,2025-07-14,Greece,B2C,Hotel,Couple,Supplier A,3,1125.39,908.03,Confirmed,217.36,2025-07,0,2025,Jul,7
B0712,2026-01-02,Portugal,B2C,Transfer,Business,Supplier B,3,397.59,323.84,Completed,73.75,2026-01,0,2026,Jan,1
B0713,2026-02-16,Thailand,B2C,Package,Couple,Supplier C,1,1583.6,1314.89,Confirmed,268.71,2026-02,0,2026,Feb,2
B0714,2025-11-29,UAE,B2B,Transfer,Family,Supplier E,1,102.64,88.52,Confirmed,14.12,2025-11,0,2025,Nov,11
B0715,2025-08-08,Egypt,B2B,Package,Couple,Supplier D,2,1699.39,1193.15,Confirmed,506.24,2025-08,0,2025,Aug,8
B0716,2025-01-01,Spain,B2C,Package,Business,Supplier C,1,1288.0,970.0,Confirmed,318.0,2025-01,0,2025,Jan,1
B0717,2025-11-04,Greece,B2B,Hotel,Leisure,Supplier C,3,1371.1,990.13,Cancelled,380.97,2025-11,1,2025,Nov,11
B0718,2026-06-08,Thailand,B2C,Hotel,Leisure,Supplier D,1,554.04,422.05,Completed,131.99,2026-06,0,2026,Jun,6
B0719,2025-06-09,France,B2B,Package,Business,Supplier B,1,1589.31,1310.62,Confirmed,278.69,2025-06,0,2025,Jun,6
B0720,2025-11-04,Italy,B2C,Transfer,Leisure,Supplier C,2,212.73,174.68,Confirmed,38.05,2025-11,0,2025,Nov,11
B0721,2025-06-27,Portugal,B2B,Flight,Leisure,Supplier E,2,819.3,639.35,Completed,179.95,2025-06,0,2025,Jun,6
B0722,2025-03-22,Spain,B2B,Package,Couple,Supplier D,1,1015.28,860.99,Completed,154.29,2025-03,0,2025,Mar,3
B0723,2025-08-21,Azerbaijan,B2B,Flight,Leisure,Supplier C,3,923.9,699.76,Cancelled,224.14,2025-08,1,2025,Aug,8
B0724,2025-02-12,UAE,B2B,Hotel,Business,Supplier B,1,662.59,508.08,Cancelled,154.51,2025-02,1,2025,Feb,2
B0725,2026-02-07,Portugal,B2C,Flight,Couple,Supplier C,2,825.03,633.14,Confirmed,191.89,2026-02,0,2026,Feb,2
B0726,2025-06-01,France,B2C,Package,Couple,Supplier E,1,1644.35,1278.47,Confirmed,365.88,2025-06,0,2025,Jun,6
B0727,2026-02-13,Turkey,B2B,Flight,Couple,Supplier B,1,292.4,212.81,Confirmed,79.59,2026-02,0,2026,Feb,2
B0728,2026-05-08,Thailand,B2B,Hotel,Couple,Supplier E,1,657.88,536.99,Cancelled,120.89,2026-05,1,2026,May,5
B0729,2026-06-21,Greece,B2C,Hotel,Family,Supplier D,1,455.0,352.05,Confirmed,102.95,2026-06,0,2026,Jun,6
B0730,2025-04-02,Italy,B2B,Transfer,Family,Supplier C,1,89.43,73.5,Cancelled,15.93,2025-04,1,2025,Apr,4
B0731,2025-11-25,UAE,B2B,Flight,Business,Supplier C,3,628.21,551.47,Confirmed,76.74,2025-11,0,2025,Nov,11
B0732,2026-03-29,Azerbaijan,B2B,Hotel,Leisure,Supplier B,1,450.42,371.1,Confirmed,79.32,2026-03,0,2026,Mar,3
B0733,2026-01-18,France,B2C,Flight,Leisure,Supplier B,3,832.63,658.6,Completed,174.03,2026-01,0,2026,Jan,1
B0734,2025-06-01,Turkey,B2B,Flight,Leisure,Supplier C,2,637.41,490.27,Confirmed,147.14,2025-06,0,2025,Jun,6
B0735,2026-04-28,Spain,B2C,Package,Business,Supplier B,3,3657.22,2665.4,Confirmed,991.82,2026-04,0,2026,Apr,4
B0736,2026-06-20,Turkey,B2C,Transfer,Leisure,Supplier D,3,255.47,213.6,Confirmed,41.87,2026-06,0,2026,Jun,6
B0737,2026-06-24,Spain,B2C,Package,Leisure,Supplier C,1,1446.32,1042.66,Completed,403.66,2026-06,0,2026,Jun,6
B0738,2025-10-05,Spain,B2C,Transfer,Leisure,Supplier D,1,87.14,65.92,Completed,21.22,2025-10,0,2025,Oct,10
B0739,2026-01-04,Italy,B2B,Flight,Couple,Supplier B,2,850.22,745.75,Confirmed,104.47,2026-01,0,2026,Jan,1
B0740,2026-06-05,Italy,B2B,Package,Leisure,Supplier B,1,1379.37,1204.2,Confirmed,175.17,2026-06,0,2026,Jun,6
B0741,2026-05-28,Portugal,B2C,Flight,Business,Supplier E,1,179.25,142.94,Confirmed,36.31,2026-05,0,2026,May,5
B0742,2025-12-08,Portugal,B2C,Transfer,Leisure,Supplier C,1,65.03,52.0,Confirmed,13.03,2025-12,0,2025,Dec,12
B0743,2025-12-30,Turkey,B2B,Hotel,Leisure,Supplier C,2,1272.95,991.98,Confirmed,280.97,2025-12,0,2025,Dec,12
B0744,2025-01-31,Thailand,B2C,Package,Business,Supplier C,2,2850.59,2128.48,Confirmed,722.11,2025-01,0,2025,Jan,1
B0745,2025-05-21,Italy,B2C,Transfer,Couple,Supplier B,3,271.58,203.32,Completed,68.26,2025-05,0,2025,May,5
B0746,2025-06-06,Egypt,B2B,Package,Couple,Supplier E,1,1084.77,868.24,Confirmed,216.53,2025-06,0,2025,Jun,6
B0747,2025-07-31,France,B2C,Hotel,Family,Supplier E,1,377.8,294.66,Cancelled,83.14,2025-07,1,2025,Jul,7
B0748,2026-03-17,France,B2B,Hotel,Leisure,Supplier E,3,1728.52,1362.08,Confirmed,366.44,2026-03,0,2026,Mar,3
B0749,2025-05-02,France,B2C,Package,Leisure,Supplier C,2,3270.67,2654.86,Confirmed,615.81,2025-05,0,2025,May,5
B0750,2026-02-26,Turkey,B2B,Transfer,Business,Supplier B,1,147.09,113.42,Confirmed,33.67,2026-02,0,2026,Feb,2
B0751,2025-05-15,France,B2B,Flight,Business,Supplier E,1,556.93,412.68,Completed,144.25,2025-05,0,2025,May,5
B0752,2025-08-25,Spain,B2C,Package,Couple,Supplier B,3,2171.88,1875.86,Completed,296.02,2025-08,0,2025,Aug,8
B0753,2026-04-26,UAE,B2B,Hotel,Couple,Supplier D,1,704.17,509.48,Completed,194.69,2026-04,0,2026,Apr,4
B0754,2025-06-17,Greece,B2C,Hotel,Couple,Supplier A,1,554.82,400.84,Completed,153.98,2025-06,0,2025,Jun,6
B0755,2026-02-27,Greece,B2C,Hotel,Leisure,Supplier B,2,1267.96,1103.03,Confirmed,164.93,2026-02,0,2026,Feb,2
B0756,2026-05-17,UAE,B2C,Transfer,Couple,Supplier D,1,85.17,66.71,Completed,18.46,2026-05,0,2026,May,5
B0757,2026-01-25,UAE,B2C,Transfer,Leisure,Supplier D,2,249.91,201.42,Confirmed,48.49,2026-01,0,2026,Jan,1
B0758,2025-02-13,Greece,B2C,Transfer,Couple,Supplier E,1,93.63,70.36,Confirmed,23.27,2025-02,0,2025,Feb,2
B0759,2025-07-14,Turkey,B2B,Transfer,Family,Supplier C,2,158.31,125.39,Confirmed,32.92,2025-07,0,2025,Jul,7
B0760,2025-06-20,Egypt,B2C,Package,Business,Supplier D,2,3462.11,2783.23,Completed,678.88,2025-06,0,2025,Jun,6
B0761,2025-04-03,Thailand,B2C,Flight,Business,Supplier D,2,630.16,534.98,Completed,95.18,2025-04,0,2025,Apr,4
B0762,2025-11-28,Portugal,B2C,Flight,Couple,Supplier E,1,345.59,277.59,Completed,68.0,2025-11,0,2025,Nov,11
B0763,2026-04-11,Italy,B2B,Package,Business,Supplier A,1,1180.93,1008.18,Confirmed,172.75,2026-04,0,2026,Apr,4
B0764,2025-04-27,Portugal,B2C,Package,Couple,Supplier E,3,3591.16,3061.3,Completed,529.86,2025-04,0,2025,Apr,4
B0765,2025-06-13,Egypt,B2C,Transfer,Business,Supplier C,3,332.37,270.15,Completed,62.22,2025-06,0,2025,Jun,6
B0766,2025-06-03,France,B2C,Hotel,Leisure,Supplier D,1,95.41,67.12,Confirmed,28.29,2025-06,0,2025,Jun,6
B0767,2025-11-13,Portugal,B2C,Package,Leisure,Supplier B,1,1643.44,1355.27,Confirmed,288.17,2025-11,0,2025,Nov,11
B0768,2025-01-04,Azerbaijan,B2C,Package,Couple,Supplier D,2,3163.27,2384.76,Confirmed,778.51,2025-01,0,2025,Jan,1
B0769,2025-01-06,Azerbaijan,B2C,Transfer,Business,Supplier E,2,156.66,115.6,Completed,41.06,2025-01,0,2025,Jan,1
B0770,2026-04-10,Egypt,B2C,Transfer,Leisure,Supplier B,3,353.82,248.24,Completed,105.58,2026-04,0,2026,Apr,4
B0771,2025-10-12,Azerbaijan,B2C,Hotel,Business,Supplier B,1,684.11,515.16,Confirmed,168.95,2025-10,0,2025,Oct,10
B0772,2025-12-24,Spain,B2C,Hotel,Family,Supplier C,1,617.58,514.33,Completed,103.25,2025-12,0,2025,Dec,12
B0773,2025-02-20,Italy,B2C,Transfer,Business,Supplier C,3,233.81,195.38,Completed,38.43,2025-02,0,2025,Feb,2
B0774,2025-07-01,Portugal,B2C,Package,Leisure,Supplier C,1,1401.17,1146.91,Completed,254.26,2025-07,0,2025,Jul,7
B0775,2026-01-13,Egypt,B2B,Flight,Leisure,Supplier C,2,702.98,503.3,Confirmed,199.68,2026-01,0,2026,Jan,1
B0776,2025-05-18,Italy,B2B,Package,Couple,Supplier E,1,1624.55,1159.89,Confirmed,464.66,2025-05,0,2025,May,5
B0777,2025-08-03,Azerbaijan,B2C,Flight,Leisure,Supplier D,3,778.51,593.84,Confirmed,184.67,2025-08,0,2025,Aug,8
B0778,2025-10-22,Egypt,B2B,Package,Family,Supplier B,3,3598.26,3042.27,Completed,555.99,2025-10,0,2025,Oct,10
B0779,2026-05-24,Thailand,B2B,Transfer,Business,Supplier E,1,44.63,31.86,Confirmed,12.77,2026-05,0,2026,May,5
B0780,2025-10-25,Greece,B2C,Flight,Leisure,Supplier D,1,339.11,285.87,Completed,53.24,2025-10,0,2025,Oct,10
B0781,2025-08-01,Azerbaijan,B2B,Transfer,Leisure,Supplier C,1,52.24,38.75,Confirmed,13.49,2025-08,0,2025,Aug,8
B0782,2025-08-06,Spain,B2B,Hotel,Family,Supplier A,1,424.68,358.7,Completed,65.98,2025-08,0,2025,Aug,8
B0783,2025-11-04,Thailand,B2C,Package,Leisure,Supplier C,1,1540.32,1167.36,Confirmed,372.96,2025-11,0,2025,Nov,11
B0784,2026-02-10,Azerbaijan,B2C,Flight,Business,Supplier C,1,302.63,224.15,Cancelled,78.48,2026-02,1,2026,Feb,2
B0785,2026-05-06,Portugal,B2C,Flight,Couple,Supplier B,2,650.74,497.43,Cancelled,153.31,2026-05,1,2026,May,5
B0786,2025-12-10,Portugal,B2C,Transfer,Family,Supplier E,1,102.38,73.93,Completed,28.45,2025-12,0,2025,Dec,12
B0787,2025-01-20,Greece,B2B,Package,Leisure,Supplier B,1,193.17,155.59,Cancelled,37.58,2025-01,1,2025,Jan,1
B0788,2025-02-01,UAE,B2C,Transfer,Couple,Supplier B,3,299.67,213.64,Completed,86.03,2025-02,0,2025,Feb,2
B0789,2025-04-30,Turkey,B2C,Package,Family,Supplier D,1,1532.49,1299.64,Completed,232.85,2025-04,0,2025,Apr,4
B0790,2026-05-24,Greece,B2B,Package,Family,Supplier B,3,2727.78,2180.72,Confirmed,547.06,2026-05,0,2026,May,5
B0791,2025-11-06,France,B2B,Flight,Leisure,Supplier B,1,355.16,265.96,Confirmed,89.2,2025-11,0,2025,Nov,11
B0792,2026-03-31,Thailand,B2B,Flight,Business,Supplier B,1,274.4,206.12,Confirmed,68.28,2026-03,0,2026,Mar,3
B0793,2026-05-11,Thailand,B2B,Package,Business,Supplier A,3,3199.71,2670.98,Confirmed,528.73,2026-05,0,2026,May,5
B0794,2025-05-16,Greece,B2B,Flight,Couple,Supplier E,1,333.65,233.56,Confirmed,100.09,2025-05,0,2025,May,5
B0795,2025-01-05,Turkey,B2C,Flight,Family,Supplier D,1,290.62,247.34,Confirmed,43.28,2025-01,0,2025,Jan,1
B0796,2025-04-16,Thailand,B2C,Package,Family,Supplier B,1,1304.32,970.97,Completed,333.35,2025-04,0,2025,Apr,4
B0797,2025-07-25,Greece,B2B,Package,Family,Supplier D,1,1019.66,779.88,Confirmed,239.78,2025-07,0,2025,Jul,7
B0798,2025-10-07,France,B2B,Hotel,Leisure,Supplier A,3,1482.23,1262.4,Confirmed,219.83,2025-10,0,2025,Oct,10
B0799,2026-06-11,Italy,B2B,Hotel,Family,Supplier C,1,579.7,451.06,Completed,128.64,2026-06,0,2026,Jun,6
B0800,2025-10-18,Azerbaijan,B2C,Hotel,Leisure,Supplier C,3,1707.81,1311.46,Completed,396.35,2025-10,0,2025,Oct,10
B0801,2025-12-13,Thailand,B2C,Transfer,Business,Supplier A,2,204.12,161.03,Confirmed,43.09,2025-12,0,2025,Dec,12
B0802,2025-02-21,Italy,B2C,Transfer,Leisure,Supplier D,2,159.0,129.41,Completed,29.59,2025-02,0,2025,Feb,2
B0803,2025-07-03,Azerbaijan,B2B,Transfer,Family,Supplier C,1,120.68,105.46,Completed,15.22,2025-07,0,2025,Jul,7
B0804,2025-03-22,Portugal,B2C,Hotel,Couple,Supplier A,2,1453.81,1266.47,Completed,187.34,2025-03,0,2025,Mar,3
B0805,2025-11-14,Portugal,B2C,Transfer,Business,Supplier B,3,235.71,198.17,Cancelled,37.54,2025-11,1,2025,Nov,11
B0806,2025-09-22,UAE,B2C,Transfer,Family,Supplier C,2,173.18,122.73,Confirmed,50.45,2025-09,0,2025,Sep,9
B0807,2026-05-15,Spain,B2B,Flight,Leisure,Supplier C,2,640.09,497.92,Confirmed,142.17,2026-05,0,2026,May,5
B0808,2026-04-18,France,B2B,Package,Business,Supplier E,1,1460.42,1077.2,Confirmed,383.22,2026-04,0,2026,Apr,4
B0809,2026-02-20,Italy,B2C,Package,Family,Supplier E,2,2144.3,1797.27,Confirmed,347.03,2026-02,0,2026,Feb,2
B0810,2026-02-15,Azerbaijan,B2C,Transfer,Business,Supplier E,1,91.07,77.23,Completed,13.84,2026-02,0,2026,Feb,2
B0811,2026-05-09,Egypt,B2B,Flight,Business,Supplier E,2,751.5,589.94,Completed,161.56,2026-05,0,2026,May,5
B0812,2026-03-22,Azerbaijan,B2C,Package,Business,Supplier A,3,2554.23,1887.15,Completed,667.08,2026-03,0,2026,Mar,3
B0813,2026-05-14,Italy,B2B,Transfer,Leisure,Supplier D,1,53.67,38.89,Cancelled,14.78,2026-05,1,2026,May,5
B0814,2025-11-12,Egypt,B2C,Flight,Couple,Supplier C,2,786.57,655.17,Confirmed,131.4,2025-11,0,2025,Nov,11
B0815,2025-03-04,Italy,B2C,Hotel,Leisure,Supplier B,1,360.16,298.35,Confirmed,61.81,2025-03,0,2025,Mar,3
B0816,2026-04-09,Thailand,B2B,Package,Couple,Supplier B,1,1824.94,1569.88,Confirmed,255.06,2026-04,0,2026,Apr,4
B0817,2025-11-21,Turkey,B2B,Package,Family,Supplier A,3,3178.68,2288.88,Confirmed,889.8,2025-11,0,2025,Nov,11
B0818,2025-01-09,Azerbaijan,B2C,Transfer,Family,Supplier A,1,90.67,67.84,Completed,22.83,2025-01,0,2025,Jan,1
B0819,2025-02-24,Spain,B2C,Package,Family,Supplier A,1,1169.99,922.79,Confirmed,247.2,2025-02,0,2025,Feb,2
B0820,2026-03-19,Azerbaijan,B2B,Transfer,Couple,Supplier D,2,137.1,109.07,Cancelled,28.03,2026-03,1,2026,Mar,3
B0821,2026-03-22,Thailand,B2C,Hotel,Couple,Supplier B,1,537.09,469.11,Confirmed,67.98,2026-03,0,2026,Mar,3
B0822,2026-01-29,UAE,B2C,Transfer,Family,Supplier B,1,88.01,72.34,Confirmed,15.67,2026-01,0,2026,Jan,1
B0823,2025-01-12,Italy,B2C,Flight,Couple,Supplier D,1,384.1,304.91,Completed,79.19,2025-01,0,2025,Jan,1
B0824,2025-03-28,France,B2B,Transfer,Couple,Supplier E,1,114.1,82.45,Confirmed,31.65,2025-03,0,2025,Mar,3
B0825,2026-04-11,Thailand,B2B,Transfer,Couple,Supplier C,1,112.9,81.47,Confirmed,31.43,2026-04,0,2026,Apr,4
B0826,2025-07-10,Egypt,B2B,Flight,Business,Supplier E,1,373.03,262.3,Confirmed,110.73,2025-07,0,2025,Jul,7
B0827,2026-02-25,Thailand,B2C,Package,Leisure,Supplier E,2,2571.3,1961.02,Confirmed,610.28,2026-02,0,2026,Feb,2
B0828,2026-01-13,Italy,B2C,Transfer,Business,Supplier E,1,136.2,95.37,Confirmed,40.83,2026-01,0,2026,Jan,1
B0829,2026-04-22,Thailand,B2C,Flight,Business,Supplier D,1,334.76,285.37,Confirmed,49.39,2026-04,0,2026,Apr,4
B0830,2025-11-16,Azerbaijan,B2B,Flight,Leisure,Supplier D,2,649.12,559.37,Completed,89.75,2025-11,0,2025,Nov,11
B0831,2026-06-09,Portugal,B2B,Package,Family,Supplier C,1,1171.88,904.27,Confirmed,267.61,2026-06,0,2026,Jun,6
B0832,2025-06-21,Spain,B2B,Package,Leisure,Supplier D,3,5314.36,3782.89,Confirmed,1531.47,2025-06,0,2025,Jun,6
B0833,2025-06-23,Azerbaijan,B2B,Flight,Leisure,Supplier C,2,621.5,518.67,Confirmed,102.83,2025-06,0,2025,Jun,6
B0834,2025-03-26,France,B2B,Flight,Family,Supplier B,3,518.31,368.21,Completed,150.1,2025-03,0,2025,Mar,3
B0835,2025-10-15,Turkey,B2C,Package,Leisure,Supplier E,1,1257.31,1098.01,Confirmed,159.3,2025-10,0,2025,Oct,10
B0836,2025-06-04,Portugal,B2C,Package,Family,Supplier B,2,2661.49,2038.23,Confirmed,623.26,2025-06,0,2025,Jun,6
B0837,2025-07-05,Thailand,B2B,Flight,Leisure,Supplier B,3,859.15,697.66,Completed,161.49,2025-07,0,2025,Jul,7
B0838,2025-06-07,Portugal,B2B,Transfer,Business,Supplier D,1,86.55,69.59,Confirmed,16.96,2025-06,0,2025,Jun,6
B0839,2025-08-04,Azerbaijan,B2C,Package,Family,Supplier A,1,1424.38,1096.59,Completed,327.79,2025-08,0,2025,Aug,8
B0840,2025-06-21,Portugal,B2B,Transfer,Family,Supplier D,3,375.98,280.78,Confirmed,95.2,2025-06,0,2025,Jun,6
B0841,2025-08-28,Egypt,B2B,Transfer,Family,Supplier B,3,266.33,208.96,Completed,57.37,2025-08,0,2025,Aug,8
B0842,2026-03-22,Spain,B2B,Package,Couple,Supplier C,3,4239.68,3507.87,Confirmed,731.81,2026-03,0,2026,Mar,3
B0843,2025-02-12,Italy,B2B,Package,Family,Supplier C,1,957.7,693.54,Completed,264.16,2025-02,0,2025,Feb,2
B0844,2025-10-01,Italy,B2B,Package,Couple,Supplier B,3,5944.02,4727.51,Confirmed,1216.51,2025-10,0,2025,Oct,10
B0845,2025-07-19,Thailand,B2C,Package,Family,Supplier E,1,1958.26,1397.66,Confirmed,560.6,2025-07,0,2025,Jul,7
B0846,2025-01-09,Italy,B2B,Flight,Leisure,Supplier E,1,320.61,271.0,Confirmed,49.61,2025-01,0,2025,Jan,1
B0847,2026-04-02,UAE,B2B,Hotel,Family,Supplier B,1,205.57,145.52,Confirmed,60.05,2026-04,0,2026,Apr,4
B0848,2025-01-25,Azerbaijan,B2C,Flight,Business,Supplier E,1,457.4,356.86,Confirmed,100.54,2025-01,0,2025,Jan,1
B0849,2025-05-03,Italy,B2B,Hotel,Business,Supplier A,1,475.1,414.72,Confirmed,60.38,2025-05,0,2025,May,5
B0850,2025-09-17,Turkey,B2C,Transfer,Couple,Supplier C,2,221.31,192.82,Completed,28.49,2025-09,0,2025,Sep,9
B0851,2025-11-28,Turkey,B2C,Hotel,Family,Supplier A,2,596.73,464.65,Cancelled,132.08,2025-11,1,2025,Nov,11
B0852,2026-02-02,UAE,B2B,Flight,Family,Supplier B,2,722.82,515.48,Cancelled,207.34,2026-02,1,2026,Feb,2
B0853,2025-03-13,Portugal,B2B,Hotel,Business,Supplier D,1,604.39,505.46,Confirmed,98.93,2025-03,0,2025,Mar,3
B0854,2025-05-28,Thailand,B2C,Transfer,Leisure,Supplier D,1,95.51,75.06,Completed,20.45,2025-05,0,2025,May,5
B0855,2025-04-16,Spain,B2C,Flight,Family,Supplier D,1,384.49,315.28,Confirmed,69.21,2025-04,0,2025,Apr,4
B0856,2026-05-25,France,B2C,Flight,Couple,Supplier C,1,204.12,163.65,Completed,40.47,2026-05,0,2026,May,5
B0857,2025-12-04,Egypt,B2B,Flight,Couple,Supplier D,2,583.9,409.68,Confirmed,174.22,2025-12,0,2025,Dec,12
B0858,2025-03-13,Thailand,B2C,Hotel,Couple,Supplier D,1,539.89,467.93,Confirmed,71.96,2025-03,0,2025,Mar,3
B0859,2026-01-03,UAE,B2B,Package,Leisure,Supplier A,1,812.36,615.69,Completed,196.67,2026-01,0,2026,Jan,1
B0860,2025-12-15,Italy,B2B,Transfer,Business,Supplier B,3,333.24,276.99,Confirmed,56.25,2025-12,0,2025,Dec,12
B0861,2025-02-10,Egypt,B2B,Hotel,Couple,Supplier A,1,473.97,372.81,Cancelled,101.16,2025-02,1,2025,Feb,2
B0862,2026-05-14,Italy,B2C,Transfer,Business,Supplier A,1,93.24,67.26,Confirmed,25.98,2026-05,0,2026,May,5
B0863,2025-01-26,Azerbaijan,B2B,Hotel,Couple,Supplier A,3,1957.57,1720.28,Confirmed,237.29,2025-01,0,2025,Jan,1
B0864,2025-11-12,Portugal,B2C,Transfer,Leisure,Supplier C,1,90.18,75.48,Confirmed,14.7,2025-11,0,2025,Nov,11
B0865,2025-12-12,Spain,B2C,Transfer,Business,Supplier E,2,265.52,229.76,Completed,35.76,2025-12,0,2025,Dec,12
B0866,2025-06-02,Azerbaijan,B2C,Hotel,Leisure,Supplier B,2,898.43,722.23,Confirmed,176.2,2025-06,0,2025,Jun,6
B0867,2025-01-20,Portugal,B2C,Flight,Business,Supplier A,1,258.66,207.32,Confirmed,51.34,2025-01,0,2025,Jan,1
B0868,2025-02-21,Turkey,B2B,Flight,Business,Supplier E,1,390.84,319.78,Confirmed,71.06,2025-02,0,2025,Feb,2
B0869,2025-04-19,Italy,B2C,Transfer,Leisure,Supplier B,2,190.76,141.12,Confirmed,49.64,2025-04,0,2025,Apr,4
B0870,2025-12-12,Egypt,B2C,Package,Business,Supplier C,1,916.12,647.22,Confirmed,268.9,2025-12,0,2025,Dec,12
B0871,2025-02-16,Azerbaijan,B2B,Hotel,Leisure,Supplier A,1,478.46,416.78,Cancelled,61.68,2025-02,1,2025,Feb,2
B0872,2025-05-25,Egypt,B2B,Hotel,Business,Supplier D,1,643.77,501.23,Cancelled,142.54,2025-05,1,2025,May,5
B0873,2025-02-11,France,B2B,Flight,Business,Supplier A,2,929.8,698.14,Confirmed,231.66,2025-02,0,2025,Feb,2
B0874,2025-03-24,Spain,B2C,Flight,Leisure,Supplier E,1,329.35,283.55,Completed,45.8,2025-03,0,2025,Mar,3
B0875,2026-03-03,Portugal,B2C,Hotel,Business,Supplier C,3,1534.21,1289.45,Confirmed,244.76,2026-03,0,2026,Mar,3
B0876,2026-04-07,Egypt,B2C,Hotel,Leisure,Supplier E,1,679.35,536.39,Confirmed,142.96,2026-04,0,2026,Apr,4
B0877,2026-05-27,Azerbaijan,B2B,Flight,Family,Supplier D,1,207.79,157.85,Completed,49.94,2026-05,0,2026,May,5
B0878,2025-08-30,Greece,B2C,Flight,Family,Supplier E,3,1057.74,779.84,Confirmed,277.9,2025-08,0,2025,Aug,8
B0879,2025-08-13,Portugal,B2B,Hotel,Leisure,Supplier B,1,146.24,123.71,Completed,22.53,2025-08,0,2025,Aug,8
B0880,2025-06-02,Portugal,B2C,Transfer,Business,Supplier A,1,100.29,76.2,Completed,24.09,2025-06,0,2025,Jun,6
B0881,2026-01-08,Turkey,B2B,Hotel,Family,Supplier C,3,1928.55,1402.61,Completed,525.94,2026-01,0,2026,Jan,1
B0882,2026-04-10,Spain,B2C,Flight,Business,Supplier B,1,426.85,340.22,Confirmed,86.63,2026-04,0,2026,Apr,4
B0883,2026-05-12,Thailand,B2C,Flight,Business,Supplier D,3,824.48,596.11,Completed,228.37,2026-05,0,2026,May,5
B0884,2025-11-30,Egypt,B2B,Hotel,Business,Supplier A,1,527.67,369.37,Confirmed,158.3,2025-11,0,2025,Nov,11
B0885,2025-08-22,Italy,B2B,Hotel,Business,Supplier D,1,437.83,383.17,Confirmed,54.66,2025-08,0,2025,Aug,8
B0886,2025-03-17,Portugal,B2C,Transfer,Couple,Supplier B,1,95.91,72.39,Confirmed,23.52,2025-03,0,2025,Mar,3
B0887,2026-04-11,France,B2B,Transfer,Business,Supplier D,1,113.07,94.25,Completed,18.82,2026-04,0,2026,Apr,4
B0888,2026-01-03,Turkey,B2B,Hotel,Business,Supplier A,3,1098.91,852.83,Confirmed,246.08,2026-01,0,2026,Jan,1
B0889,2025-03-03,Turkey,B2C,Hotel,Couple,Supplier D,2,1441.1,1220.64,Confirmed,220.46,2025-03,0,2025,Mar,3
B0890,2025-06-25,UAE,B2B,Hotel,Business,Supplier E,1,391.65,300.31,Completed,91.34,2025-06,0,2025,Jun,6
B0891,2025-08-24,Italy,B2B,Transfer,Business,Supplier E,2,158.21,127.57,Cancelled,30.64,2025-08,1,2025,Aug,8
B0892,2026-04-19,Turkey,B2B,Flight,Business,Supplier B,1,447.44,319.53,Confirmed,127.91,2026-04,0,2026,Apr,4
B0893,2026-03-21,Azerbaijan,B2C,Hotel,Leisure,Supplier D,1,414.44,348.34,Cancelled,66.1,2026-03,1,2026,Mar,3
B0894,2025-02-11,Portugal,B2B,Flight,Couple,Supplier D,1,366.82,319.65,Confirmed,47.17,2025-02,0,2025,Feb,2
B0895,2026-04-09,Portugal,B2C,Hotel,Leisure,Supplier D,1,638.35,480.92,Completed,157.43,2026-04,0,2026,Apr,4
B0896,2025-05-16,UAE,B2C,Package,Leisure,Supplier A,2,1447.84,1211.29,Confirmed,236.55,2025-05,0,2025,May,5
B0897,2025-11-09,France,B2C,Transfer,Couple,Supplier D,1,148.08,113.5,Completed,34.58,2025-11,0,2025,Nov,11
B0898,2026-02-20,France,B2B,Package,Leisure,Supplier A,2,4676.94,3970.49,Completed,706.45,2026-02,0,2026,Feb,2
B0899,2025-12-07,Thailand,B2B,Flight,Couple,Supplier C,3,873.8,756.52,Completed,117.28,2025-12,0,2025,Dec,12
B0900,2025-08-01,Italy,B2C,Package,Family,Supplier A,1,1878.32,1561.29,Completed,317.03,2025-08,0,2025,Aug,8
B0901,2026-01-28,UAE,B2C,Transfer,Family,Supplier C,1,117.32,86.25,Confirmed,31.07,2026-01,0,2026,Jan,1
B0902,2025-03-10,Thailand,B2C,Hotel,Family,Supplier B,3,1340.01,1018.96,Completed,321.05,2025-03,0,2025,Mar,3
B0903,2025-04-27,Portugal,B2C,Hotel,Family,Supplier C,1,606.45,503.88,Cancelled,102.57,2025-04,1,2025,Apr,4
B0904,2026-05-31,Egypt,B2C,Package,Leisure,Supplier C,1,1522.63,1325.41,Confirmed,197.22,2026-05,0,2026,May,5
B0905,2026-04-09,Portugal,B2B,Flight,Family,Supplier D,3,666.55,560.91,Completed,105.64,2026-04,0,2026,Apr,4
B0906,2026-01-12,Italy,B2B,Hotel,Leisure,Supplier A,2,962.94,740.68,Confirmed,222.26,2026-01,0,2026,Jan,1
B0907,2025-07-03,Turkey,B2C,Flight,Business,Supplier C,1,184.0,152.15,Completed,31.85,2025-07,0,2025,Jul,7
B0908,2025-06-01,Portugal,B2C,Hotel,Leisure,Supplier C,2,972.03,776.03,Completed,196.0,2025-06,0,2025,Jun,6
B0909,2025-05-16,Portugal,B2B,Package,Couple,Supplier A,1,1252.47,1038.7,Completed,213.77,2025-05,0,2025,May,5
B0910,2025-07-13,Italy,B2C,Flight,Family,Supplier D,3,782.51,573.01,Completed,209.5,2025-07,0,2025,Jul,7
B0911,2025-12-18,UAE,B2B,Transfer,Couple,Supplier C,3,113.16,81.89,Completed,31.27,2025-12,0,2025,Dec,12
B0912,2025-05-16,Turkey,B2B,Hotel,Business,Supplier D,1,705.89,514.11,Confirmed,191.78,2025-05,0,2025,May,5
B0913,2025-10-23,Spain,B2B,Hotel,Family,Supplier D,1,644.85,529.48,Completed,115.37,2025-10,0,2025,Oct,10
B0914,2025-06-14,Thailand,B2C,Package,Business,Supplier B,1,1112.8,829.13,Cancelled,283.67,2025-06,1,2025,Jun,6
B0915,2025-09-01,Italy,B2B,Flight,Business,Supplier D,1,428.59,369.91,Confirmed,58.68,2025-09,0,2025,Sep,9
B0916,2026-01-14,France,B2C,Hotel,Family,Supplier C,1,579.5,475.96,Confirmed,103.54,2026-01,0,2026,Jan,1
B0917,2026-01-17,Portugal,B2B,Hotel,Leisure,Supplier A,2,542.87,409.99,Confirmed,132.88,2026-01,0,2026,Jan,1
B0918,2026-05-27,France,B2B,Transfer,Business,Supplier A,3,317.61,257.85,Confirmed,59.76,2026-05,0,2026,May,5
B0919,2026-06-04,UAE,B2B,Package,Family,Supplier E,1,1029.76,733.5,Completed,296.26,2026-06,0,2026,Jun,6
B0920,2026-03-29,UAE,B2B,Flight,Leisure,Supplier B,3,1372.27,1031.17,Confirmed,341.1,2026-03,0,2026,Mar,3
B0921,2025-04-30,Turkey,B2B,Flight,Business,Supplier D,1,219.96,156.21,Confirmed,63.75,2025-04,0,2025,Apr,4
B0922,2025-04-05,UAE,B2C,Flight,Business,Supplier C,1,430.73,374.74,Cancelled,55.99,2025-04,1,2025,Apr,4
B0923,2025-01-24,Italy,B2C,Transfer,Couple,Supplier B,2,249.45,183.55,Confirmed,65.9,2025-01,0,2025,Jan,1
B0924,2025-11-22,Azerbaijan,B2B,Flight,Couple,Supplier B,2,899.57,751.29,Confirmed,148.28,2025-11,0,2025,Nov,11
B0925,2026-01-14,Egypt,B2C,Package,Family,Supplier C,1,912.68,709.85,Completed,202.83,2026-01,0,2026,Jan,1
B0926,2025-11-12,Portugal,B2C,Flight,Couple,Supplier D,2,468.48,333.63,Confirmed,134.85,2025-11,0,2025,Nov,11
B0927,2025-10-23,France,B2B,Transfer,Business,Supplier E,3,266.61,222.04,Completed,44.57,2025-10,0,2025,Oct,10
B0928,2025-03-30,France,B2B,Hotel,Couple,Supplier E,1,400.26,310.64,Confirmed,89.62,2025-03,0,2025,Mar,3
B0929,2025-03-09,Azerbaijan,B2C,Transfer,Leisure,Supplier D,1,55.19,40.67,Confirmed,14.52,2025-03,0,2025,Mar,3
B0930,2026-03-01,France,B2C,Transfer,Business,Supplier B,2,155.42,116.31,Confirmed,39.11,2026-03,0,2026,Mar,3
B0931,2025-10-24,Thailand,B2C,Transfer,Family,Supplier E,1,100.51,81.28,Confirmed,19.23,2025-10,0,2025,Oct,10
B0932,2026-05-21,Thailand,B2C,Transfer,Leisure,Supplier A,1,96.84,69.11,Completed,27.73,2026-05,0,2026,May,5
B0933,2025-09-26,Turkey,B2C,Transfer,Family,Supplier D,1,80.46,65.0,Cancelled,15.46,2025-09,1,2025,Sep,9
B0934,2026-05-19,Greece,B2C,Flight,Family,Supplier D,1,295.66,241.47,Confirmed,54.19,2026-05,0,2026,May,5
B0935,2026-01-06,Azerbaijan,B2B,Transfer,Family,Supplier D,1,116.58,96.43,Cancelled,20.15,2026-01,1,2026,Jan,1
B0936,2026-01-18,Thailand,B2B,Flight,Business,Supplier E,1,217.12,164.21,Confirmed,52.91,2026-01,0,2026,Jan,1
B0937,2025-05-30,UAE,B2C,Transfer,Family,Supplier B,1,122.07,106.25,Confirmed,15.82,2025-05,0,2025,May,5
B0938,2025-10-07,UAE,B2B,Transfer,Leisure,Supplier C,1,102.22,74.4,Completed,27.82,2025-10,0,2025,Oct,10
B0939,2026-06-27,Italy,B2C,Hotel,Leisure,Supplier E,1,623.38,459.1,Cancelled,164.28,2026-06,1,2026,Jun,6
B0940,2025-11-27,UAE,B2B,Package,Family,Supplier A,3,4107.62,3393.74,Completed,713.88,2025-11,0,2025,Nov,11
B0941,2025-12-27,France,B2C,Flight,Family,Supplier C,2,598.89,482.06,Confirmed,116.83,2025-12,0,2025,Dec,12
B0942,2026-02-26,UAE,B2C,Hotel,Business,Supplier B,3,1600.28,1249.89,Completed,350.39,2026-02,0,2026,Feb,2
B0943,2025-08-15,Greece,B2B,Flight,Couple,Supplier A,1,420.74,308.8,Completed,111.94,2025-08,0,2025,Aug,8
B0944,2025-05-15,Spain,B2B,Transfer,Family,Supplier C,1,86.11,75.42,Confirmed,10.69,2025-05,0,2025,May,5
B0945,2026-03-29,Azerbaijan,B2C,Package,Family,Supplier A,1,1241.76,889.94,Completed,351.82,2026-03,0,2026,Mar,3
B0946,2025-08-16,France,B2C,Hotel,Family,Supplier B,1,513.64,444.1,Confirmed,69.54,2025-08,0,2025,Aug,8
B0947,2025-05-14,Italy,B2C,Transfer,Leisure,Supplier A,2,166.76,138.45,Confirmed,28.31,2025-05,0,2025,May,5
B0948,2026-03-18,Spain,B2C,Hotel,Leisure,Supplier E,3,891.26,718.45,Cancelled,172.81,2026-03,1,2026,Mar,3
B0949,2025-03-02,Portugal,B2B,Flight,Leisure,Supplier A,1,204.21,169.19,Confirmed,35.02,2025-03,0,2025,Mar,3
B0950,2025-01-11,Italy,B2C,Flight,Business,Supplier B,1,381.8,280.95,Completed,100.85,2025-01,0,2025,Jan,1
B0951,2025-01-30,Italy,B2B,Hotel,Family,Supplier C,1,421.49,315.59,Confirmed,105.9,2025-01,0,2025,Jan,1
B0952,2026-05-28,Azerbaijan,B2C,Hotel,Leisure,Supplier E,1,435.59,309.82,Confirmed,125.77,2026-05,0,2026,May,5
B0953,2026-06-26,Greece,B2B,Hotel,Business,Supplier E,1,643.13,528.08,Confirmed,115.05,2026-06,0,2026,Jun,6
B0954,2025-04-12,Greece,B2B,Transfer,Business,Supplier D,1,134.56,117.24,Completed,17.32,2025-04,0,2025,Apr,4
B0955,2025-07-05,UAE,B2B,Transfer,Business,Supplier E,1,108.29,93.98,Confirmed,14.31,2025-07,0,2025,Jul,7
B0956,2026-02-22,Italy,B2C,Package,Couple,Supplier A,3,4245.6,3124.98,Cancelled,1120.62,2026-02,1,2026,Feb,2
B0957,2025-05-20,Portugal,B2B,Package,Leisure,Supplier A,1,1554.2,1233.82,Confirmed,320.38,2025-05,0,2025,May,5
B0958,2026-05-21,Italy,B2B,Transfer,Couple,Supplier E,1,118.6,90.94,Completed,27.66,2026-05,0,2026,May,5
B0959,2026-03-31,Greece,B2B,Transfer,Couple,Supplier B,1,123.54,92.46,Confirmed,31.08,2026-03,0,2026,Mar,3
B0960,2026-05-03,UAE,B2C,Hotel,Couple,Supplier A,2,1794.84,1545.65,Cancelled,249.19,2026-05,1,2026,May,5
B0961,2026-03-25,Thailand,B2C,Flight,Business,Supplier D,2,598.63,486.95,Confirmed,111.68,2026-03,0,2026,Mar,3
B0962,2025-04-15,France,B2B,Flight,Business,Supplier C,1,450.21,372.32,Confirmed,77.89,2025-04,0,2025,Apr,4
B0963,2026-02-18,Italy,B2B,Hotel,Couple,Supplier C,3,2523.8,2192.0,Confirmed,331.8,2026-02,0,2026,Feb,2
B0964,2025-10-07,Egypt,B2B,Package,Couple,Supplier D,3,2945.01,2498.7,Confirmed,446.31,2025-10,0,2025,Oct,10
B0965,2025-10-13,France,B2C,Transfer,Leisure,Supplier C,2,169.4,127.76,Confirmed,41.64,2025-10,0,2025,Oct,10
B0966,2026-05-25,Greece,B2C,Hotel,Leisure,Supplier A,1,533.13,378.58,Confirmed,154.55,2026-05,0,2026,May,5
B0967,2026-05-26,Spain,B2B,Hotel,Family,Supplier B,1,465.44,380.7,Confirmed,84.74,2026-05,0,2026,May,5
B0968,2025-04-09,Italy,B2B,Transfer,Business,Supplier C,2,266.8,194.42,Confirmed,72.38,2025-04,0,2025,Apr,4
B0969,2026-05-18,Thailand,B2B,Package,Leisure,Supplier A,2,3053.26,2584.71,Completed,468.55,2026-05,0,2026,May,5
B0970,2025-05-02,Egypt,B2B,Transfer,Couple,Supplier D,2,208.09,149.8,Confirmed,58.29,2025-05,0,2025,May,5
B0971,2025-02-06,Spain,B2B,Hotel,Business,Supplier D,2,751.85,595.99,Confirmed,155.86,2025-02,0,2025,Feb,2
B0972,2025-05-18,Turkey,B2B,Transfer,Leisure,Supplier E,2,146.09,111.65,Confirmed,34.44,2025-05,0,2025,May,5
B0973,2026-04-27,Portugal,B2C,Hotel,Couple,Supplier C,2,1225.72,925.91,Completed,299.81,2026-04,0,2026,Apr,4
B0974,2026-01-22,Azerbaijan,B2B,Package,Family,Supplier A,1,1441.54,1256.31,Confirmed,185.23,2026-01,0,2026,Jan,1
B0975,2025-02-16,France,B2B,Package,Leisure,Supplier C,2,2560.13,2225.78,Completed,334.35,2025-02,0,2025,Feb,2
B0976,2025-04-10,Egypt,B2B,Package,Couple,Supplier C,1,473.24,340.01,Confirmed,133.23,2025-04,0,2025,Apr,4
B0977,2025-09-08,Greece,B2B,Hotel,Leisure,Supplier A,1,566.49,416.31,Completed,150.18,2025-09,0,2025,Sep,9
B0978,2025-04-28,UAE,B2C,Hotel,Family,Supplier A,2,1982.74,1629.51,Completed,353.23,2025-04,0,2025,Apr,4
B0979,2026-03-09,Azerbaijan,B2B,Transfer,Leisure,Supplier D,3,318.52,248.15,Cancelled,70.37,2026-03,1,2026,Mar,3
B0980,2025-01-23,UAE,B2B,Transfer,Family,Supplier E,1,111.14,81.01,Completed,30.13,2025-01,0,2025,Jan,1
B0981,2026-05-16,Italy,B2B,Hotel,Couple,Supplier E,1,623.99,462.58,Confirmed,161.41,2026-05,0,2026,May,5
B0982,2025-06-20,Azerbaijan,B2B,Package,Couple,Supplier B,2,1856.92,1355.09,Confirmed,501.83,2025-06,0,2025,Jun,6
B0983,2025-03-19,Thailand,B2B,Hotel,Family,Supplier A,1,687.54,545.0,Confirmed,142.54,2025-03,0,2025,Mar,3
B0984,2026-02-16,Greece,B2C,Flight,Family,Supplier C,1,402.29,287.65,Confirmed,114.64,2026-02,0,2026,Feb,2
B0985,2026-06-28,Portugal,B2C,Transfer,Family,Supplier A,1,76.13,54.73,Confirmed,21.4,2026-06,0,2026,Jun,6
B0986,2026-06-01,Turkey,B2B,Transfer,Business,Supplier D,2,123.05,97.64,Cancelled,25.41,2026-06,1,2026,Jun,6
B0987,2025-09-15,Azerbaijan,B2C,Transfer,Leisure,Supplier E,1,58.36,43.16,Completed,15.2,2025-09,0,2025,Sep,9
B0988,2026-05-27,Greece,B2B,Transfer,Couple,Supplier E,1,79.98,64.86,Cancelled,15.12,2026-05,1,2026,May,5
B0989,2026-06-19,Greece,B2B,Package,Business,Supplier B,1,694.91,554.1,Completed,140.81,2026-06,0,2026,Jun,6
B0990,2025-11-04,Egypt,B2B,Transfer,Leisure,Supplier B,2,89.99,74.37,Confirmed,15.62,2025-11,0,2025,Nov,11
B0991,2025-10-01,Turkey,B2B,Hotel,Business,Supplier D,1,141.47,121.2,Cancelled,20.27,2025-10,1,2025,Oct,10
B0992,2025-04-27,France,B2C,Hotel,Business,Supplier C,2,1081.02,860.33,Confirmed,220.69,2025-04,0,2025,Apr,4
B0993,2026-05-13,Thailand,B2B,Transfer,Leisure,Supplier B,1,70.38,53.54,Confirmed,16.84,2026-05,0,2026,May,5
B0994,2025-10-07,France,B2B,Flight,Family,Supplier E,1,342.88,282.73,Confirmed,60.15,2025-10,0,2025,Oct,10
B0995,2025-02-13,Portugal,B2C,Flight,Leisure,Supplier C,3,1190.75,877.32,Confirmed,313.43,2025-02,0,2025,Feb,2
B0996,2025-11-02,Italy,B2B,Transfer,Leisure,Supplier D,1,88.76,68.83,Confirmed,19.93,2025-11,0,2025,Nov,11
B0997,2025-08-30,Italy,B2B,Flight,Couple,Supplier A,1,554.82,451.13,Completed,103.69,2025-08,0,2025,Aug,8
B0998,2025-05-06,UAE,B2B,Package,Business,Supplier D,1,860.81,641.81,Confirmed,219.0,2025-05,0,2025,May,5
B0999,2025-05-28,Italy,B2C,Hotel,Family,Supplier D,2,1164.86,990.71,Completed,174.15,2025-05,0,2025,May,5
B1000,2025-09-18,Azerbaijan,B2B,Flight,Family,Supplier A,1,477.57,406.79,Confirmed,70.78,2025-09,0,2025,Sep,9
B1001,2026-03-10,Portugal,B2B,Hotel,Business,Supplier C,2,1411.57,1102.76,Confirmed,308.81,2026-03,0,2026,Mar,3
B1002,2026-01-12,Turkey,B2C,Flight,Leisure,Supplier B,1,263.94,225.38,Completed,38.56,2026-01,0,2026,Jan,1
B1003,2026-01-29,Turkey,B2C,Package,Business,Supplier D,2,1939.97,1493.41,Completed,446.56,2026-01,0,2026,Jan,1
B1004,2025-01-09,Egypt,B2B,Package,Leisure,Supplier B,1,1227.77,1058.73,Confirmed,169.04,2025-01,0,2025,Jan,1
B1005,2025-08-04,France,B2B,Transfer,Couple,Supplier A,1,117.57,102.79,Confirmed,14.78,2025-08,0,2025,Aug,8
B1006,2025-03-24,Portugal,B2B,Transfer,Family,Supplier D,1,35.23,28.77,Confirmed,6.46,2025-03,0,2025,Mar,3
B1007,2025-06-14,Turkey,B2B,Flight,Couple,Supplier E,3,1282.58,997.88,Completed,284.7,2025-06,0,2025,Jun,6
B1008,2025-12-01,Portugal,B2C,Flight,Business,Supplier D,1,275.93,220.92,Confirmed,55.01,2025-12,0,2025,Dec,12
B1009,2025-01-04,Egypt,B2B,Hotel,Family,Supplier E,1,443.93,340.52,Confirmed,103.41,2025-01,0,2025,Jan,1
B1010,2025-04-24,France,B2C,Hotel,Couple,Supplier C,2,720.24,552.08,Confirmed,168.16,2025-04,0,2025,Apr,4
B1011,2026-05-05,France,B2C,Package,Family,Supplier C,1,1563.97,1294.31,Confirmed,269.66,2026-05,0,2026,May,5
B1012,2025-03-28,Egypt,B2C,Package,Couple,Supplier D,3,5088.62,3761.41,Cancelled,1327.21,2025-03,1,2025,Mar,3
B1013,2025-08-18,Spain,B2C,Flight,Leisure,Supplier D,1,301.95,255.09,Completed,46.86,2025-08,0,2025,Aug,8
B1014,2025-09-26,France,B2B,Flight,Couple,Supplier E,1,319.42,255.13,Confirmed,64.29,2025-09,0,2025,Sep,9
B1015,2025-06-02,Italy,B2C,Package,Leisure,Supplier A,3,4230.14,3556.5,Completed,673.64,2025-06,0,2025,Jun,6
B1016,2026-03-22,Portugal,B2C,Transfer,Business,Supplier B,1,133.72,112.93,Confirmed,20.79,2026-03,0,2026,Mar,3
B1017,2025-09-30,Turkey,B2B,Transfer,Business,Supplier D,1,105.9,85.96,Completed,19.94,2025-09,0,2025,Sep,9
B1018,2025-08-09,Turkey,B2B,Hotel,Business,Supplier D,1,409.8,299.39,Confirmed,110.41,2025-08,0,2025,Aug,8
B1019,2025-01-30,Turkey,B2C,Package,Couple,Supplier B,1,1353.8,1168.98,Completed,184.82,2025-01,0,2025,Jan,1
B1020,2026-04-15,Italy,B2B,Flight,Business,Supplier C,2,723.0,583.81,Cancelled,139.19,2026-04,1,2026,Apr,4
B1021,2025-08-06,Egypt,B2B,Transfer,Leisure,Supplier A,3,300.21,244.32,Confirmed,55.89,2025-08,0,2025,Aug,8
B1022,2025-03-02,Spain,B2C,Package,Couple,Supplier C,3,4738.38,3721.08,Completed,1017.3,2025-03,0,2025,Mar,3
B1023,2025-02-16,Spain,B2B,Package,Family,Supplier D,1,953.33,721.18,Confirmed,232.15,2025-02,0,2025,Feb,2
B1024,2025-05-16,Thailand,B2C,Flight,Family,Supplier B,3,784.72,579.66,Confirmed,205.06,2025-05,0,2025,May,5
B1025,2026-05-20,UAE,B2C,Transfer,Leisure,Supplier C,3,286.25,210.06,Confirmed,76.19,2026-05,0,2026,May,5
B1026,2026-03-20,France,B2C,Package,Family,Supplier A,1,1565.8,1292.27,Confirmed,273.53,2026-03,0,2026,Mar,3
B1027,2026-05-27,Turkey,B2B,Package,Family,Supplier C,3,4286.33,3614.76,Confirmed,671.57,2026-05,0,2026,May,5
B1028,2025-09-28,Thailand,B2B,Package,Business,Supplier C,2,3221.41,2656.45,Confirmed,564.96,2025-09,0,2025,Sep,9
B1029,2025-06-04,Thailand,B2C,Transfer,Business,Supplier B,1,99.57,75.52,Confirmed,24.05,2025-06,0,2025,Jun,6
B1030,2025-08-24,France,B2B,Flight,Family,Supplier B,2,739.14,542.8,Completed,196.34,2025-08,0,2025,Aug,8
B1031,2026-03-23,Italy,B2C,Transfer,Couple,Supplier C,3,321.96,240.71,Cancelled,81.25,2026-03,1,2026,Mar,3
B1032,2026-05-12,Portugal,B2C,Transfer,Business,Supplier A,1,58.63,49.64,Completed,8.99,2026-05,0,2026,May,5
B1033,2025-04-06,Greece,B2C,Package,Business,Supplier E,1,1006.13,720.3,Completed,285.83,2025-04,0,2025,Apr,4
B1034,2025-08-06,Azerbaijan,B2C,Flight,Couple,Supplier A,1,372.15,285.18,Confirmed,86.97,2025-08,0,2025,Aug,8
B1035,2026-05-26,Italy,B2C,Package,Family,Supplier A,2,2744.76,1940.59,Cancelled,804.17,2026-05,1,2026,May,5
B1036,2026-01-18,Azerbaijan,B2B,Flight,Business,Supplier A,1,179.79,136.31,Completed,43.48,2026-01,0,2026,Jan,1
B1037,2026-04-17,Portugal,B2B,Transfer,Leisure,Supplier C,1,86.24,74.35,Completed,11.89,2026-04,0,2026,Apr,4
B1038,2026-04-09,UAE,B2C,Hotel,Leisure,Supplier C,1,650.66,552.13,Completed,98.53,2026-04,0,2026,Apr,4
B1039,2025-02-26,Italy,B2C,Transfer,Couple,Supplier C,1,107.48,76.54,Confirmed,30.94,2025-02,0,2025,Feb,2
B1040,2025-09-03,Egypt,B2C,Flight,Business,Supplier B,2,364.83,320.98,Confirmed,43.85,2025-09,0,2025,Sep,9
B1041,2026-02-17,Turkey,B2C,Hotel,Family,Supplier D,2,1308.85,1118.34,Completed,190.51,2026-02,0,2026,Feb,2
B1042,2025-11-14,Azerbaijan,B2B,Hotel,Leisure,Supplier C,3,1897.82,1410.97,Confirmed,486.85,2025-11,0,2025,Nov,11
B1043,2025-07-24,Portugal,B2B,Transfer,Couple,Supplier C,3,203.87,143.53,Confirmed,60.34,2025-07,0,2025,Jul,7
B1044,2026-03-10,Italy,B2B,Transfer,Business,Supplier D,2,177.01,148.88,Cancelled,28.13,2026-03,1,2026,Mar,3
B1045,2025-04-06,Spain,B2B,Package,Business,Supplier B,2,3257.24,2416.1,Confirmed,841.14,2025-04,0,2025,Apr,4
B1046,2026-06-24,Thailand,B2B,Flight,Couple,Supplier D,1,202.43,169.55,Cancelled,32.88,2026-06,1,2026,Jun,6
B1047,2026-05-05,Turkey,B2C,Hotel,Family,Supplier B,3,1795.46,1438.9,Cancelled,356.56,2026-05,1,2026,May,5
B1048,2026-03-14,Turkey,B2C,Flight,Leisure,Supplier E,1,417.75,357.43,Cancelled,60.32,2026-03,1,2026,Mar,3
B1049,2026-06-07,Egypt,B2C,Transfer,Couple,Supplier E,1,98.85,82.66,Confirmed,16.19,2026-06,0,2026,Jun,6
B1050,2025-12-30,Turkey,B2C,Flight,Leisure,Supplier D,1,322.14,266.52,Confirmed,55.62,2025-12,0,2025,Dec,12
B1051,2025-07-06,Egypt,B2C,Flight,Couple,Supplier C,1,364.79,316.3,Completed,48.49,2025-07,0,2025,Jul,7
B1052,2026-04-11,Portugal,B2B,Package,Business,Supplier B,1,760.24,578.96,Confirmed,181.28,2026-04,0,2026,Apr,4
B1053,2025-03-22,Azerbaijan,B2C,Package,Couple,Supplier E,1,1468.93,1185.09,Confirmed,283.84,2025-03,0,2025,Mar,3
B1054,2025-01-06,Egypt,B2C,Flight,Business,Supplier D,2,798.63,624.41,Completed,174.22,2025-01,0,2025,Jan,1
B1055,2026-02-19,Azerbaijan,B2B,Transfer,Family,Supplier D,1,66.83,58.11,Confirmed,8.72,2026-02,0,2026,Feb,2
B1056,2025-03-31,France,B2C,Hotel,Business,Supplier A,1,764.03,603.63,Completed,160.4,2025-03,0,2025,Mar,3
B1057,2025-07-12,Spain,B2B,Hotel,Business,Supplier B,2,1385.87,1038.78,Confirmed,347.09,2025-07,0,2025,Jul,7
B1058,2025-07-15,Italy,B2B,Package,Business,Supplier D,2,3439.03,2800.98,Cancelled,638.05,2025-07,1,2025,Jul,7
B1059,2025-01-23,Italy,B2C,Hotel,Couple,Supplier D,2,1250.22,977.59,Cancelled,272.63,2025-01,1,2025,Jan,1
B1060,2025-01-21,Portugal,B2C,Hotel,Family,Supplier E,2,813.94,692.44,Confirmed,121.5,2025-01,0,2025,Jan,1
B1061,2025-02-22,UAE,B2C,Flight,Couple,Supplier D,2,918.51,781.53,Completed,136.98,2025-02,0,2025,Feb,2
B1062,2025-10-25,Spain,B2B,Transfer,Couple,Supplier E,3,353.15,308.29,Confirmed,44.86,2025-10,0,2025,Oct,10
B1063,2026-05-15,Greece,B2C,Flight,Couple,Supplier E,1,93.35,67.93,Cancelled,25.42,2026-05,1,2026,May,5
B1064,2025-03-07,Turkey,B2B,Transfer,Leisure,Supplier D,3,261.33,195.96,Completed,65.37,2025-03,0,2025,Mar,3
B1065,2025-12-22,Portugal,B2C,Transfer,Business,Supplier C,1,141.7,108.24,Confirmed,33.46,2025-12,0,2025,Dec,12
B1066,2026-04-26,UAE,B2C,Transfer,Business,Supplier E,1,136.84,96.57,Confirmed,40.27,2026-04,0,2026,Apr,4
B1067,2026-04-25,France,B2B,Package,Couple,Supplier C,2,2636.52,2263.65,Completed,372.87,2026-04,0,2026,Apr,4
B1068,2025-06-15,Azerbaijan,B2B,Hotel,Leisure,Supplier D,1,425.35,348.2,Confirmed,77.15,2025-06,0,2025,Jun,6
B1069,2025-06-27,Greece,B2B,Hotel,Leisure,Supplier D,2,1270.37,954.78,Completed,315.59,2025-06,0,2025,Jun,6
B1070,2025-11-07,Greece,B2C,Hotel,Leisure,Supplier C,1,418.39,367.98,Confirmed,50.41,2025-11,0,2025,Nov,11
B1071,2026-01-01,France,B2C,Hotel,Leisure,Supplier C,2,1156.56,1012.23,Confirmed,144.33,2026-01,0,2026,Jan,1
B1072,2025-04-27,Azerbaijan,B2C,Hotel,Business,Supplier D,1,664.04,566.11,Confirmed,97.93,2025-04,0,2025,Apr,4
B1073,2025-12-15,UAE,B2B,Flight,Business,Supplier E,3,821.18,718.99,Completed,102.19,2025-12,0,2025,Dec,12
B1074,2025-04-17,Spain,B2B,Transfer,Leisure,Supplier A,3,269.32,229.85,Completed,39.47,2025-04,0,2025,Apr,4
B1075,2025-04-15,Thailand,B2C,Flight,Business,Supplier A,1,301.55,214.94,Confirmed,86.61,2025-04,0,2025,Apr,4
B1076,2026-01-06,France,B2B,Package,Couple,Supplier A,1,988.7,732.91,Confirmed,255.79,2026-01,0,2026,Jan,1
B1077,2026-01-08,UAE,B2C,Hotel,Business,Supplier D,2,931.48,680.12,Confirmed,251.36,2026-01,0,2026,Jan,1
B1078,2025-01-07,Greece,B2B,Transfer,Family,Supplier E,1,87.42,76.51,Completed,10.91,2025-01,0,2025,Jan,1
B1079,2025-03-29,Turkey,B2B,Package,Family,Supplier B,1,1228.38,921.42,Completed,306.96,2025-03,0,2025,Mar,3
B1080,2026-06-27,Egypt,B2C,Hotel,Couple,Supplier D,2,1224.98,929.42,Confirmed,295.56,2026-06,0,2026,Jun,6
B1081,2026-04-15,Thailand,B2C,Package,Couple,Supplier B,1,1079.48,805.47,Confirmed,274.01,2026-04,0,2026,Apr,4
B1082,2026-06-14,Italy,B2B,Flight,Family,Supplier D,1,288.47,236.93,Confirmed,51.54,2026-06,0,2026,Jun,6
B1083,2026-03-21,Spain,B2C,Transfer,Business,Supplier E,1,110.83,80.51,Confirmed,30.32,2026-03,0,2026,Mar,3
B1084,2026-06-17,Turkey,B2B,Transfer,Family,Supplier C,1,80.17,68.6,Confirmed,11.57,2026-06,0,2026,Jun,6
B1085,2025-01-09,Turkey,B2B,Hotel,Couple,Supplier B,3,1605.74,1211.43,Cancelled,394.31,2025-01,1,2025,Jan,1
B1086,2026-03-29,UAE,B2C,Transfer,Family,Supplier A,1,72.43,61.18,Confirmed,11.25,2026-03,0,2026,Mar,3
B1087,2025-12-09,Egypt,B2B,Hotel,Business,Supplier A,3,1703.39,1236.55,Cancelled,466.84,2025-12,1,2025,Dec,12
B1088,2025-11-16,Thailand,B2C,Package,Leisure,Supplier A,3,6577.69,4928.37,Confirmed,1649.32,2025-11,0,2025,Nov,11
B1089,2025-09-22,Greece,B2B,Package,Leisure,Supplier A,1,1221.79,922.65,Completed,299.14,2025-09,0,2025,Sep,9
B1090,2025-09-23,Thailand,B2C,Package,Leisure,Supplier A,2,1916.86,1361.46,Confirmed,555.4,2025-09,0,2025,Sep,9
B1091,2025-11-02,Azerbaijan,B2B,Flight,Family,Supplier B,3,1427.4,1146.73,Cancelled,280.67,2025-11,1,2025,Nov,11
B1092,2025-08-28,UAE,B2B,Package,Business,Supplier D,3,3412.7,2866.22,Completed,546.48,2025-08,0,2025,Aug,8
B1093,2025-09-11,Italy,B2C,Package,Family,Supplier D,1,1387.83,1181.35,Completed,206.48,2025-09,0,2025,Sep,9
B1094,2025-05-31,Egypt,B2C,Transfer,Leisure,Supplier A,2,87.45,75.22,Confirmed,12.23,2025-05,0,2025,May,5
B1095,2025-05-14,Portugal,B2B,Hotel,Leisure,Supplier C,3,1597.82,1331.78,Confirmed,266.04,2025-05,0,2025,May,5
B1096,2026-02-17,Azerbaijan,B2B,Transfer,Couple,Supplier D,2,115.24,90.69,Completed,24.55,2026-02,0,2026,Feb,2
B1097,2026-05-17,Egypt,B2C,Hotel,Business,Supplier D,2,1367.72,1057.56,Confirmed,310.16,2026-05,0,2026,May,5
B1098,2025-05-13,Thailand,B2C,Flight,Couple,Supplier D,1,287.16,224.48,Completed,62.68,2025-05,0,2025,May,5
B1099,2025-06-10,Thailand,B2C,Package,Couple,Supplier A,1,1164.82,1014.86,Confirmed,149.96,2025-06,0,2025,Jun,6
B1100,2026-01-14,Azerbaijan,B2C,Package,Business,Supplier A,1,1145.06,918.56,Cancelled,226.5,2026-01,1,2026,Jan,1
B1101,2025-11-09,UAE,B2B,Package,Couple,Supplier A,1,2026.57,1502.44,Cancelled,524.13,2025-11,1,2025,Nov,11
B1102,2025-05-26,Azerbaijan,B2C,Transfer,Family,Supplier C,1,90.77,69.62,Cancelled,21.15,2025-05,1,2025,May,5
B1103,2025-07-07,Portugal,B2C,Flight,Family,Supplier A,1,339.42,248.91,Confirmed,90.51,2025-07,0,2025,Jul,7
B1104,2026-03-04,Portugal,B2B,Package,Family,Supplier D,2,1731.89,1280.5,Confirmed,451.39,2026-03,0,2026,Mar,3
B1105,2025-05-16,France,B2B,Transfer,Couple,Supplier B,1,80.42,69.71,Completed,10.71,2025-05,0,2025,May,5
B1106,2025-04-02,Azerbaijan,B2B,Transfer,Business,Supplier D,1,117.17,94.07,Confirmed,23.1,2025-04,0,2025,Apr,4
B1107,2025-02-16,Portugal,B2C,Package,Business,Supplier A,3,5028.86,3852.76,Confirmed,1176.1,2025-02,0,2025,Feb,2
B1108,2025-11-13,Thailand,B2C,Flight,Business,Supplier E,3,822.05,657.82,Completed,164.23,2025-11,0,2025,Nov,11
B1109,2025-02-24,Azerbaijan,B2B,Hotel,Leisure,Supplier A,3,1379.04,1132.33,Confirmed,246.71,2025-02,0,2025,Feb,2
B1110,2025-07-04,Spain,B2C,Package,Business,Supplier E,2,2838.71,2098.59,Completed,740.12,2025-07,0,2025,Jul,7
B1111,2025-03-28,Thailand,B2B,Package,Leisure,Supplier D,1,956.49,669.66,Completed,286.83,2025-03,0,2025,Mar,3
B1112,2025-12-15,Egypt,B2B,Hotel,Leisure,Supplier E,1,405.93,342.06,Cancelled,63.87,2025-12,1,2025,Dec,12
B1113,2026-01-27,Turkey,B2C,Flight,Leisure,Supplier E,1,262.9,205.72,Confirmed,57.18,2026-01,0,2026,Jan,1
B1114,2025-10-20,France,B2B,Hotel,Leisure,Supplier B,1,609.31,436.8,Confirmed,172.51,2025-10,0,2025,Oct,10
B1115,2026-02-22,France,B2B,Flight,Business,Supplier A,1,236.09,175.38,Completed,60.71,2026-02,0,2026,Feb,2
B1116,2025-11-02,Egypt,B2B,Flight,Business,Supplier D,1,260.17,204.04,Confirmed,56.13,2025-11,0,2025,Nov,11
B1117,2025-09-22,Egypt,B2C,Flight,Business,Supplier B,3,796.87,627.7,Confirmed,169.17,2025-09,0,2025,Sep,9
B1118,2025-08-31,Portugal,B2C,Transfer,Family,Supplier A,1,107.17,86.53,Completed,20.64,2025-08,0,2025,Aug,8
B1119,2026-04-21,Thailand,B2C,Transfer,Couple,Supplier A,2,162.0,137.53,Confirmed,24.47,2026-04,0,2026,Apr,4
B1120,2025-08-28,Spain,B2C,Package,Business,Supplier E,1,1735.92,1224.66,Confirmed,511.26,2025-08,0,2025,Aug,8
B1121,2025-11-08,Azerbaijan,B2B,Transfer,Leisure,Supplier E,1,98.76,80.07,Completed,18.69,2025-11,0,2025,Nov,11
B1122,2025-05-26,UAE,B2C,Hotel,Couple,Supplier E,2,435.72,344.99,Confirmed,90.73,2025-05,0,2025,May,5
B1123,2025-02-12,Spain,B2B,Transfer,Business,Supplier A,1,39.56,33.67,Confirmed,5.89,2025-02,0,2025,Feb,2
B1124,2026-05-09,Turkey,B2B,Package,Family,Supplier B,3,5560.93,3917.65,Confirmed,1643.28,2026-05,0,2026,May,5
B1125,2026-06-07,Turkey,B2C,Flight,Leisure,Supplier C,1,268.94,217.71,Confirmed,51.23,2026-06,0,2026,Jun,6
B1126,2026-02-09,Italy,B2B,Hotel,Couple,Supplier B,3,1769.47,1293.89,Confirmed,475.58,2026-02,0,2026,Feb,2
B1127,2026-06-01,UAE,B2B,Package,Couple,Supplier C,1,1092.5,912.39,Confirmed,180.11,2026-06,0,2026,Jun,6
B1128,2025-11-26,UAE,B2B,Hotel,Family,Supplier A,1,730.08,612.61,Confirmed,117.47,2025-11,0,2025,Nov,11
B1129,2025-01-03,Azerbaijan,B2C,Transfer,Leisure,Supplier B,2,226.47,196.41,Confirmed,30.06,2025-01,0,2025,Jan,1
B1130,2026-05-16,Egypt,B2C,Flight,Leisure,Supplier D,1,485.64,345.73,Confirmed,139.91,2026-05,0,2026,May,5
B1131,2025-12-28,Egypt,B2B,Package,Business,Supplier A,1,1284.32,1078.24,Confirmed,206.08,2025-12,0,2025,Dec,12
B1132,2026-04-19,UAE,B2B,Hotel,Leisure,Supplier B,1,735.94,560.87,Confirmed,175.07,2026-04,0,2026,Apr,4
B1133,2025-10-15,UAE,B2C,Hotel,Family,Supplier B,1,553.87,480.75,Confirmed,73.12,2025-10,0,2025,Oct,10
B1134,2026-05-21,UAE,B2B,Flight,Couple,Supplier E,1,342.6,277.53,Completed,65.07,2026-05,0,2026,May,5
B1135,2025-01-08,Greece,B2C,Transfer,Family,Supplier E,3,354.36,308.47,Completed,45.89,2025-01,0,2025,Jan,1
B1136,2026-05-21,France,B2C,Hotel,Leisure,Supplier E,1,471.12,392.46,Confirmed,78.66,2026-05,0,2026,May,5
B1137,2025-03-08,France,B2C,Package,Family,Supplier B,1,1556.62,1367.05,Confirmed,189.57,2025-03,0,2025,Mar,3
B1138,2026-06-30,Azerbaijan,B2B,Package,Leisure,Supplier D,1,1765.43,1343.84,Confirmed,421.59,2026-06,0,2026,Jun,6
B1139,2025-11-27,Egypt,B2B,Transfer,Leisure,Supplier E,2,102.78,78.3,Completed,24.48,2025-11,0,2025,Nov,11
B1140,2026-05-23,UAE,B2C,Flight,Leisure,Supplier C,2,569.67,494.69,Confirmed,74.98,2026-05,0,2026,May,5
B1141,2026-06-30,Portugal,B2C,Package,Couple,Supplier B,1,1474.17,1048.32,Confirmed,425.85,2026-06,0,2026,Jun,6
B1142,2025-03-25,Azerbaijan,B2C,Flight,Couple,Supplier A,1,302.93,220.93,Cancelled,82.0,2025-03,1,2025,Mar,3
B1143,2025-07-21,France,B2B,Package,Leisure,Supplier A,1,1279.82,952.7,Confirmed,327.12,2025-07,0,2025,Jul,7
B1144,2026-05-07,Egypt,B2B,Flight,Family,Supplier B,1,51.99,42.59,Completed,9.4,2026-05,0,2026,May,5
B1145,2026-04-30,Greece,B2C,Package,Family,Supplier E,1,1413.33,1219.4,Completed,193.93,2026-04,0,2026,Apr,4
B1146,2025-03-16,Azerbaijan,B2C,Transfer,Couple,Supplier E,1,135.46,113.28,Confirmed,22.18,2025-03,0,2025,Mar,3
B1147,2025-03-29,Spain,B2B,Flight,Family,Supplier A,1,234.98,181.51,Completed,53.47,2025-03,0,2025,Mar,3
B1148,2025-03-05,Portugal,B2B,Flight,Couple,Supplier A,1,476.56,410.41,Completed,66.15,2025-03,0,2025,Mar,3
B1149,2025-02-27,Thailand,B2B,Flight,Couple,Supplier D,1,421.75,315.85,Confirmed,105.9,2025-02,0,2025,Feb,2
B1150,2026-02-25,Greece,B2B,Flight,Couple,Supplier D,2,441.75,323.91,Confirmed,117.84,2026-02,0,2026,Feb,2
B1151,2025-04-14,UAE,B2B,Flight,Family,Supplier E,1,429.59,309.98,Completed,119.61,2025-04,0,2025,Apr,4
B1152,2025-04-21,Italy,B2C,Flight,Business,Supplier E,1,296.81,236.16,Confirmed,60.65,2025-04,0,2025,Apr,4
B1153,2026-06-06,Turkey,B2B,Package,Couple,Supplier E,2,1161.42,937.61,Confirmed,223.81,2026-06,0,2026,Jun,6
B1154,2025-07-10,Greece,B2C,Hotel,Leisure,Supplier B,1,529.62,386.41,Confirmed,143.21,2025-07,0,2025,Jul,7
B1155,2026-03-23,Thailand,B2B,Package,Business,Supplier B,2,3137.95,2390.84,Completed,747.11,2026-03,0,2026,Mar,3
B1156,2025-11-13,Azerbaijan,B2B,Package,Family,Supplier A,3,3861.04,3160.49,Completed,700.55,2025-11,0,2025,Nov,11
B1157,2025-05-29,Spain,B2C,Hotel,Couple,Supplier C,1,579.92,474.53,Completed,105.39,2025-05,0,2025,May,5
B1158,2025-07-25,Greece,B2B,Flight,Business,Supplier D,2,868.01,670.03,Confirmed,197.98,2025-07,0,2025,Jul,7
B1159,2025-12-06,Azerbaijan,B2B,Package,Couple,Supplier C,1,1207.05,970.27,Confirmed,236.78,2025-12,0,2025,Dec,12
B1160,2025-04-18,Portugal,B2B,Flight,Business,Supplier A,1,328.37,236.88,Completed,91.49,2025-04,0,2025,Apr,4
B1161,2025-08-24,Portugal,B2C,Hotel,Couple,Supplier C,2,1538.56,1085.98,Cancelled,452.58,2025-08,1,2025,Aug,8
B1162,2025-07-30,Egypt,B2C,Hotel,Family,Supplier A,1,631.04,502.19,Confirmed,128.85,2025-07,0,2025,Jul,7
B1163,2026-01-02,Spain,B2C,Flight,Family,Supplier D,1,343.09,258.46,Completed,84.63,2026-01,0,2026,Jan,1
B1164,2026-01-04,Spain,B2C,Flight,Business,Supplier C,1,208.74,176.88,Completed,31.86,2026-01,0,2026,Jan,1
B1165,2025-08-13,Turkey,B2B,Hotel,Business,Supplier B,1,251.54,178.36,Confirmed,73.18,2025-08,0,2025,Aug,8
B1166,2025-01-23,France,B2C,Package,Leisure,Supplier B,2,1897.73,1564.8,Confirmed,332.93,2025-01,0,2025,Jan,1
B1167,2025-04-24,UAE,B2B,Hotel,Couple,Supplier B,1,624.15,465.31,Cancelled,158.84,2025-04,1,2025,Apr,4
B1168,2026-01-17,France,B2C,Transfer,Leisure,Supplier B,1,59.48,45.48,Completed,14.0,2026-01,0,2026,Jan,1
B1169,2025-07-14,Greece,B2B,Transfer,Family,Supplier E,2,185.02,141.2,Confirmed,43.82,2025-07,0,2025,Jul,7
B1170,2025-09-08,Spain,B2B,Hotel,Business,Supplier C,1,740.46,625.71,Confirmed,114.75,2025-09,0,2025,Sep,9
B1171,2025-02-24,Turkey,B2B,Hotel,Business,Supplier A,2,620.55,528.31,Confirmed,92.24,2025-02,0,2025,Feb,2
B1172,2025-03-08,France,B2B,Transfer,Couple,Supplier E,2,70.0,53.8,Completed,16.2,2025-03,0,2025,Mar,3
B1173,2025-07-03,UAE,B2B,Package,Couple,Supplier D,1,1106.0,865.6,Confirmed,240.4,2025-07,0,2025,Jul,7
B1174,2026-02-15,Azerbaijan,B2C,Flight,Business,Supplier B,2,846.78,734.89,Confirmed,111.89,2026-02,0,2026,Feb,2
B1175,2025-08-29,Egypt,B2B,Hotel,Couple,Supplier D,3,1706.38,1357.74,Confirmed,348.64,2025-08,0,2025,Aug,8
B1176,2025-06-10,UAE,B2C,Package,Business,Supplier A,1,1407.23,1105.53,Confirmed,301.7,2025-06,0,2025,Jun,6
B1177,2026-04-01,Thailand,B2C,Package,Leisure,Supplier D,3,4226.18,3697.09,Cancelled,529.09,2026-04,1,2026,Apr,4
B1178,2025-12-11,Egypt,B2B,Transfer,Couple,Supplier D,1,68.87,57.07,Confirmed,11.8,2025-12,0,2025,Dec,12
B1179,2026-05-25,UAE,B2B,Package,Leisure,Supplier B,2,1826.09,1479.69,Completed,346.4,2026-05,0,2026,May,5
B1180,2025-08-28,Turkey,B2B,Flight,Leisure,Supplier C,3,904.46,740.86,Confirmed,163.6,2025-08,0,2025,Aug,8
B1181,2026-06-10,Thailand,B2B,Flight,Business,Supplier A,1,384.03,296.69,Completed,87.34,2026-06,0,2026,Jun,6
B1182,2025-03-15,UAE,B2C,Flight,Family,Supplier B,1,136.33,115.42,Cancelled,20.91,2025-03,1,2025,Mar,3
B1183,2025-09-14,Turkey,B2C,Package,Business,Supplier E,1,769.91,553.61,Confirmed,216.3,2025-09,0,2025,Sep,9
B1184,2025-01-09,Turkey,B2B,Package,Couple,Supplier D,3,3005.09,2327.05,Completed,678.04,2025-01,0,2025,Jan,1
B1185,2025-01-13,Portugal,B2B,Hotel,Business,Supplier B,1,456.0,351.64,Confirmed,104.36,2025-01,0,2025,Jan,1
B1186,2026-05-01,Greece,B2B,Transfer,Family,Supplier A,1,100.44,73.14,Completed,27.3,2026-05,0,2026,May,5
B1187,2025-07-12,Egypt,B2C,Transfer,Couple,Supplier D,3,277.55,202.69,Completed,74.86,2025-07,0,2025,Jul,7
B1188,2025-01-31,UAE,B2C,Hotel,Family,Supplier A,2,919.93,736.19,Confirmed,183.74,2025-01,0,2025,Jan,1
B1189,2025-12-30,UAE,B2B,Hotel,Couple,Supplier D,3,2416.04,2107.9,Confirmed,308.14,2025-12,0,2025,Dec,12
B1190,2025-11-03,UAE,B2C,Flight,Business,Supplier B,1,321.65,276.46,Completed,45.19,2025-11,0,2025,Nov,11
B1191,2026-02-05,Egypt,B2B,Hotel,Leisure,Supplier E,2,1148.12,933.84,Confirmed,214.28,2026-02,0,2026,Feb,2
B1192,2025-07-12,Portugal,B2B,Flight,Couple,Supplier C,1,382.07,319.19,Confirmed,62.88,2025-07,0,2025,Jul,7
B1193,2025-06-25,Italy,B2C,Hotel,Couple,Supplier A,1,429.17,356.93,Completed,72.24,2025-06,0,2025,Jun,6
B1194,2025-07-23,Italy,B2B,Transfer,Business,Supplier B,1,143.36,104.13,Completed,39.23,2025-07,0,2025,Jul,7
B1195,2026-06-21,Italy,B2C,Transfer,Family,Supplier E,1,126.93,98.71,Confirmed,28.22,2026-06,0,2026,Jun,6
B1196,2025-06-25,UAE,B2B,Transfer,Business,Supplier A,1,98.73,85.37,Confirmed,13.36,2025-06,0,2025,Jun,6
B1197,2026-03-05,Portugal,B2B,Flight,Business,Supplier B,1,314.93,249.59,Confirmed,65.34,2026-03,0,2026,Mar,3
B1198,2025-11-14,Egypt,B2C,Transfer,Family,Supplier E,1,127.42,102.34,Confirmed,25.08,2025-11,0,2025,Nov,11
B1199,2026-05-30,Portugal,B2C,Package,Leisure,Supplier B,2,2433.88,2022.81,Confirmed,411.07,2026-05,0,2026,May,5
B1200,2025-03-07,Egypt,B2B,Hotel,Couple,Supplier D,2,1206.89,990.61,Completed,216.28,2025-03,0,2025,Mar,3
